
Format: Log Type - Time(microsec) - Message
Log type: B - since boot(excluding boot rom).  D - delta
B -    194193 - SBL1, Start
B -    199439 - scatterload_region && ram_init, Start
D -         0 - scatterload_region && ram_init, Delta
B -    216397 - pm_device_init, Start
D -     27328 - pm_device_init, Delta
B -    243847 - boot_flash_init, Start
D -     12474 - boot_flash_init, Delta
B -    256718 - boot_config_data_table_init, Start
D -    134932 - boot_config_data_table_init, Delta
B -    393236 - sbl1_ddr_set_params, Start
B -    395859 - Pre_DDR_clock_init, Start
D -       274 - Pre_DDR_clock_init, Delta
D -         0 - sbl1_ddr_set_params, Delta
B -    407205 - Detected Samsung SDRAM, Start
B -    411231 - Detected Samsung SDRAM, Start
B -    416630 - pm_driver_init, Start
D -     26535 - pm_driver_init, Delta
B -    444476 - clock_init, Start
D -       183 - clock_init, Delta
B -    447557 - Image Load, Start
B -    470279 - Tz Execution, Start
D -    184952 - Tz Execution, Delta
B -    663344 - Image Load, Start
B -    673745 - Signal PBL to Jump to RPM FW
B -    674019 - sbl1_wait_for_ddr_training, Start
D -     31903 - sbl1_wait_for_ddr_training, Delta
B -    710314 - Image Load, Start
B -    711351 - WDT Execution, Start
D -       213 - WDT Execution, Delta
B -    715682 - Image Load, Start
B -    736788 - sbl1_efs_handle_cookies, Start
D -       152 - sbl1_efs_handle_cookies, Delta
B -    738710 - RPM sync cookie updated
B -    742339 - SBL1, End
Android Bootloader - UART_DM Initialized!!!
[280] Not able to search the panel:
[450] Panel CMD: command mode dma test failed
[460] dsi panel init error
[530] Not able to search the panel:
[700] Panel CMD: command mode dma test failed
[700] dsi panel init error
[780] Not able to search the panel:
[980] Panel CMD: command mode dma test failed
[1030] Panel CMD: command mode dma test failed
[1100] Panel CMD: command mode dma test failed
[1160] Panel CMD: command mode dma test failed
[1230] Panel CMD: command mode dma test failed
[1300] Panel CMD: command mode dma test failed
[1360] Panel CMD: command mode dma test failed
[1430] Panel CMD: command mode dma test failed
[1500] Panel CMD: command mode dma test failed
[1600] Panel CMD: command mode dma test failed
[1700] dsi panel init error
[1710] Not able to search the panel:
[1770] Logo config doesn't match with fb config. Fall back default logo
[1820] Panel CMD: command mode dma test failed
[1820] dsi panel init error
[1840] partition misc doesn't exist
[1840] error in emmc_recovery_init
[1840] No 'misc' partition found
[1850] Error reading MISC partition
[1850] failed to get ffbm cookieAndroid Bootloader - UART_DM Initialized!!!
[0] welcome to lk

[0] SCM call: 0x2000601 failed with :fffffffc
[0] Failed to initialize SCM
[10] platform_init()
[10] target_init()
[10] Setting up SDC power and drive strength for slot 1
[10] Setting up SDC power and drive strength for slot 1
[30] MMC card: BWBC3R (0.2, 02 1998), manufacturer: 15, OEM: 100, capacity: 31268536320 bytes
[40] SDHC Running in HS200 mode
[40] Done initialization of the card
[50] lk2nd_init()
[50] Booted @ 0x8000, r0=0x0, r1=0x0, r2=0x1e00000
[50] Found valid DTB with 1746 bytes total
[60] Command line from previous bootloader: lk2nd androidboot.emmc=true androidboot.serialno=733bfccd androidboot.baseband=msm mdss_mdp.panel=0:dsi:0:
[70] Detected device: Fairphone 2 (compatible: fairphone,fp2)
[80] keys: 1 keymap overrides applied
[90] Skipping GDSC check for headless boot
[90] usbcon: started (dwc)
[90] 
=== lk2nd ===
[100] Press any key within 10 seconds for the lk2nd shell
[100] Booting in 10 ...  [1100] Booting in  9 ...  [2100] Booting in  8 ...  [3100] Booting in  7 ...  [4100] Booting in  6 ...  [5100] Booting in  5 ...  [6100] Booting in  4 ...  [7100] Booting in  3 ...  [8100] Booting in  2 ...  [9100] Booting in  1 ...  [10100] No key pressed -- continuing normal boot   

[10100] Registering wrapper bio devices...
[10110] Registering mmc_sdhci bio devices...
[10110] Selected SDC slot 2
[10120] Setting up SDC power and drive strength for slot 2
[10130] Error: Command timeout error
[10130] Failure getting OCR response from MMC Card
[10130] MMC card failed to respond, try for SD card
[10140] Error: Command timeout error
[10140] The response for CMD8 does not match the supplied value
[10150] Failed to initialize SD card
[10150] Failed detecting MMC/SDC @ slot2
[10150] SD card MMC is unavailable.
[10160] block devices:
[10160]  | dev        | label           | size       | Leaf |
[10160]  | wrp0p20    | lk2nd           |    512 KiB | Yes  |
[10170]  | wrp0p19p1  |                 |  26433 MiB | Yes  |
[10170]  | wrp0p19p0  |                 |    122 MiB | Yes  |
[10180]  | wrp0p19    | userdata        |  26555 MiB |      |
[10190]  | wrp0p18    | ssd             |      8 KiB | Yes  |
[10190]  | wrp0p17    | fsc             |      1 KiB | Yes  |
[10200]  | wrp0p16    | fsg             |      1 MiB | Yes  |
[10200]  | wrp0p15    | recovery        |     16 MiB | Yes  |
[10210]  | wrp0p14    | cache           |    640 MiB | Yes  |
[10210]  | wrp0p13    | persist         |     32 MiB | Yes  |
[10220]  | wrp0p12    | system          |   2048 MiB | Yes  |
[10220]  | wrp0p11    | modemst2        |      1 MiB | Yes  |
[10230]  | wrp0p10    | modemst1        |      1 MiB | Yes  |
[10230]  | wrp0p9     | pad             |   1024 KiB | Yes  |
[10240]  | wrp0p8     | tz              |    500 KiB | Yes  |
[10250]  | wrp0p7     | boot            |     15 MiB | Yes  |
[10250]  | wrp0p6     | rpm             |    500 KiB | Yes  |
[10260]  | wrp0p5     | splash          |     10 MiB | Yes  |
[10260]  | wrp0p4     | aboot           |   1024 KiB | Yes  |
[10270]  | wrp0p3     | DDR             |     32 KiB | Yes  |
[10270]  | wrp0p2     | dbi             |     32 KiB | Yes  |
[10280]  | wrp0p1     | sbl1            |    512 KiB | Yes  |
[10280]  | wrp0p0     | modem           |     64 MiB | Yes  |
[10290]  | wrp0       |                 |  29820 MiB |      |
[10290] boot: Trying to boot from the file system...
[10300] A/B boot offsets: A=0x100000, B=0x4100000
[10300] A/B boot: Failed to resolve base device 'userdata'
[10310] extlinux: Default label 'Buildroot' not found, using first label 'postmarketOS'
[10320] Trying to boot 'postmarketOS'
[10450] Updating device tree: start
[10460] Custom CPU enable-method detected, skipping SMP spin table
[10470] Updating device tree: done
[10470] booting linux @ 0x8000, ramdisk @ 0x251a000 (13522909), tags/device tree @ 0x231a000
[    0.000000] Booting Linux on physical CPU 0x0
[    0.000000] Linux version 6.18.40-citronics-lime-fp2-gaa55b1b242a1 (runner@runnervmvrwv9) (arm-linux-gnueabihf-gcc (Ubuntu 13.3.0-6ubuntu2~24.04.1) 13.3.0, GNU ld (GNU Binutils for Ubuntu) 2.42) #1 SMP PREEMPT Sun Jul 26 08:08:36 UTC 2026
[    0.000000] CPU: ARMv7 Processor [512f06f1] revision 1 (ARMv7), cr=10c5787d
[    0.000000] CPU: div instructions available: patching division code
[    0.000000] CPU: PIPT / VIPT nonaliasing data cache, PIPT instruction cache
[    0.000000] OF: fdt: Machine model: Fairphone 2
[    0.000000] earlycon: msm_serial_dm0 at MMIO 0xf991e000 (options '')
[    0.000000] printk: legacy bootconsole [msm_serial_dm0] enabled
[    0.000000] Memory policy: Data cache writealloc
[    0.000000] cma: Reserved 256 MiB at 0x70000000
[    0.000000] Zone ranges:
[    0.000000]   Normal   [mem 0x0000000000000000-0x000000002fffffff]
[    0.000000]   HighMem  [mem 0x0000000030000000-0x000000007fffffff]
[    0.000000] Movable zone start for each node
[    0.000000] Early memory node ranges
[    0.000000]   node   0: [mem 0x0000000000000000-0x0000000007ffffff]
[    0.000000]   node   0: [mem 0x0000000008000000-0x000000000fffffff]
[    0.000000]   node   0: [mem 0x0000000010000000-0x000000007fffffff]
[    0.000000] Initmem setup node 0 [mem 0x0000000000000000-0x000000007fffffff]
[    0.000000] OF: reserved mem: 0x08000000..0x0d0fffff (82944 KiB) nomap non-reusable mpss@8000000
[    0.000000] OF: reserved mem: 0x0d100000..0x0d1fffff (1024 KiB) nomap non-reusable mba@d100000
[    0.000000] OF: reserved mem: 0x0d200000..0x0dbfffff (10240 KiB) nomap non-reusable wcnss@d200000
[    0.000000] OF: reserved mem: 0x0dc00000..0x0f4fffff (25600 KiB) nomap non-reusable adsp@dc00000
[    0.000000] OF: reserved mem: 0x0f500000..0x0f9fffff (5120 KiB) nomap non-reusable memory@f500000
[    0.000000] OF: reserved mem: 0x0fa00000..0x0fbfffff (2048 KiB) nomap non-reusable smem@fa00000
[    0.000000] OF: reserved mem: 0x0fc00000..0x0fd5ffff (1408 KiB) nomap non-reusable memory@fc00000
[    0.000000] OF: reserved mem: 0x0fd60000..0x0fd7ffff (128 KiB) nomap non-reusable memory@fd60000
[    0.000000] OF: reserved mem: 0x0fd80000..0x0fefffff (1536 KiB) nomap non-reusable rmtfs@fd80000
[    0.000000] OF: reserved mem: 0x0ff00000..0x0fffffff (1024 KiB) nomap non-reusable ramoops@ff00000
[    0.000000] percpu: Embedded 19 pages/cpu s46796 r8192 d22836 u77824
[    0.000000] Kernel command line: earlycon=msm_serial_dm,0xf991e000 msm.vram=192m msm.allow_vram_carveout=1 fbcon=rotate:1 fbcon=font:TER16x32 rootfs=/dev/mmcblk0p20p2 bootpart=/dev/mmcblk0p20p1 resize_rootfs=1
[    0.000000] Unknown kernel command line parameters "rootfs=/dev/mmcblk0p20p2 bootpart=/dev/mmcblk0p20p1 resize_rootfs=1", will be passed to user space.
[    0.000000] printk: log buffer data + meta data: 131072 + 409600 = 540672 bytes
[    0.000000] Dentry cache hash table entries: 131072 (order: 7, 524288 bytes, linear)
[    0.000000] Inode-cache hash table entries: 65536 (order: 6, 262144 bytes, linear)
[    0.000000] Built 1 zonelists, mobility grouping on.  Total pages: 524288
[    0.000000] mem auto-init: stack:off, heap alloc:off, heap free:off
[    0.000000] SLUB: HWalign=64, Order=0-3, MinObjects=0, CPUs=4, Nodes=1
[    0.000000] ftrace: allocating 40844 entries in 120 pages
[    0.000000] ftrace: allocated 120 pages with 4 groups
[    0.000000] rcu: Preemptible hierarchical RCU implementation.
[    0.000000] 	Trampoline variant of Tasks RCU enabled.
[    0.000000] 	Rude variant of Tasks RCU enabled.
[    0.000000] 	Tracing variant of Tasks RCU enabled.
[    0.000000] rcu: RCU calculated value of scheduler-enlistment delay is 10 jiffies.
[    0.000000] RCU Tasks: Setting shift to 2 and lim to 1 rcu_task_cb_adjust=1 rcu_task_cpu_ids=4.
[    0.000000] RCU Tasks Rude: Setting shift to 2 and lim to 1 rcu_task_cb_adjust=1 rcu_task_cpu_ids=4.
[    0.000000] RCU Tasks Trace: Setting shift to 2 and lim to 1 rcu_task_cb_adjust=1 rcu_task_cpu_ids=4.
[    0.000000] NR_IRQS: 16, nr_irqs: 16, preallocated irqs: 16
[    0.000000] rcu: srcu_init: Setting srcu_struct sizes based on contention.
[    0.000000] clocksource: jiffies: mask: 0xffffffff max_cycles: 0xffffffff, max_idle_ns: 19112604462750000 ns
[    0.000000] arch_timer: cp15 timer running at 19.20MHz (virt).
[    0.000000] clocksource: arch_sys_counter: mask: 0xffffffffffffff max_cycles: 0x46d987e47, max_idle_ns: 440795202767 ns
[    0.000001] sched_clock: 56 bits at 19MHz, resolution 52ns, wraps every 4398046511078ns
[    0.010671] Switching to timer-based delay loop, resolution 52ns
[    0.018883] Console: colour dummy device 80x30
[    0.024908] printk: legacy console [tty0] enabled
[    0.029173] printk: legacy bootconsole [msm_serial_dm0] disabled
[    0.000000] Booting Linux on physical CPU 0x0
[    0.000000] Linux version 6.18.40-citronics-lime-fp2-gaa55b1b242a1 (runner@runnervmvrwv9) (arm-linux-gnueabihf-gcc (Ubuntu 13.3.0-6ubuntu2~24.04.1) 13.3.0, GNU ld (GNU Binutils for Ubuntu) 2.42) #1 SMP PREEMPT Sun Jul 26 08:08:36 UTC 2026
[    0.000000] CPU: ARMv7 Processor [512f06f1] revision 1 (ARMv7), cr=10c5787d
[    0.000000] CPU: div instructions available: patching division code
[    0.000000] CPU: PIPT / VIPT nonaliasing data cache, PIPT instruction cache
[    0.000000] OF: fdt: Machine model: Fairphone 2
[    0.000000] earlycon: msm_serial_dm0 at MMIO 0xf991e000 (options '')
[    0.000000] printk: legacy bootconsole [msm_serial_dm0] enabled
[    0.000000] Memory policy: Data cache writealloc
[    0.000000] cma: Reserved 256 MiB at 0x70000000
[    0.000000] Zone ranges:
[    0.000000]   Normal   [mem 0x0000000000000000-0x000000002fffffff]
[    0.000000]   HighMem  [mem 0x0000000030000000-0x000000007fffffff]
[    0.000000] Movable zone start for each node
[    0.000000] Early memory node ranges
[    0.000000]   node   0: [mem 0x0000000000000000-0x0000000007ffffff]
[    0.000000]   node   0: [mem 0x0000000008000000-0x000000000fffffff]
[    0.000000]   node   0: [mem 0x0000000010000000-0x000000007fffffff]
[    0.000000] Initmem setup node 0 [mem 0x0000000000000000-0x000000007fffffff]
[    0.000000] OF: reserved mem: 0x08000000..0x0d0fffff (82944 KiB) nomap non-reusable mpss@8000000
[    0.000000] OF: reserved mem: 0x0d100000..0x0d1fffff (1024 KiB) nomap non-reusable mba@d100000
[    0.000000] OF: reserved mem: 0x0d200000..0x0dbfffff (10240 KiB) nomap non-reusable wcnss@d200000
[    0.000000] OF: reserved mem: 0x0dc00000..0x0f4fffff (25600 KiB) nomap non-reusable adsp@dc00000
[    0.000000] OF: reserved mem: 0x0f500000..0x0f9fffff (5120 KiB) nomap non-reusable memory@f500000
[    0.000000] OF: reserved mem: 0x0fa00000..0x0fbfffff (2048 KiB) nomap non-reusable smem@fa00000
[    0.000000] OF: reserved mem: 0x0fc00000..0x0fd5ffff (1408 KiB) nomap non-reusable memory@fc00000
[    0.000000] OF: reserved mem: 0x0fd60000..0x0fd7ffff (128 KiB) nomap non-reusable memory@fd60000
[    0.000000] OF: reserved mem: 0x0fd80000..0x0fefffff (1536 KiB) nomap non-reusable rmtfs@fd80000
[    0.000000] OF: reserved mem: 0x0ff00000..0x0fffffff (1024 KiB) nomap non-reusable ramoops@ff00000
[    0.000000] percpu: Embedded 19 pages/cpu s46796 r8192 d22836 u77824
[    0.000000] Kernel command line: earlycon=msm_serial_dm,0xf991e000 msm.vram=192m msm.allow_vram_carveout=1 fbcon=rotate:1 fbcon=font:TER16x32 rootfs=/dev/mmcblk0p20p2 bootpart=/dev/mmcblk0p20p1 resize_rootfs=1
[    0.000000] Unknown kernel command line parameters "rootfs=/dev/mmcblk0p20p2 bootpart=/dev/mmcblk0p20p1 resize_rootfs=1", will be passed to user space.
[    0.000000] printk: log buffer data + meta data: 131072 + 409600 = 540672 bytes
[    0.000000] Dentry cache hash table entries: 131072 (order: 7, 524288 bytes, linear)
[    0.000000] Inode-cache hash table entries: 65536 (order: 6, 262144 bytes, linear)
[    0.000000] Built 1 zonelists, mobility grouping on.  Total pages: 524288
[    0.000000] mem auto-init: stack:off, heap alloc:off, heap free:off
[    0.000000] SLUB: HWalign=64, Order=0-3, MinObjects=0, CPUs=4, Nodes=1
[    0.000000] ftrace: allocating 40844 entries in 120 pages
[    0.000000] ftrace: allocated 120 pages with 4 groups
[    0.000000] rcu: Preemptible hierarchical RCU implementation.
[    0.000000] 	Trampoline variant of Tasks RCU enabled.
[    0.000000] 	Rude variant of Tasks RCU enabled.
[    0.000000] 	Tracing variant of Tasks RCU enabled.
[    0.000000] rcu: RCU calculated value of scheduler-enlistment delay is 10 jiffies.
[    0.000000] RCU Tasks: Setting shift to 2 and lim to 1 rcu_task_cb_adjust=1 rcu_task_cpu_ids=4.
[    0.000000] RCU Tasks Rude: Setting shift to 2 and lim to 1 rcu_task_cb_adjust=1 rcu_task_cpu_ids=4.
[    0.000000] RCU Tasks Trace: Setting shift to 2 and lim to 1 rcu_task_cb_adjust=1 rcu_task_cpu_ids=4.
[    0.000000] NR_IRQS: 16, nr_irqs: 16, preallocated irqs: 16
[    0.000000] rcu: srcu_init: Setting srcu_struct sizes based on contention.
[    0.000000] clocksource: jiffies: mask: 0xffffffff max_cycles: 0xffffffff, max_idle_ns: 19112604462750000 ns
[    0.000000] arch_timer: cp15 timer running at 19.20MHz (virt).
[    0.000000] clocksource: arch_sys_counter: mask: 0xffffffffffffff max_cycles: 0x46d987e47, max_idle_ns: 440795202767 ns
[    0.000001] sched_clock: 56 bits at 19MHz, resolution 52ns, wraps every 4398046511078ns
[    0.010671] Switching to timer-based delay loop, resolution 52ns
[    0.018883] Console: colour dummy device 80x30
[    0.024908] printk: legacy console [tty0] enabled
[    0.029173] printk: legacy bootconsole [msm_serial_dm0] disabled
[    0.033969] Calibrating delay loop (skipped), value calculated using timer frequency.. 38.40 BogoMIPS (lpj=192000)
[    0.034008] CPU: Testing write buffer coherency: ok
[    0.034069] pid_max: default: 32768 minimum: 301
[    0.034292] Mount-cache hash table entries: 2048 (order: 1, 8192 bytes, linear)
[    0.034328] Mountpoint-cache hash table entries: 2048 (order: 1, 8192 bytes, linear)
[    0.035579] CPU0: thread -1, cpu 0, socket 0, mpidr 80000000
[    0.035718] qcom_scm: convention: smc legacy
[    0.037555] Setting up static identity map for 0x100000 - 0x100060
[    0.037794] rcu: Hierarchical SRCU implementation.
[    0.037819] rcu: 	Max phase no-delay instances is 1000.
[    0.038258] Timer migration: 1 hierarchy levels; 8 children per group; 1 crossnode level
[    0.039423] smp: Bringing up secondary CPUs ...
[    0.040576] CPU1: thread -1, cpu 1, socket 0, mpidr 80000001
[    0.042168] CPU2: thread -1, cpu 2, socket 0, mpidr 80000002
[    0.043725] CPU3: thread -1, cpu 3, socket 0, mpidr 80000003
[    0.044182] smp: Brought up 1 node, 4 CPUs
[    0.044244] SMP: Total of 4 processors activated (153.60 BogoMIPS).
[    0.044272] CPU: All CPU(s) started in SVC mode.
[    0.044640] Memory: 1647296K/2097152K available (12288K kernel code, 1382K rwdata, 4588K rodata, 1024K init, 291K bss, 184292K reserved, 262144K cma-reserved, 1048576K highmem)
[    0.045306] devtmpfs: initialized
[    0.075098] VFP support v0.3: implementor 51 architecture 64 part 6f variant 2 rev 1
[    0.076152] posixtimers hash table entries: 2048 (order: 2, 16384 bytes, linear)
[    0.076231] futex hash table entries: 1024 (65536 bytes on 1 NUMA nodes, total 64 KiB, linear).
[    0.081395] pinctrl core: initialized pinctrl subsystem
[    0.083402] NET: Registered PF_NETLINK/PF_ROUTE protocol family
[    0.086231] DMA: preallocated 256 KiB pool for atomic coherent allocations
[    0.087924] thermal_sys: Registered thermal governor 'step_wise'
[    0.088059] cpuidle: using governor ladder
[    0.088165] cpuidle: using governor menu
[    0.088679] hw-breakpoint: found 5 (+1 reserved) breakpoint and 4 watchpoint registers.
[    0.088714] hw-breakpoint: maximum watchpoint size is 8 bytes.
[    0.154496] printk: legacy console [ramoops-1] enabled
[    0.164480] pstore: Registered ramoops as persistent store backend
[    0.164583] ramoops: using 0x100000@0xff00000, ecc: 16
[    0.180658] /soc/usb@f9a55000: Fixed dependency cycle(s) with /soc/usb@f9a55000/ulpi/phy-0
[    0.180861] /soc/usb@f9a55000/ulpi/phy-0: Fixed dependency cycle(s) with /soc/usb@f9a55000
[    0.181194] /soc/etf@fc307000: Fixed dependency cycle(s) with /soc/funnel@fc31b000
[    0.181390] /soc/etf@fc307000: Fixed dependency cycle(s) with /soc/replicator@fc31c000
[    0.181583] /soc/tpiu@fc318000: Fixed dependency cycle(s) with /soc/replicator@fc31c000
[    0.181802] /soc/funnel@fc31a000: Fixed dependency cycle(s) with /soc/funnel@fc31b000
[    0.182006] /soc/funnel@fc31a000: Fixed dependency cycle(s) with /soc/funnel@fc345000
[    0.182225] /soc/funnel@fc31b000: Fixed dependency cycle(s) with /soc/etf@fc307000
[    0.182379] /soc/funnel@fc31b000: Fixed dependency cycle(s) with /soc/funnel@fc31a000
[    0.182618] /soc/replicator@fc31c000: Fixed dependency cycle(s) with /soc/etf@fc307000
[    0.182802] /soc/replicator@fc31c000: Fixed dependency cycle(s) with /soc/tpiu@fc318000
[    0.182926] /soc/replicator@fc31c000: Fixed dependency cycle(s) with /soc/etr@fc322000
[    0.183180] /soc/etr@fc322000: Fixed dependency cycle(s) with /soc/replicator@fc31c000
[    0.183425] /soc/etm@fc33c000: Fixed dependency cycle(s) with /soc/funnel@fc345000
[    0.183611] /soc/etm@fc33d000: Fixed dependency cycle(s) with /soc/funnel@fc345000
[    0.183855] /soc/etm@fc33e000: Fixed dependency cycle(s) with /soc/funnel@fc345000
[    0.184100] /soc/etm@fc33f000: Fixed dependency cycle(s) with /soc/funnel@fc345000
[    0.184264] /soc/funnel@fc345000: Fixed dependency cycle(s) with /soc/funnel@fc31a000
[    0.184445] /soc/funnel@fc345000: Fixed dependency cycle(s) with /soc/etm@fc33f000
[    0.184624] /soc/funnel@fc345000: Fixed dependency cycle(s) with /soc/etm@fc33e000
[    0.184747] /soc/funnel@fc345000: Fixed dependency cycle(s) with /soc/etm@fc33d000
[    0.184928] /soc/funnel@fc345000: Fixed dependency cycle(s) with /soc/etm@fc33c000
[    0.194199] /soc/usb@f9a55000: Fixed dependency cycle(s) with /soc/usb@f9a55000/ulpi/phy-0
[    0.194460] /soc/usb@f9a55000/ulpi/phy-0: Fixed dependency cycle(s) with /soc/usb@f9a55000
[    0.195917] /soc/etf@fc307000: Fixed dependency cycle(s) with /soc/funnel@fc31b000
[    0.196120] /soc/etf@fc307000: Fixed dependency cycle(s) with /soc/replicator@fc31c000
[    0.196528] /soc/tpiu@fc318000: Fixed dependency cycle(s) with /soc/replicator@fc31c000
[    0.196852] /soc/funnel@fc31a000: Fixed dependency cycle(s) with /soc/funnel@fc31b000
[    0.197067] /soc/funnel@fc31a000: Fixed dependency cycle(s) with /soc/funnel@fc345000
[    0.197446] /soc/funnel@fc31a000: Fixed dependency cycle(s) with /soc/funnel@fc31b000
[    0.197709] /soc/etf@fc307000: Fixed dependency cycle(s) with /soc/funnel@fc31b000
[    0.198013] /soc/funnel@fc31b000: Fixed dependency cycle(s) with /soc/etf@fc307000
[    0.198323] /soc/funnel@fc31b000: Fixed dependency cycle(s) with /soc/funnel@fc31a000
[    0.198774] /soc/tpiu@fc318000: Fixed dependency cycle(s) with /soc/replicator@fc31c000
[    0.199065] /soc/etf@fc307000: Fixed dependency cycle(s) with /soc/replicator@fc31c000
[    0.199389] /soc/replicator@fc31c000: Fixed dependency cycle(s) with /soc/etf@fc307000
[    0.199707] /soc/replicator@fc31c000: Fixed dependency cycle(s) with /soc/tpiu@fc318000
[    0.199926] /soc/replicator@fc31c000: Fixed dependency cycle(s) with /soc/etr@fc322000
[    0.200275] /soc/replicator@fc31c000: Fixed dependency cycle(s) with /soc/etr@fc322000
[    0.200613] /soc/etr@fc322000: Fixed dependency cycle(s) with /soc/replicator@fc31c000
[    0.201052] /soc/etm@fc33c000: Fixed dependency cycle(s) with /soc/funnel@fc345000
[    0.201462] /soc/etm@fc33d000: Fixed dependency cycle(s) with /soc/funnel@fc345000
[    0.201871] /soc/etm@fc33e000: Fixed dependency cycle(s) with /soc/funnel@fc345000
[    0.202213] /soc/etm@fc33f000: Fixed dependency cycle(s) with /soc/funnel@fc345000
[    0.202633] /soc/etm@fc33f000: Fixed dependency cycle(s) with /soc/funnel@fc345000
[    0.202984] /soc/etm@fc33e000: Fixed dependency cycle(s) with /soc/funnel@fc345000
[    0.203266] /soc/etm@fc33d000: Fixed dependency cycle(s) with /soc/funnel@fc345000
[    0.203604] /soc/etm@fc33c000: Fixed dependency cycle(s) with /soc/funnel@fc345000
[    0.203905] /soc/funnel@fc31a000: Fixed dependency cycle(s) with /soc/funnel@fc345000
[    0.204163] /soc/funnel@fc345000: Fixed dependency cycle(s) with /soc/funnel@fc31a000
[    0.204380] /soc/funnel@fc345000: Fixed dependency cycle(s) with /soc/etm@fc33f000
[    0.204655] /soc/funnel@fc345000: Fixed dependency cycle(s) with /soc/etm@fc33e000
[    0.204929] /soc/funnel@fc345000: Fixed dependency cycle(s) with /soc/etm@fc33d000
[    0.205150] /soc/funnel@fc345000: Fixed dependency cycle(s) with /soc/etm@fc33c000
[    0.220034] kprobes: kprobe jump-optimization is enabled. All kprobes are optimized if possible.
[    0.223982] iommu: Default domain type: Translated
[    0.224090] iommu: DMA domain TLB invalidation policy: strict mode
[    0.234615] SCSI subsystem initialized
[    0.235346] usbcore: registered new interface driver usbfs
[    0.235524] usbcore: registered new interface driver hub
[    0.235737] usbcore: registered new device driver usb
[    0.237103] Advanced Linux Sound Architecture Driver Initialized.
[    0.238890] clocksource: Switched to clocksource arch_sys_counter
[    0.402673] NET: Registered PF_INET protocol family
[    0.403180] IP idents hash table entries: 16384 (order: 5, 131072 bytes, linear)
[    0.405829] tcp_listen_portaddr_hash hash table entries: 512 (order: 0, 4096 bytes, linear)
[    0.406182] Table-perturb hash table entries: 65536 (order: 6, 262144 bytes, linear)
[    0.406431] TCP established hash table entries: 8192 (order: 3, 32768 bytes, linear)
[    0.406713] TCP bind hash table entries: 8192 (order: 5, 131072 bytes, linear)
[    0.407037] TCP: Hash tables configured (established 8192 bind 8192)
[    0.407357] UDP hash table entries: 512 (order: 3, 28672 bytes, linear)
[    0.407544] UDP-Lite hash table entries: 512 (order: 3, 28672 bytes, linear)
[    0.408016] NET: Registered PF_UNIX/PF_LOCAL protocol family
[    0.408704] Trying to unpack rootfs image as initramfs...
[    0.410598] Initialise system trusted keyrings
[    0.411081] workingset: timestamp_bits=14 max_order=19 bucket_order=5
[    0.592114] Key type asymmetric registered
[    0.592276] Asymmetric key parser 'x509' registered
[    0.592602] Block layer SCSI generic (bsg) driver version 0.4 loaded (major 246)
[    0.593040] io scheduler mq-deadline registered
[    0.593264] io scheduler kyber registered
[    0.602102] ------------[ cut here ]------------
[    0.602267] WARNING: CPU: 0 PID: 1 at drivers/clk/qcom/clk-hfpll.c:101 __clk_hfpll_enable+0x1e0/0x1e8
[    0.602398] hfpll1 failed to lock in 200 us (L_VAL 0)
[    0.602553] Modules linked in:
[    0.602660] CPU: 0 UID: 0 PID: 1 Comm: swapper/0 Not tainted 6.18.40-citronics-lime-fp2-gaa55b1b242a1 #1 PREEMPT 
[    0.602676] Hardware name: Generic DT based system
[    0.602683] Call trace: 
[    0.602692] [<c01018d8>] (unwind_backtrace) from [<c0118870>] (show_stack+0x18/0x1c)
[    0.602721] [<c0118870>] (show_stack) from [<c010d0c8>] (dump_stack_lvl+0x50/0x64)
[    0.602743] [<c010d0c8>] (dump_stack_lvl) from [<c012e574>] (__warn+0x84/0x154)
[    0.602769] [<c012e574>] (__warn) from [<c012e76c>] (warn_slowpath_fmt+0x128/0x1bc)
[    0.602792] [<c012e76c>] (warn_slowpath_fmt) from [<c06557a8>] (__clk_hfpll_enable+0x1e0/0x1e8)
[    0.602823] [<c06557a8>] (__clk_hfpll_enable) from [<c06559b0>] (clk_hfpll_enable+0x90/0x98)
[    0.602853] [<c06559b0>] (clk_hfpll_enable) from [<c063fa00>] (clk_core_enable+0x74/0x1e4)
[    0.602880] [<c063fa00>] (clk_core_enable) from [<c063f9dc>] (clk_core_enable+0x50/0x1e4)
[    0.602899] [<c063f9dc>] (clk_core_enable) from [<c063fb98>] (clk_enable+0x28/0x3c)
[    0.602917] [<c063fb98>] (clk_enable) from [<c065873c>] (krait_add_clks+0x4fc/0x614)
[    0.602936] [<c065873c>] (krait_add_clks) from [<c0658908>] (krait_cc_probe+0xb4/0x330)
[    0.602952] [<c0658908>] (krait_cc_probe) from [<c07aa380>] (platform_probe+0x64/0x98)
[    0.602975] [<c07aa380>] (platform_probe) from [<c07a7474>] (really_probe+0xd8/0x3ac)
[    0.603006] [<c07a7474>] (really_probe) from [<c07a77e8>] (__driver_probe_device+0xa0/0x208)
[    0.603037] [<c07a77e8>] (__driver_probe_device) from [<c07a7a28>] (driver_probe_device+0x38/0xc8)
[    0.603068] [<c07a7a28>] (driver_probe_device) from [<c07a7cac>] (__driver_attach+0xe0/0x1b8)
[    0.603100] [<c07a7cac>] (__driver_attach) from [<c07a4f88>] (bus_for_each_dev+0x78/0xc8)
[    0.603130] [<c07a4f88>] (bus_for_each_dev) from [<c07a648c>] (bus_add_driver+0xf8/0x21c)
[    0.603158] [<c07a648c>] (bus_add_driver) from [<c07a8ca0>] (driver_register+0x84/0x11c)
[    0.603181] [<c07a8ca0>] (driver_register) from [<c010ea34>] (do_one_initcall+0x3c/0x254)
[    0.603203] [<c010ea34>] (do_one_initcall) from [<c1201480>] (kernel_init_freeable+0x20c/0x278)
[    0.603227] [<c1201480>] (kernel_init_freeable) from [<c0c5b500>] (kernel_init+0x24/0x140)
[    0.603246] [<c0c5b500>] (kernel_init) from [<c010014c>] (ret_from_fork+0x14/0x28)
[    0.603263] Exception stack(0xf0819fb0 to 0xf0819ff8)
[    0.603274] 9fa0:                                     00000000 00000000 00000000 00000000
[    0.603284] 9fc0: 00000000 00000000 00000000 00000000 00000000 00000000 00000000 00000000
[    0.603293] 9fe0: 00000000 00000000 00000000 00000000 00000013 00000000
[    0.603301] ---[ end trace 0000000000000000 ]---
[    0.608133] L2 @ 729600 KHz
[    0.608659] CPU0 @ 960000 KHz
[    0.609025] CPU1 @ 960000 KHz
[    0.609289] CPU2 @ 960000 KHz
[    0.609556] CPU3 @ 960000 KHz
[    0.701935] msm_serial: driver initialized
[    0.732122] brd: module loaded
[    0.741419] loop: module loaded
[    0.742166] SCSI Media Changer driver v0.25 
[    0.743087] spmi_pmic_arb fc4cf000.spmi: PMIC arbiter version v1 (0x20000002)
[    0.758873] /soc/spmi@fc4cf000/pm8941@1/regulators: Fixed dependency cycle(s) with /soc/spmi@fc4cf000/pm8941@1/regulators/s4
[    0.762146] SLIP: version 0.8.4-NET3.019-NEWTTY (dynamic channels, max=256) (6 bit encapsulation enabled).
[    0.762316] CSLIP: code copyright 1989 Regents of the University of California.
[    0.764429] usbcore: registered new interface driver cdc_acm
[    0.764531] cdc_acm: USB Abstract Control Model driver for USB modems and ISDN adapters
[    0.767138] UDC core: g_ether: couldn't find an available UDC
[    0.769768] rtc-pm8xxx fc4cf000.spmi:pm8941@0:rtc@6000: registered as rtc0
[    0.769919] rtc-pm8xxx fc4cf000.spmi:pm8941@0:rtc@6000: setting system clock to 1970-01-01T00:07:15 UTC (435)
[    0.770211] i2c_dev: i2c /dev entries driver
[    0.771384] qcom-pon fc4cf000.spmi:pm8941@0:pon@800: pon=0x80 warm_reset=0x0002 poff=0x0000
[    0.771556] qcom-pon fc4cf000.spmi:pm8941@0:pon@800: power-on: KPD (power key)
[    0.771719] qcom-pon fc4cf000.spmi:pm8941@0:pon@800: previous power-off: none (0x00)
[    0.777036] device-mapper: ioctl: 4.50.0-ioctl (2025-04-28) initialised: dm-devel@lists.linux.dev
[    0.778830] sdhci: Secure Digital Host Controller Interface driver
[    0.779029] sdhci: Copyright(c) Pierre Ossman
[    0.779130] sdhci-pltfm: SDHCI platform and OF driver helper
[    0.780184] clocksource: arch_mmio_counter: mask: 0xffffffffffffff max_cycles: 0x46d987e47, max_idle_ns: 440795202767 ns
[    0.780363] arch-timer-mmio f9020000.timer: mmio timer running at 19.20MHz (virt)
[    0.780945] hid: raw HID events driver (C) Jiri Kosina
[    0.781277] usbcore: registered new interface driver usbhid
[    0.781377] usbhid: USB HID core driver
[    0.783660] hw perfevents: enabled with armv7_krait PMU driver, 5 (8000000f) counters available
[    0.789579] Initializing XFRM netlink socket
[    0.789864] NET: Registered PF_INET6 protocol family
[    0.791388] Segment Routing with IPv6
[    0.791548] In-situ OAM (IOAM) with IPv6
[    0.791782] NET: Registered PF_PACKET protocol family
[    0.791896] NET: Registered PF_KEY protocol family
[    0.792055] 8021q: 802.1Q VLAN Support v1.8
[    0.792235] Key type dns_resolver registered
[    0.792518] Registering SWP/SWPB emulation handler
[    0.808801] Loading compiled-in X.509 certificates
[    0.829063] qcom-rpm-proc remoteproc: Failed to create device link (0x180) with supplier vreg-boost for /remoteproc/smd-edge/rpm-requests/regulators-1
[    0.832021] qcom-smsm smsm: mbox_request_channel: can't parse "mboxes" property
[    0.832231] qcom-smsm smsm: mbox_request_channel: can't parse "mboxes" property
[    0.837045] s4: Bringing 5100000uV into 5000000-5000000uV
[    0.855458] qcom-smbb fc4cf000.spmi:pm8941@0:charger@1000: Initializing SMBB rev 3
[    0.863687] s1: Bringing 0uV into 675000-675000uV
[    0.864334] s3: Bringing 0uV into 1050000-1050000uV
[    0.864799] s1: Bringing 0uV into 1300000-1300000uV
[    0.865522] s2: Bringing 0uV into 2150000-2150000uV
[    0.866288] s3: Bringing 0uV into 1800000-1800000uV
[    0.866993] l1: Bringing 0uV into 1225000-1225000uV
[    0.867608] l2: Bringing 0uV into 1200000-1200000uV
[    0.868311] l3: Bringing 0uV into 1225000-1225000uV
[    0.869435] l4: Bringing 0uV into 1225000-1225000uV
[    0.870143] l5: Bringing 0uV into 1800000-1800000uV
[    0.871011] l6: Bringing 0uV into 1800000-1800000uV
[    0.871780] l7: Bringing 0uV into 1800000-1800000uV
[    0.872309] l8: Bringing 0uV into 1800000-1800000uV
[    0.872969] l9: Bringing 0uV into 1800000-1800000uV
[    0.873639] l10: Bringing 0uV into 1800000-1800000uV
[    0.874303] l11: Bringing 0uV into 1225000-1225000uV
[    0.875103] l12: Bringing 0uV into 1800000-1800000uV
[    0.875777] l13: Bringing 0uV into 1800000-1800000uV
[    0.876433] l14: Bringing 0uV into 1800000-1800000uV
[    0.877116] l15: Bringing 0uV into 2050000-2050000uV
[    0.877848] l16: Bringing 0uV into 2700000-2700000uV
[    0.878514] l17: Bringing 0uV into 2850000-2850000uV
[    0.879191] l18: Bringing 0uV into 2850000-2850000uV
[    0.879943] l19: Bringing 0uV into 2900000-2900000uV
[    0.880730] l20: Bringing 0uV into 2950000-2950000uV
[    0.881470] l21: Bringing 0uV into 2950000-2950000uV
[    0.882158] l22: Bringing 0uV into 3000000-3000000uV
[    0.882774] l23: Bringing 0uV into 3000000-3000000uV
[    0.883508] l24: Bringing 0uV into 3075000-3075000uV
[    0.960026] ocmem fdd00000.sram: 8 ports, 3 regions, 24 macros, interleaved
[    0.960638] msm_serial f991e000.serial: msm_serial: detected port #0
[    0.960839] msm_serial f991e000.serial: uartclk = 7372800
[    0.961362] f991e000.serial: ttyMSM0 at MMIO 0xf991e000 (irq = 57, base_baud = 460800) is a MSM
[    0.961532] msm_serial: console setup on port #0
[    0.961700] printk: legacy console [ttyMSM0] enabled
[    1.140623] Freeing initrd memory: 13208K
[    2.932172] g_ether gadget.0: HOST MAC 6e:03:56:a1:e5:17
[    2.932645] g_ether gadget.0: MAC 52:06:77:26:16:5b
[    2.937042] g_ether gadget.0: Ethernet Gadget, version: Memorial Day 2008
[    2.941791] g_ether gadget.0: g_ether ready
[    2.949218] ci_hdrc ci_hdrc.0: EHCI Host Controller
[    2.952996] ci_hdrc ci_hdrc.0: new USB bus registered, assigned bus number 1
[    2.959812] l24: voltage operation not allowed
[    2.978984] ci_hdrc ci_hdrc.0: USB 2.0 started, EHCI 1.00
[    2.979433] usb usb1: New USB device found, idVendor=1d6b, idProduct=0002, bcdDevice= 6.18
[    2.983456] usb usb1: New USB device strings: Mfr=3, Product=2, SerialNumber=1
[    2.991633] usb usb1: Product: EHCI Host Controller
[    2.998811] usb usb1: Manufacturer: Linux 6.18.40-citronics-lime-fp2-gaa55b1b242a1 ehci_hcd
[    3.003578] usb usb1: SerialNumber: ci_hdrc.0
[    3.013134] hub 1-0:1.0: USB hub found
[    3.016443] hub 1-0:1.0: 1 port detected
[    3.023689] i2c_qup f9924000.i2c: using default clock-frequency 100000
[    3.024139] i2c_qup f9924000.i2c: 
[    3.024139]  tx channel not available
[    3.040395] input: gpio-keys as /devices/platform/gpio-keys/input/input0
[    3.045011] clk: Disabling unused clocks
[    3.047822] PM: genpd: Disabling unused power domains
[    3.054678] ALSA device list:
[    3.05[    3.082021] mmc0: SDHCI controller on f9824900.mmc [f9824900.mmc] using ADMA 64-bit
[    3.082105] mmc1: SDHCI controller on f98a4900.mmc [f98a4900.mmc] using ADMA
[    3.104968] Freeing unused kernel image (initmem) memory: 1024K
[    3.105944] Run /init as init process
[    3.157118] mmc0: new HS200 MMC card at address 0001
[    3.159341] mmcblk0: mmc0:0001 BWBC3R 29.1 GiB
[    3.167953]  mmcblk0: p1 p2 p3 p4 p5 p6 p7 p8 p9 p10 p11 p12 p13 p14 p15 p16 p17 p18 p19 p20
[    3.179446] mmcblk0boot0: mmc0:0001 BWBC3R 4.00 MiB
[    3.185408] mmcblk0boot1: mmc0:0001 BWBC3R 4.00 MiB
[    3.189959] mmcblk0rpmb: mmc0:0001 BWBC3R 4.00 MiB, chardev (240:0)
[    3.227670] [Citronics] Setup firmware path...
[    3.228790] [Citronics] Launch mdev...
[    3.289045] usb 1-1: new high-speed USB device number 2 using ci_hdrc
[    3.470047] usb 1-1: New USB device found, idVendor=0424, idProduct=9514, bcdDevice= 2.00
[    3.470546] usb 1-1: New USB device strings: Mfr=0, Product=0, SerialNumber=0
[    3.483492] hub 1-1:1.0: USB hub found
[    3.485033] hub 1-1:1.0: 5 ports detected
[    3.669660] [Citronics] Load relevant modules....
modprobe: ERROR: missing parameters. See -h.
[    3.708286] [Citronics] Kill mdev since it's not needed anymore...
[    3.744230] [Citronics] Attempting to map and if needed, resize rootfs partition...
[    3.790332] [Citronics] Waiting for rootfs device: /dev/mmcblk0p20
[    3.796616] [Citronics] Found rootfs device: /dev/mmcblk0p20
[    3.800805] usb 1-1.1: new high-speed USB device number 3 using ci_hdrc
[    3.875686] [Citronics] No resizing needed for root partition /dev/mapper/mmcblk0p20p2
[    3.920288] usb 1-1.1: New USB device found, idVendor=0424, idProduct=ec00, bcdDevice= 2.00
[    3.920806] usb 1-1.1: New USB device strings: Mfr=0, Product=0, SerialNumber=0
[    3.922146] [Citronics] Creating subpartition symlinks for /dev/mmcblk0p20
[    3.957950] [Citronics] Mounting rootfs partition...
[    4.448819] EXT4-fs (dm-1): recovery complete
[    4.450990] EXT4-fs (dm-1): mounted filesystem 608e8df4-d32e-4975-b29e-8819a9f1c13f r/w with ordered data mode. Quota mode: disabled.
[    4.483768] [Citronics] Mounting boot partition...
[    4.516094] EXT4-fs (dm-0): warning: mounting unchecked fs, running e2fsck is recommended
[    4.520697] EXT4-fs (dm-0): mounted filesystem 4d9c3613-6c4f-496a-9d3d-1431338c68f2 r/w without journal. Quota mode: disabled.
[    4.525298] [Citronics] Switching to /sysroot
[    4.848258] systemd[1]: System time advanced to timestamp on /var/lib/systemd/timesync/clock: Sun 2026-07-26 15:35:05 UTC
P+q6E616D65\[    5.237379] systemd[1]: Inserted module 'autofs4'
[6n[32766;32766H[6n[!p]104\[0m[?7h[1G[0J[    5.709310] systemd[1]: systemd 259.5-0ubuntu3 running in system mode (+PAM +AUDIT +SELINUX +APPARMOR +IMA +IPE +SMACK +SECCOMP +GCRYPT -GNUTLS +OPENSSL +ACL +BLKID +CURL +ELFUTILS +FIDO2 +IDN2 -IDN +KMOD +LIBCRYPTSETUP +LIBCRYPTSETUP_PLUGINS +LIBFDISK +PCRE2 +PWQUALITY +P11KIT +QRENCODE +TPM2 +BZIP2 +LZ4 +XZ +ZLIB +ZSTD -BPF_FRAMEWORK -BTF -XKBCOMMON -UTMP +SYSVINIT +LIBARCHIVE)
[    5.720658] systemd[1]: Detected architecture arm.

[0;1;39mWelcome to [0m[1mUbuntu 26.04 LTS[0m[0;1;39m![0m

[    5.784625] systemd[1]: Hostname set to <citronics>.
]3008;start=558f64a7b28d44588ac3f4ddcb5c053d;user=root;hostname=citronics;machineid=65a6dc17f6f2412b95babe5a55e3efdd;bootid=21aee2a196954efabd3056211d088886;pid=1;pidfdid=2;comm=systemd;type=boot\[    6.735624] systemd[1]: Queued start job for default target graphical.target.
[    6.821240] systemd[1]: Unnecessary job was removed for dev-mmcblk0p20p1.device - /dev/mmcblk0p20p1.
[    6.826470] systemd[1]: Created slice system-getty.slice - Slice /system/getty.
[[0;32m  OK  [0m] Created slice [0;1;39msystem-getty.slice[0m - Slice /system/getty.
[    6.861120] systemd[1]: Created slice system-modprobe.slice - Slice /system/modprobe.
[[0;32m  OK  [0m] Created slice [0;1;39msystem-modprobe.slice[0m - Slice /system/modprobe.
[    6.891167] systemd[1]: Created slice system-serial\x2dgetty.slice - Slice /system/serial-getty.
[[0;32m  OK  [0m] Created slice [0;1;39msystem-serial\x2dget…slice[0m - Slice /system/serial-getty.
[    6.921575] systemd[1]: Created slice system-systemd\x2dfsck.slice - Slice /system/systemd-fsck.
[[0;32m  OK  [0m] Created slice [0;1;39msystem-systemd\x2dfs…slice[0m - Slice /system/systemd-fsck.
[    6.950558] systemd[1]: Created slice user.slice - User and Session Slice.
[[0;32m  OK  [0m] Created slice [0;1;39muser.slice[0m - User and Session Slice.
[    6.979646] systemd[1]: Started systemd-ask-password-console.path - Dispatch Password Requests to Console Directory Watch.
[[0;32m  OK  [0m] Started [0;1;39msystemd-ask-password-conso…[0mequests to Console Directory Watch.
[    7.009390] systemd[1]: Started systemd-ask-password-wall.path - Forward Password Requests to Wall Directory Watch.
[[0;32m  OK  [0m] Started [0;1;39msystemd-ask-password-wall.…[0md Requests to Wall Directory Watch.
[    7.040169] systemd[1]: Set up automount proc-sys-fs-binfmt_misc.automount - Arbitrary Executable File Formats File System Automount Point.
[[0;32m  OK  [0m] Set up automount [0;1;39mproc-sys-fs-binfm…[0mormats File System Automount Point.
[    7.069195] systemd[1]: Expecting device dev-disk-by\x2duuid-4d9c3613\x2d6c4f\x2d496a\x2d9d3d\x2d1431338c68f2.device - /dev/disk/by-uuid/4d9c3613-6c4f-496a-9d3d-1431338c68f2...
         Expecting device [0;1;39mdev-disk-by\x2duu…[0m3613-6c4f-496a-9d3d-1431338c68f2...
[    7.109158] systemd[1]: Expecting device dev-ttyMSM0.device - /dev/ttyMSM0...
         Expecting device [0;1;39mdev-ttyMSM0.device[0m - /dev/ttyMSM0...
[    7.139329] systemd[1]: Reached target imports.target - Image Downloads.
[[0;32m  OK  [0m] Reached target [0;1;39mimports.target[0m - Image Downloads.
[    7.169725] systemd[1]: Reached target paths.target - Path Units.
[[0;32m  OK  [0m] Reached target [0;1;39mpaths.target[0m - Path Units.
[    7.199409] systemd[1]: Reached target remote-fs.target - Remote File Systems.
[[0;32m  OK  [0m] Reached target [0;1;39mremote-fs.target[0m - Remote File Systems.
[    7.229538] systemd[1]: Reached target slices.target - Slice Units.
[[0;32m  OK  [0m] Reached target [0;1;39mslices.target[0m - Slice Units.
[    7.259964] systemd[1]: Reached target swap.target - Swaps.
[[0;32m  OK  [0m] Reached target [0;1;39mswap.target[0m - Swaps.
[    7.325212] systemd[1]: Listening on systemd-ask-password.socket - Query the User Interactively for a Password.
[[0;32m  OK  [0m] Listening on [0;1;39msystemd-ask-password.…[0m User Interactively for a Password.
[    7.381960] systemd[1]: Listening on systemd-creds.socket - Credential Encryption/Decryption.
[[0;32m  OK  [0m] Listening on [0;1;39msystemd-creds.socket[0m - Credential Encryption/Decryption.
[    7.456141] systemd[1]: Listening on systemd-factory-reset.socket - Factory Reset Management.
[[0;32m  OK  [0m] Listening on [0;1;39msystemd-factory-reset.socket[0m - Factory Reset Management.
[    7.491431] systemd[1]: Listening on systemd-journald-dev-log.socket - Journal Socket (/dev/log).
[[0;32m  OK  [0m] Listening on [0;1;39msystemd-journald-dev-…socket[0m - Journal Socket (/dev/log).
[    7.521173] systemd[1]: Listening on systemd-journald.socket - Journal Sockets.
[[0;32m  OK  [0m] Listening on [0;1;39msystemd-journald.socket[0m - Journal Sockets.
[    7.588524] systemd[1]: Listening on systemd-mute-console.socket - Console Output Muting Service Socket.
[[0;32m  OK  [0m] Listening on [0;1;39msystemd-mute-console.…[0mnsole Output Muting Service Socket.
[    7.619663] systemd[1]: systemd-pcrextend.socket - TPM PCR Measurements skipped, unmet condition check ConditionSecurity=measured-uki
[    7.620528] systemd[1]: systemd-pcrlock.socket - Make TPM PCR Policy skipped, unmet condition check ConditionSecurity=measured-uki
[    7.632924] systemd[1]: Listening on systemd-resolved-monitor.socket - Resolve Monitor Varlink Socket.
[[0;32m  OK  [0m] Listening on [0;1;39msystemd-resolved-moni…t[0m - Resolve Monitor Varlink Socket.
[    7.670850] systemd[1]: Listening on systemd-resolved-varlink.socket - Resolve Service Varlink Socket.
[[0;32m  OK  [0m] Listening on [0;1;39msystemd-resolved-varl…t[0m - Resolve Service Varlink Socket.
[    7.701086] systemd[1]: Listening on systemd-udevd-control.socket - udev Control Socket.
[[0;32m  OK  [0m] Listening on [0;1;39msystemd-udevd-control.socket[0m - udev Control Socket.
[    7.730637] systemd[1]: Listening on systemd-udevd-kernel.socket - udev Kernel Socket.
[[0;32m  OK  [0m] Listening on [0;1;39msystemd-udevd-kernel.socket[0m - udev Kernel Socket.
[    7.760687] systemd[1]: Listening on systemd-udevd-varlink.socket - udev Varlink Socket.
[[0;32m  OK  [0m] Listening on [0;1;39msystemd-udevd-varlink.socket[0m - udev Varlink Socket.
[    7.791531] systemd[1]: dev-hugepages.mount - Huge Pages File System skipped, unmet condition check ConditionPathExists=/sys/kernel/mm/hugepages
[    7.805567] systemd[1]: Mounting dev-mqueue.mount - POSIX Message Queue File System...
         Mounting [0;1;39mdev-mqueue.mount[0m - POSIX Message Queue File System...
[    7.841975] systemd[1]: Mounting sys-kernel-debug.mount - Kernel Debug File System...
         Mounting [0;1;39msys-kernel-debug.mount[0m - Kernel Debug File System...
[    7.881936] systemd[1]: Mounting sys-kernel-tracing.mount - Kernel Trace File System...
         Mounting [0;1;39msys-kernel-tracing.mount[0m - Kernel[    7.885517] systemd[1]: tmp.mount: x-systemd.graceful-option=usrquota specified, but option is not available, suppressing.
 Trace File System...
[    7.946634] systemd[1]: Mounting tmp.mount - Temporary Directory /tmp...
         Mounting [0;1;39mtmp.mount[0m - Temporary Directory /tmp...
[    8.011299] systemd[1]: Starting systemd-journald.service - Journal Service...
         Starting [0;1;39msystemd-journald.service[0m - Journal Service...
[    8.050806] systemd[1]: Starting fake-hwclock-load.service - Restore the current clock...
         Starting [0;1;39mfake-hwclock-load.service[0m - Restore the current clock...
[    8.072221] systemd[1]: Starting kmod-static-nodes.service - Create List of Static Device Nodes...
         Starting [0;1;39mkmod-static-nodes.service[0m…eate List of Static Device Nodes...
[    8.119546] systemd[1]: modprobe@configfs.service - Load Kernel Module configfs skipped, unmet condition check ConditionKernelModuleLoaded=!configfs
[    8.127344] systemd[1]: Mounting sys-kernel-config.mount - Kernel Configuration File System...
         Mounting [0;1;39msys-kernel-config.mount[0m - Kernel Configuration File System...
[    8.169859] systemd[1]: modprobe@drm.service - Load Kernel Module drm skipped, unmet condition check ConditionKernelModuleLoaded=!drm
[    8.187114] systemd[1]: Starting modprobe@efi_pstore.service - Load Kernel Module efi_pstore...
         Starting [0;1;39mmodprobe@efi_pstore.servi…[0m - Load Kernel Module efi_pstore...
[    8.256729] systemd[1]: Starting modprobe@fuse.service - Load Kernel Module fuse...
         Starting [0;1;39mmodprobe@fuse.service[0m - Load Kernel Module fuse...
[    8.282086] systemd[1]: systemd-hibernate-clear.service - Clear Stale Hibernate Storage Info skipped, unmet condition check ConditionPathExists=/sys/firmware/efi/efivars/HibernateLocation-8cf2644b-4b0b-428f-9387-6d876050dc67
[    8.298982] systemd[1]: Starting systemd-modules-load.service - Load Kernel Modules...
         Starting [0;1;39msystemd-modules-load.service[0m - Load Kernel Modules...
[    8.347351] systemd-journald[185]: Collecting audit messages is disabled.
[    8.370048] systemd[1]: systemd-pcrmachine.service - TPM PCR Machine ID Measurement skipped, unmet condition check ConditionSecurity=measured-uki
[    8.370890] systemd[1]: systemd-pcrproduct.service - TPM NvPCR Product ID Measurement skipped, unmet condition check ConditionSecurity=measured-uki
[    8.384697] systemd[1]: systemd-tpm2-setup-early.service - Early TPM SRK Setup skipped, unmet condition check ConditionSecurity=measured-uki
[    8.393170] fuse: init (API version 7.45)
[    8.402858] systemd[1]: Starting systemd-udev-load-credentials.service - Load udev Rules from Credentials...
         Starting [0;1;39msystemd-udev-load-credent…[0mLoad udev Rules from Credentials...
[    8.466069] systemd[1]: Starting systemd-udev-trigger.service - Coldplug All udev Devices...
         Starting [0;1;39msystemd-udev-trigger.service[0m - Coldplug All udev Devices...
[    8.528071] systemd[1]: Started systemd-journald.service - Journal Service.
[    8.529105] systemd-journald[185]: Time jumped backwards, rotating.
[[0;32m  OK  [0m] Started [0;1;39msystemd-journald.service[0m - Journal Service.
[[0;32m  OK  [0m] Mounted [0;1;39mdev-mqueue.mount[0m - POSIX Message Queue File System.
[[0;32m  OK  [0m] Mounted [0;1;39msys-kernel-debug.mount[0m - Kernel Debug File System.
[[0;32m  OK  [0m] Mounted [0;1;39msys-kernel-tracing.mount[0m - Kernel Trace File System.
[[0;32m  OK  [0m] Mounted [0;1;39mtmp.mount[0m - Temporary Directory /tmp.
[[0;32m  OK  [0m] Finished [0;1;39mfake-hwclock-load.service[0m - Restore the current clock.
[[0;32m  OK  [0m] Finished [0;1;39mkmod-static-nodes.service[0m…Create List of Static Device Nodes.
[[0;32m  OK  [0m] Mounted [0;1;39msys-kernel-config.mount[0m - Kernel Configuration File System.
[[0;32m  OK  [0m] Finished [0;1;39mmodprobe@efi_pstore.service[0m - Load Kernel Module efi_pstore.
[[0;32m  OK  [0m] Finished [0;1;39mmodprobe@fuse.service[0m - Load Kernel Module fuse.
[[0;32m  OK  [0m] Finished [0;1;39msystemd-modules-load.service[0m - Load Kernel Modules.
[[0;32m  OK  [0m] Finished [0;1;39msystemd-udev-load-credent…[0m- Load udev Rules from Credentials.
         Mounting [0;1;39msys-fs-fuse-connections.mount[0m - FUSE Control File System...
         Starting [0;1;39msystemd-remount-fs.servic…[0munt Root and Kernel File Systems...
         Starting [0;1;39msystemd-sysctl.service[0m - Apply Kernel Variables...
         Starting [0;1;39msystemd-tmpfiles-setup-de…[0m Device Nodes in /dev gracefully...
[[0;32m  OK  [0m] Mounted [0;1;39msys-fs-fuse-connections.mount[0m - FUSE Control File System.
[[0;32m  OK  [0m] Finished [0;1;39msystemd-sysctl.service[0m - Apply Kernel Variables.
[[0;32m  OK  [0m] Finished [0;1;39msystemd-tmpfiles-setup-de…[0mic Device Nodes in /dev gracefully.
[[0;32m  OK  [0m] Finished [0;1;39msystemd-remount-fs.servic…[0mmount Root and Kernel File Systems.
         Starting [0;1;39msystemd-journal-flush.ser…[0msh Journal to Persistent Storage...
         Starting [0;1;39msystemd-pstore.service[0m - …form Persistent Storage Archival...
         Starting [0;1;39msystemd-random-seed.service[0m - Load/Save OS Random Seed...
         Starting [0;1;39msystemd-resolved.service[0m - Network Name Resolution...
         Starting [0;1;39msystemd-timesyncd.service[0m - Network Time Synchronization...
         Starting [0;1;39msystemd-tmpfiles-setup-de…[0meate Static Device Nodes in /dev...
[[0;32m  OK  [0m] Finished [0;1;39msystemd-pstore.service[0m - …atform Persistent Storage Archival.
[[0;32m  OK  [0m] Finished [0;1;39msystemd-tmpfiles-setup-de…[0mCreate Static Device Nodes in /dev.
[[0;32m  OK  [0m] Reached target [0;1;39mlocal-fs-pre.target[0m…Preparation for Local File Systems.
[[0;32m  OK  [0m] Reached target [0;1;39mlocal-fs.target[0m - Local File Systems.
[[0;32m  OK  [0m] Listening on [0;1;39msystemd-sysext.socket[0m… System Extension Image Management.
         Starting [0;1;39mnetplan-configure.service[0m - Netplan Backend Configuration...
         Starting [0;1;39msystemd-binfmt.service[0m - Set Up Additional Binary Formats...
         Starting [0;1;39msystemd-udevd.service[0m - R…ager for Device Events and Files...
         Starting [0;1;39musb-gadget.service[0m - USB …M network) setup for Fairphone 3...
[[0;32m  OK  [0m] Started [0;1;39msystemd-timesyncd.service[0m - Network Time Synchronization.
[[0;32m  OK  [0m] Reached target [0;1;39mtime-set.target[0m - System Time Set.
         Mounting [0;1;39mproc-sys-fs-binfmt_misc.m…[0mcutable File Formats File System...
[[0;32m  OK  [0m] Mounted [0;1;39mproc-sys-fs-binfmt_misc.mo…[0mxecutable File Formats File System.
[[0;32m  OK  [0m] Finished [0;1;39msystemd-journal-flush.ser…[0mlush Journal to Persistent Storage.
[[0;32m  OK  [0m] Finished [0;1;39msystemd-binfmt.service[0m - Set Up Additional Binary Formats.
         Starting [0;1;39msystemd-tmpfiles-setup.se…[0mate System Files and Directories...
[[0;32m  OK  [0m] Finished [0;1;39msystemd-random-seed.service[0m - Load/Save OS Random Seed.
[[0;32m  OK  [0m] Started [0;1;39msystemd-udevd.service[0m - Ru…anager for Device Events and Files.
[[0;32m  OK  [0m] Finished [0;1;39msystemd-tmpfiles-setup.se…[0mreate System Files and Directories.
[[0;32m  OK  [0m] Started [0;1;39msystemd-resolved.service[0m - Network Name Resolution.
[[0;32m  OK  [0m] Reached target [0;1;39mnss-lookup.target[0m - Host and Network Name Lookups.
[[0;32m  OK  [0m] Finished [0;1;39msystemd-udev-trigger.service[0m - Coldplug All udev Devices.
[[0;32m  OK  [0m] Reached target [0;1;39msysinit.target[0m - System Initialization.
[[0;32m  OK  [0m] Started [0;1;39mapt-daily.timer[0m - Daily apt download activities.
[[0;32m  OK  [0m] Started [0;1;39mapt-daily-upgrade.timer[0m - …y apt upgrade and clean activities.
[[0;32m  OK  [0m] Started [0;1;39mdpkg-db-backup.timer[0m - Daily dpkg database backup timer.
[[0;32m  OK  [0m] Started [0;1;39me2scrub_all.timer[0m - Period…Metadata Check for All Filesystems.
[[0;32m  OK  [0m] Started [0;1;39mfake-hwclock-save.timer[0m - Periodically save current clock.
[[0;32m  OK  [0m] Started [0;1;39mfstrim.timer[0m - Discard unused filesystem blocks once a week.
[[0;32m  OK  [0m] Started [0;1;39mmotd-news.timer[0m - Message of the Day.
[[0;32m  OK  [0m] Started [0;1;39msystemd-tmpfiles-clean.tim…[0my Cleanup of Temporary Directories.
[[0;32m  OK  [0m] Reached target [0;1;39mtimers.target[0m - Timer Units.
[[0;32m  OK  [0m] Listening on [0;1;39mdbus.socket[0m - D-Bus System Message Bus Socket.
[[0;32m  OK  [0m] Listening on [0;1;39mpolkit-agent-helper.s…[0mAuthorization Manager Agent Helper.
[[0;32m  OK  [0m] Listening on [0;1;39mssh.socket[0m - OpenBSD Secure Shell server socket.
[[0;32m  OK  [0m] Listening on [0;1;39msshd-unix-local.socke…[0mtemd-ssh-generator, AF_UNIX Local).
[[0;32m  OK  [0m] Listening on [0;1;39msystemd-hostnamed.socket[0m - Hostname Service Socket.
[[0;32m  OK  [0m] Listening on [0;1;39msystemd-logind-varlin…[0mer Login Management Varlink Socket.
[[0;32m  OK  [0m] Reached target [0;1;39msockets.target[0m - Socket Units.
         Starting [0;1;39mifupdown-pre.service[0m - He…synchronize boot up for ifupdown...
[[0;32m  OK  [0m] Reached target [0;1;39mbasic.target[0m - Basic System.
         Starting [0;1;39mdbus.service[0m - D-Bus System Message Bus...
         Starting [0;1;39me2scrub_reap.service[0m - Re…ne ext4 Metadata Check Snapshots...
         Starting [0;1;39mpolkit.service[0m - Authorization Manager...
[[0;32m  OK  [0m] Started [0;1;39mqrtr-ns.service[0m - QIPCRTR Name Service.
[[0;32m  OK  [0m] Started [0;1;39mrmtfs.service[0m - Qualcomm remotefs service.
         Starting [0;1;39mmsm-modem-uim-selection.s…[0mcation on the embedded QMI modem...
         Starting [0;1;39msystemd-logind.service[0m - User Login Management...
[[0;32m  OK  [0m] Started [0;1;39mdbus.service[0m - D-Bus System Message Bus.
[[0;32m  OK  [0m] Finished [0;1;39musb-gadget.service[0m - USB …NCM network) setup for Fairphone 3.
[[0;32m  OK  [0m] Finished [0;1;39mnetplan-configure.service[0m - Netplan Backend Configuration.
[[0;32m  OK  [0m] Found device [0;1;39mdev-ttyMSM0.device[0m - /dev/ttyMSM0.
[[0;32m  OK  [0m] Finished [0;1;39me2scrub_reap.service[0m - Re…line ext4 Metadata Check Snapshots.
[[0;32m  OK  [0m] Started [0;1;39msystemd-logind.service[0m - User Login Management.
[[0;32m  OK  [0m] Started [0;1;39mpolkit.service[0m - Authorization Manager.
[   14.011985] s1: unsupportable voltage range: 1287500-1050000uV
[[0m[0;31m*     [0m] (1 of 3) Job msm-modem-uim-selectio…vice/start running (8s / 1min 34s)
M[K[[0;32m  OK  [0m] Reached target [0;1;39mnetwork-pre.target[0m - Preparation for Network.
[K[[0;32m  OK  [0m] Reached target [0;1;39musb-gadget.target[0m - Hardware activated USB gadget.
[[0;32m  OK  [0m] Listening on [0;1;39msystemd-rfkill.socket[0m…ll Switch Status /dev/rfkill Watch.
         Starting [0;1;39mModemManager.service[0m - Modem Manager...
[[0;32m  OK  [0m] Started [0;1;39mifup@usb0.service[0m - ifup for usb0.
[[0;32m  OK  [0m] Started [0;1;39mrmtfs.service[0m - Qualcomm remotefs service.
         Starting [0;1;39mset-mac-from-serial.servi…[0mss for usb0 and eth0 from Serial...
         Starting [0;1;39mwpa_supplicant.service[0m - WPA supplicant...
         Starting [0;1;39mbluetooth.service[0m - Bluetooth service...
         Starting [0;1;39msystemd-rfkill.service[0m - Load/Save RF Kill Switch Status...
[[0;32m  OK  [0m] Started [0;1;39msystemd-rfkill.service[0m - Load/Save RF Kill Switch Status.
[[0;32m  OK  [0m] Started [0;1;39mwpa_supplicant.service[0m - WPA supplicant.
[[0;32m  OK  [0m] Finished [0;1;39mifupdown-pre.service[0m - He…o synchronize boot up for ifupdown.
[[0;32m  OK  [0m] Started [0;1;39mModemManager.service[0m - Modem Manager.
[[0;32m  OK  [0m] Started [0;1;39mbluetooth.service[0m - Bluetooth service.
[[0;32m  OK  [0m] Reached target [0;1;39mbluetooth.target[0m - Bluetooth Support.
         Starting [0;1;39msystemd-hostnamed.service[0m - Hostname Service...
[[0;32m  OK  [0m] Started [0;1;39msystemd-hostnamed.service[0m - Hostname Service.
[[0;1;31m*[0m[0;31m*    [0m] (1 of 3) Job msm-modem-uim-selectio…ice/start running (12s / 1min 34s)
M[K[[0;31m*[0;1;31m*[0m[0;31m*   [0m] (1 of 3) Job msm-modem-uim-selectio…ice/start running (12s / 1min 34s)
M[K[[0;32m  OK  [0m] Started [0;1;39mmsm-modem-uim-selection.se…[0mlication on the embedded QMI modem.
[K[ [0;31m*[0;1;31m*[0m[0;31m*  [0m] (2 of 2) Job dev-disk-by\x2duuid-4d…ice/start running (15s / 1min 30s)
M[K[  [0;31m*[0;1;31m*[0m[0;31m* [0m] (2 of 2) Job dev-disk-by\x2duuid-4d…ice/start running (15s / 1min 30s)
M[K[   [0;31m*[0;1;31m*[0m[0;31m*[0m] (2 of 2) Job dev-disk-by\x2duuid-4d…ice/start running (16s / 1min 30s)
M[K[    [0;31m*[0;1;31m*[0m] (1 of 2) Job set-mac-from-serial.se…ice/start running (16s / no limit)
M[K[     [0;31m*[0m] (1 of 2) Job set-mac-from-serial.se…ice/start running (17s / no limit)
M[K[    [0;31m*[0;1;31m*[0m] (1 of 2) Job set-mac-from-serial.se…ice/start running (18s / no limit)
M[K[   [0;31m*[0;1;31m*[0m[0;31m*[0m] (2 of 2) Job dev-disk-by\x2duuid-4d…ice/start running (18s / 1min 30s)
M[K[  [0;31m*[0;1;31m*[0m[0;31m* [0m] (2 of 2) Job dev-disk-by\x2duuid-4d…ice/start running (19s / 1min 30s)
M[K[ [0;31m*[0;1;31m*[0m[0;31m*  [0m] (2 of 2) Job dev-disk-by\x2duuid-4d…ice/start running (19s / 1min 30s)
M[K[[0;32m  OK  [0m] Finished [0;1;39mset-mac-from-serial.servi…[0mress for usb0 and eth0 from Serial.
[K         Starting [0;1;39mNetworkManager.service[0m - Network Manager...
         Starting [0;1;39mnetworking.service[0m - Raise network interfaces...
[[0;32m  OK  [0m] Finished [0;1;39mnetworking.service[0m - Raise network interfaces.
         Starting [0;1;39mNetworkManager-dispatcher…[0manager Script Dispatcher Service...
[[0;32m  OK  [0m] Started [0;1;39mNetworkManager-dispatcher.…[0m Manager Script Dispatcher Service.
[[0;32m  OK  [0m] Started [0;1;39mNetworkManager.service[0m - Network Manager.
[[0;32m  OK  [0m] Reached target [0;1;39mnetwork.target[0m - Network.
         Starting [0;1;39mNetworkManager-wait-onlin…ce[0m - Network Manager Wait Online...
         Starting [0;1;39msystemd-user-sessions.service[0m - Permit User Sessions...
[[0;32m  OK  [0m] Finished [0;1;39msystemd-user-sessions.service[0m - Permit User Sessions.
[[0;32m  OK  [0m] Started [0;1;39mgetty@tty1.service[0m - Getty on tty1.
[[0;32m  OK  [0m] Started [0;1;39mserial-getty@ttyMSM0.service[0m - Serial Getty on ttyMSM0.
[[0;32m  OK  [0m] Reached target [0;1;39mgetty.target[0m - Login Prompts.
         Starting [0;1;39mssh.service[0m - OpenBSD Secure Shell server...
[[0;32m  OK  [0m] Started [0;1;39mssh.service[0m - OpenBSD Secure Shell server.
[[0;32m  OK  [0m] Finished [0;1;39mNetworkManager-wait-onlin…vice[0m - Network Manager Wait Online.
[[0;32m  OK  [0m] Reached target [0;1;39mnetwork-online.target[0m - Network is Online.
         Starting [0;1;39minetutils-inetd.service[0m -…k Utilities internet superserver...
[[0;32m  OK  [0m] Started [0;1;39misc-dhcp-server.service[0m - ISC DHCP IPv4 server.
[[0;32m  OK  [0m] Started [0;1;39misc-dhcp-server6.service[0m - ISC DHCP IPv6 server.
[[0;32m  OK  [0m] Reached target [0;1;39mmulti-user.target[0m - Multi-User System.
[[0;32m  OK  [0m] Reached target [0;1;39mgraphical.target[0m - Graphical Interface.
[[0;32m  OK  [0m] Started [0;1;39mmsm8974-soak-logger.servic…[0mc vitals, survives a silent reset).
[[0;32m  OK  [0m] Started [0;1;39mmsm8974-thermal-guard.serv…[0mves load, never touches frequency).
[[0;32m  OK  [0m] Started [0;1;39mmsm8974-vbat-trace.service[0m…C voltage trace (fsync per sample).
[!p]104\[0m[?7h[1G[0J[6n[32766;32766H[6n[!p]104\[0m[?7h[1G[0J[6n[32766;32766H[6n]3008;start=e5a3256ae4394e5f8e1c00f2d9028246;user=root;hostname=citronics;machineid=65a6dc17f6f2412b95babe5a55e3efdd;bootid=21aee2a196954efabd3056211d088886;pid=962;pidfdid=963;comm=(agetty);servicename=serial-getty@ttyMSM0.service;invocationid=670d84f492af46639f59868af7333f90;type=service\P+q6E616D65\
Ubuntu 26.04 LTS citronics ttyMSM0

citronics login: 
Format: Log Type - Time(microsec) - Message
Log type: B - since boot(excluding boot rom).  D - delta
B -    167933 - SBL1, Start
B -    173179 - scatterload_region && ram_init, Start
D -         0 - scatterload_region && ram_init, Delta
B -    190167 - pm_device_init, Start
D -     27297 - pm_device_init, Delta
B -    217556 - boot_flash_init, Start
D -     12505 - boot_flash_init, Delta
B -    230458 - boot_config_data_table_init, Start
D -    134932 - boot_config_data_table_init, Delta
B -    366945 - sbl1_ddr_set_params, Start
B -    369568 - Pre_DDR_clock_init, Start
D -       274 - Pre_DDR_clock_init, Delta
D -         0 - sbl1_ddr_set_params, Delta
B -    380914 - Detected Samsung SDRAM, Start
B -    384940 - Detected Samsung SDRAM, Start
B -    390339 - pm_driver_init, Start
D -     26535 - pm_driver_init, Delta
B -    418277 - clock_init, Start
D -       183 - clock_init, Delta
B -    421357 - Image Load, Start
B -    444263 - Tz Execution, Start
D -    184921 - Tz Execution, Delta
B -    637328 - Image Load, Start
B -    647759 - Signal PBL to Jump to RPM FW
B -    648033 - sbl1_wait_for_ddr_training, Start
D -     31903 - sbl1_wait_for_ddr_training, Delta
B -    684328 - Image Load, Start
B -    685365 - WDT Execution, Start
D -       213 - WDT Execution, Delta
B -    689696 - Image Load, Start
B -    710802 - sbl1_efs_handle_cookies, Start
D -       152 - sbl1_efs_handle_cookies, Delta
B -    712724 - RPM sync cookie updated
B -    716353 - SBL1, End
Android Bootloader - UART_DM Initialized!!!
[280] Not able to search the panel:
[450] Panel CMD: command mode dma test failed
[450] dsi panel init error
[530] Not able to search the panel:
[700] Panel CMD: command mode dma test failed
[700] dsi panel init error
[780] Not able to search the panel:
[980] Panel CMD: command mode dma test failed
[1030] Panel CMD: command mode dma test failed
[1100] Panel CMD: command mode dma test failed
[1160] Panel CMD: command mode dma test failed
[1230] Panel CMD: command mode dma test failed
[1300] Panel CMD: command mode dma test failed
[1360] Panel CMD: command mode dma test failed
[1430] Panel CMD: command mode dma test failed
[1500] Panel CMD: command mode dma test failed
[1600] Panel CMD: command mode dma test failed
[1700] dsi panel init error
[1710] Not able to search the panel:
[1770] Logo config doesn't match with fb config. Fall back default logo
[1820] Panel CMD: command mode dma test failed
[1830] dsi panel init error
[1840] partition misc doesn't exist
[1840] error in emmc_recovery_init
[1840] No 'misc' partition found
[1850] Error reading MISC partition
[1850] failed to get ffbm cookieAndroid Bootloader - UART_DM Initialized!!!
[0] welcome to lk

[0] SCM call: 0x2000601 failed with :fffffffc
[0] Failed to initialize SCM
[10] platform_init()
[10] target_init()
[10] Setting up SDC power and drive strength for slot 1
[10] Setting up SDC power and drive strength for slot 1
[30] MMC card: BWBC3R (0.2, 02 1998), manufacturer: 15, OEM: 100, capacity: 31268536320 bytes
[40] SDHC Running in HS200 mode
[40] Done initialization of the card
[50] lk2nd_init()
[50] Booted @ 0x8000, r0=0x0, r1=0x0, r2=0x1e00000
[50] Found valid DTB with 1746 bytes total
[60] Command line from previous bootloader: lk2nd androidboot.emmc=true androidboot.serialno=733bfccd androidboot.baseband=msm mdss_mdp.panel=0:dsi:0:
[70] Detected device: Fairphone 2 (compatible: fairphone,fp2)
[80] keys: 1 keymap overrides applied
[90] Skipping GDSC check for headless boot
[90] usbcon: started (dwc)
[90] 
=== lk2nd ===
[100] Press any key within 10 seconds for the lk2nd shell
[100] Booting in 10 ...  [1100] Booting in  9 ...  [2100] Booting in  8 ...  [3100] Booting in  7 ...  [4100] Booting in  6 ...  [5100] Booting in  5 ...  [6100] Booting in  4 ...  [7100] Booting in  3 ...  [8100] Booting in  2 ...  [9100] Booting in  1 ...  [10100] No key pressed -- continuing normal boot   

[10100] Registering wrapper bio devices...
[10110] Registering mmc_sdhci bio devices...
[10110] Selected SDC slot 2
[10120] Setting up SDC power and drive strength for slot 2
[10130] Error: Command timeout error
[10130] Failure getting OCR response from MMC Card
[10130] MMC card failed to respond, try for SD card
[10140] Error: Command timeout error
[10140] The response for CMD8 does not match the supplied value
[10150] Failed to initialize SD card
[10150] Failed detecting MMC/SDC @ slot2
[10150] SD card MMC is unavailable.
[10160] block devices:
[10160]  | dev        | label           | size       | Leaf |
[10160]  | wrp0p20    | lk2nd           |    512 KiB | Yes  |
[10170]  | wrp0p19p1  |                 |  26433 MiB | Yes  |
[10170]  | wrp0p19p0  |                 |    122 MiB | Yes  |
[10180]  | wrp0p19    | userdata        |  26555 MiB |      |
[10190]  | wrp0p18    | ssd             |      8 KiB | Yes  |
[10190]  | wrp0p17    | fsc             |      1 KiB | Yes  |
[10200]  | wrp0p16    | fsg             |      1 MiB | Yes  |
[10200]  | wrp0p15    | recovery        |     16 MiB | Yes  |
[10210]  | wrp0p14    | cache           |    640 MiB | Yes  |
[10210]  | wrp0p13    | persist         |     32 MiB | Yes  |
[10220]  | wrp0p12    | system          |   2048 MiB | Yes  |
[10220]  | wrp0p11    | modemst2        |      1 MiB | Yes  |
[10230]  | wrp0p10    | modemst1        |      1 MiB | Yes  |
[10230]  | wrp0p9     | pad             |   1024 KiB | Yes  |
[10240]  | wrp0p8     | tz              |    500 KiB | Yes  |
[10250]  | wrp0p7     | boot            |     15 MiB | Yes  |
[10250]  | wrp0p6     | rpm             |    500 KiB | Yes  |
[10260]  | wrp0p5     | splash          |     10 MiB | Yes  |
[10260]  | wrp0p4     | aboot           |   1024 KiB | Yes  |
[10270]  | wrp0p3     | DDR             |     32 KiB | Yes  |
[10270]  | wrp0p2     | dbi             |     32 KiB | Yes  |
[10280]  | wrp0p1     | sbl1            |    512 KiB | Yes  |
[10280]  | wrp0p0     | modem           |     64 MiB | Yes  |
[10290]  | wrp0       |                 |  29820 MiB |      |
[10290] boot: Trying to boot from the file system...
[10300] A/B boot offsets: A=0x100000, B=0x4100000
[10300] A/B boot: Failed to resolve base device 'userdata'
[10310] extlinux: Default label 'Buildroot' not found, using first label 'postmarketOS'
[10320] Trying to boot 'postmarketOS'
[10450] Updating device tree: start
[10460] Custom CPU enable-method detected, skipping SMP spin table
[10470] Updating device tree: done
[10470] booting linux @ 0x8000, ramdisk @ 0x251a000 (13522909), tags/device tree @ 0x231a000
[    0.000000] Booting Linux on physical CPU 0x0
[    0.000000] Linux version 6.18.40-citronics-lime-fp2-gaa55b1b242a1 (runner@runnervmvrwv9) (arm-linux-gnueabihf-gcc (Ubuntu 13.3.0-6ubuntu2~24.04.1) 13.3.0, GNU ld (GNU Binutils for Ubuntu) 2.42) #1 SMP PREEMPT Sun Jul 26 08:08:36 UTC 2026
[    0.000000] CPU: ARMv7 Processor [512f06f1] revision 1 (ARMv7), cr=10c5787d
[    0.000000] CPU: div instructions available: patching division code
[    0.000000] CPU: PIPT / VIPT nonaliasing data cache, PIPT instruction cache
[    0.000000] OF: fdt: Machine model: Fairphone 2
[    0.000000] earlycon: msm_serial_dm0 at MMIO 0xf991e000 (options '')
[    0.000000] printk: legacy bootconsole [msm_serial_dm0] enabled
[    0.000000] Memory policy: Data cache writealloc
[    0.000000] cma: Reserved 256 MiB at 0x70000000
[    0.000000] Zone ranges:
[    0.000000]   Normal   [mem 0x0000000000000000-0x000000002fffffff]
[    0.000000]   HighMem  [mem 0x0000000030000000-0x000000007fffffff]
[    0.000000] Movable zone start for each node
[    0.000000] Early memory node ranges
[    0.000000]   node   0: [mem 0x0000000000000000-0x0000000007ffffff]
[    0.000000]   node   0: [mem 0x0000000008000000-0x000000000fffffff]
[    0.000000]   node   0: [mem 0x0000000010000000-0x000000007fffffff]
[    0.000000] Initmem setup node 0 [mem 0x0000000000000000-0x000000007fffffff]
[    0.000000] OF: reserved mem: 0x08000000..0x0d0fffff (82944 KiB) nomap non-reusable mpss@8000000
[    0.000000] OF: reserved mem: 0x0d100000..0x0d1fffff (1024 KiB) nomap non-reusable mba@d100000
[    0.000000] OF: reserved mem: 0x0d200000..0x0dbfffff (10240 KiB) nomap non-reusable wcnss@d200000
[    0.000000] OF: reserved mem: 0x0dc00000..0x0f4fffff (25600 KiB) nomap non-reusable adsp@dc00000
[    0.000000] OF: reserved mem: 0x0f500000..0x0f9fffff (5120 KiB) nomap non-reusable memory@f500000
[    0.000000] OF: reserved mem: 0x0fa00000..0x0fbfffff (2048 KiB) nomap non-reusable smem@fa00000
[    0.000000] OF: reserved mem: 0x0fc00000..0x0fd5ffff (1408 KiB) nomap non-reusable memory@fc00000
[    0.000000] OF: reserved mem: 0x0fd60000..0x0fd7ffff (128 KiB) nomap non-reusable memory@fd60000
[    0.000000] OF: reserved mem: 0x0fd80000..0x0fefffff (1536 KiB) nomap non-reusable rmtfs@fd80000
[    0.000000] OF: reserved mem: 0x0ff00000..0x0fffffff (1024 KiB) nomap non-reusable ramoops@ff00000
[    0.000000] percpu: Embedded 19 pages/cpu s46796 r8192 d22836 u77824
[    0.000000] Kernel command line: earlycon=msm_serial_dm,0xf991e000 msm.vram=192m msm.allow_vram_carveout=1 fbcon=rotate:1 fbcon=font:TER16x32 rootfs=/dev/mmcblk0p20p2 bootpart=/dev/mmcblk0p20p1 resize_rootfs=1
[    0.000000] Unknown kernel command line parameters "rootfs=/dev/mmcblk0p20p2 bootpart=/dev/mmcblk0p20p1 resize_rootfs=1", will be passed to user space.
[    0.000000] printk: log buffer data + meta data: 131072 + 409600 = 540672 bytes
[    0.000000] Dentry cache hash table entries: 131072 (order: 7, 524288 bytes, linear)
[    0.000000] Inode-cache hash table entries: 65536 (order: 6, 262144 bytes, linear)
[    0.000000] Built 1 zonelists, mobility grouping on.  Total pages: 524288
[    0.000000] mem auto-init: stack:off, heap alloc:off, heap free:off
[    0.000000] SLUB: HWalign=64, Order=0-3, MinObjects=0, CPUs=4, Nodes=1
[    0.000000] ftrace: allocating 40844 entries in 120 pages
[    0.000000] ftrace: allocated 120 pages with 4 groups
[    0.000000] rcu: Preemptible hierarchical RCU implementation.
[    0.000000] 	Trampoline variant of Tasks RCU enabled.
[    0.000000] 	Rude variant of Tasks RCU enabled.
[    0.000000] 	Tracing variant of Tasks RCU enabled.
[    0.000000] rcu: RCU calculated value of scheduler-enlistment delay is 10 jiffies.
[    0.000000] RCU Tasks: Setting shift to 2 and lim to 1 rcu_task_cb_adjust=1 rcu_task_cpu_ids=4.
[    0.000000] RCU Tasks Rude: Setting shift to 2 and lim to 1 rcu_task_cb_adjust=1 rcu_task_cpu_ids=4.
[    0.000000] RCU Tasks Trace: Setting shift to 2 and lim to 1 rcu_task_cb_adjust=1 rcu_task_cpu_ids=4.
[    0.000000] NR_IRQS: 16, nr_irqs: 16, preallocated irqs: 16
[    0.000000] rcu: srcu_init: Setting srcu_struct sizes based on contention.
[    0.000000] clocksource: jiffies: mask: 0xffffffff max_cycles: 0xffffffff, max_idle_ns: 19112604462750000 ns
[    0.000000] arch_timer: cp15 timer running at 19.20MHz (virt).
[    0.000000] clocksource: arch_sys_counter: mask: 0xffffffffffffff max_cycles: 0x46d987e47, max_idle_ns: 440795202767 ns
[    0.000001] sched_clock: 56 bits at 19MHz, resolution 52ns, wraps every 4398046511078ns
[    0.010670] Switching to timer-based delay loop, resolution 52ns
[    0.018884] Console: colour dummy device 80x30
[    0.024908] printk: legacy console [tty0] enabled
[    0.029171] printk: legacy bootconsole [msm_serial_dm0] disabled
[    0.000000] Booting Linux on physical CPU 0x0
[    0.000000] Linux version 6.18.40-citronics-lime-fp2-gaa55b1b242a1 (runner@runnervmvrwv9) (arm-linux-gnueabihf-gcc (Ubuntu 13.3.0-6ubuntu2~24.04.1) 13.3.0, GNU ld (GNU Binutils for Ubuntu) 2.42) #1 SMP PREEMPT Sun Jul 26 08:08:36 UTC 2026
[    0.000000] CPU: ARMv7 Processor [512f06f1] revision 1 (ARMv7), cr=10c5787d
[    0.000000] CPU: div instructions available: patching division code
[    0.000000] CPU: PIPT / VIPT nonaliasing data cache, PIPT instruction cache
[    0.000000] OF: fdt: Machine model: Fairphone 2
[    0.000000] earlycon: msm_serial_dm0 at MMIO 0xf991e000 (options '')
[    0.000000] printk: legacy bootconsole [msm_serial_dm0] enabled
[    0.000000] Memory policy: Data cache writealloc
[    0.000000] cma: Reserved 256 MiB at 0x70000000
[    0.000000] Zone ranges:
[    0.000000]   Normal   [mem 0x0000000000000000-0x000000002fffffff]
[    0.000000]   HighMem  [mem 0x0000000030000000-0x000000007fffffff]
[    0.000000] Movable zone start for each node
[    0.000000] Early memory node ranges
[    0.000000]   node   0: [mem 0x0000000000000000-0x0000000007ffffff]
[    0.000000]   node   0: [mem 0x0000000008000000-0x000000000fffffff]
[    0.000000]   node   0: [mem 0x0000000010000000-0x000000007fffffff]
[    0.000000] Initmem setup node 0 [mem 0x0000000000000000-0x000000007fffffff]
[    0.000000] OF: reserved mem: 0x08000000..0x0d0fffff (82944 KiB) nomap non-reusable mpss@8000000
[    0.000000] OF: reserved mem: 0x0d100000..0x0d1fffff (1024 KiB) nomap non-reusable mba@d100000
[    0.000000] OF: reserved mem: 0x0d200000..0x0dbfffff (10240 KiB) nomap non-reusable wcnss@d200000
[    0.000000] OF: reserved mem: 0x0dc00000..0x0f4fffff (25600 KiB) nomap non-reusable adsp@dc00000
[    0.000000] OF: reserved mem: 0x0f500000..0x0f9fffff (5120 KiB) nomap non-reusable memory@f500000
[    0.000000] OF: reserved mem: 0x0fa00000..0x0fbfffff (2048 KiB) nomap non-reusable smem@fa00000
[    0.000000] OF: reserved mem: 0x0fc00000..0x0fd5ffff (1408 KiB) nomap non-reusable memory@fc00000
[    0.000000] OF: reserved mem: 0x0fd60000..0x0fd7ffff (128 KiB) nomap non-reusable memory@fd60000
[    0.000000] OF: reserved mem: 0x0fd80000..0x0fefffff (1536 KiB) nomap non-reusable rmtfs@fd80000
[    0.000000] OF: reserved mem: 0x0ff00000..0x0fffffff (1024 KiB) nomap non-reusable ramoops@ff00000
[    0.000000] percpu: Embedded 19 pages/cpu s46796 r8192 d22836 u77824
[    0.000000] Kernel command line: earlycon=msm_serial_dm,0xf991e000 msm.vram=192m msm.allow_vram_carveout=1 fbcon=rotate:1 fbcon=font:TER16x32 rootfs=/dev/mmcblk0p20p2 bootpart=/dev/mmcblk0p20p1 resize_rootfs=1
[    0.000000] Unknown kernel command line parameters "rootfs=/dev/mmcblk0p20p2 bootpart=/dev/mmcblk0p20p1 resize_rootfs=1", will be passed to user space.
[    0.000000] printk: log buffer data + meta data: 131072 + 409600 = 540672 bytes
[    0.000000] Dentry cache hash table entries: 131072 (order: 7, 524288 bytes, linear)
[    0.000000] Inode-cache hash table entries: 65536 (order: 6, 262144 bytes, linear)
[    0.000000] Built 1 zonelists, mobility grouping on.  Total pages: 524288
[    0.000000] mem auto-init: stack:off, heap alloc:off, heap free:off
[    0.000000] SLUB: HWalign=64, Order=0-3, MinObjects=0, CPUs=4, Nodes=1
[    0.000000] ftrace: allocating 40844 entries in 120 pages
[    0.000000] ftrace: allocated 120 pages with 4 groups
[    0.000000] rcu: Preemptible hierarchical RCU implementation.
[    0.000000] 	Trampoline variant of Tasks RCU enabled.
[    0.000000] 	Rude variant of Tasks RCU enabled.
[    0.000000] 	Tracing variant of Tasks RCU enabled.
[    0.000000] rcu: RCU calculated value of scheduler-enlistment delay is 10 jiffies.
[    0.000000] RCU Tasks: Setting shift to 2 and lim to 1 rcu_task_cb_adjust=1 rcu_task_cpu_ids=4.
[    0.000000] RCU Tasks Rude: Setting shift to 2 and lim to 1 rcu_task_cb_adjust=1 rcu_task_cpu_ids=4.
[    0.000000] RCU Tasks Trace: Setting shift to 2 and lim to 1 rcu_task_cb_adjust=1 rcu_task_cpu_ids=4.
[    0.000000] NR_IRQS: 16, nr_irqs: 16, preallocated irqs: 16
[    0.000000] rcu: srcu_init: Setting srcu_struct sizes based on contention.
[    0.000000] clocksource: jiffies: mask: 0xffffffff max_cycles: 0xffffffff, max_idle_ns: 19112604462750000 ns
[    0.000000] arch_timer: cp15 timer running at 19.20MHz (virt).
[    0.000000] clocksource: arch_sys_counter: mask: 0xffffffffffffff max_cycles: 0x46d987e47, max_idle_ns: 440795202767 ns
[    0.000001] sched_clock: 56 bits at 19MHz, resolution 52ns, wraps every 4398046511078ns
[    0.010670] Switching to timer-based delay loop, resolution 52ns
[    0.018884] Console: colour dummy device 80x30
[    0.024908] printk: legacy console [tty0] enabled
[    0.029171] printk: legacy bootconsole [msm_serial_dm0] disabled
[    0.033968] Calibrating delay loop (skipped), value calculated using timer frequency.. 38.40 BogoMIPS (lpj=192000)
[    0.034007] CPU: Testing write buffer coherency: ok
[    0.034068] pid_max: default: 32768 minimum: 301
[    0.034290] Mount-cache hash table entries: 2048 (order: 1, 8192 bytes, linear)
[    0.034326] Mountpoint-cache hash table entries: 2048 (order: 1, 8192 bytes, linear)
[    0.035578] CPU0: thread -1, cpu 0, socket 0, mpidr 80000000
[    0.035718] qcom_scm: convention: smc legacy
[    0.037555] Setting up static identity map for 0x100000 - 0x100060
[    0.037793] rcu: Hierarchical SRCU implementation.
[    0.037817] rcu: 	Max phase no-delay instances is 1000.
[    0.038257] Timer migration: 1 hierarchy levels; 8 children per group; 1 crossnode level
[    0.039422] smp: Bringing up secondary CPUs ...
[    0.040575] CPU1: thread -1, cpu 1, socket 0, mpidr 80000001
[    0.042167] CPU2: thread -1, cpu 2, socket 0, mpidr 80000002
[    0.043719] CPU3: thread -1, cpu 3, socket 0, mpidr 80000003
[    0.044176] smp: Brought up 1 node, 4 CPUs
[    0.044238] SMP: Total of 4 processors activated (153.60 BogoMIPS).
[    0.044266] CPU: All CPU(s) started in SVC mode.
[    0.044634] Memory: 1647296K/2097152K available (12288K kernel code, 1382K rwdata, 4588K rodata, 1024K init, 291K bss, 184292K reserved, 262144K cma-reserved, 1048576K highmem)
[    0.045302] devtmpfs: initialized
[    0.075089] VFP support v0.3: implementor 51 architecture 64 part 6f variant 2 rev 1
[    0.076143] posixtimers hash table entries: 2048 (order: 2, 16384 bytes, linear)
[    0.076221] futex hash table entries: 1024 (65536 bytes on 1 NUMA nodes, total 64 KiB, linear).
[    0.081413] pinctrl core: initialized pinctrl subsystem
[    0.083419] NET: Registered PF_NETLINK/PF_ROUTE protocol family
[    0.086304] DMA: preallocated 256 KiB pool for atomic coherent allocations
[    0.087999] thermal_sys: Registered thermal governor 'step_wise'
[    0.088134] cpuidle: using governor ladder
[    0.088240] cpuidle: using governor menu
[    0.088754] hw-breakpoint: found 5 (+1 reserved) breakpoint and 4 watchpoint registers.
[    0.088790] hw-breakpoint: maximum watchpoint size is 8 bytes.
[    0.091842] printk: legacy console [ramoops-1] enabled
[    0.101858] pstore: Registered ramoops as persistent store backend
[    0.101960] ramoops: using 0x100000@0xff00000, ecc: 16
[    0.118005] /soc/usb@f9a55000: Fixed dependency cycle(s) with /soc/usb@f9a55000/ulpi/phy-0
[    0.118208] /soc/usb@f9a55000/ulpi/phy-0: Fixed dependency cycle(s) with /soc/usb@f9a55000
[    0.118542] /soc/etf@fc307000: Fixed dependency cycle(s) with /soc/funnel@fc31b000
[    0.118737] /soc/etf@fc307000: Fixed dependency cycle(s) with /soc/replicator@fc31c000
[    0.118930] /soc/tpiu@fc318000: Fixed dependency cycle(s) with /soc/replicator@fc31c000
[    0.119150] /soc/funnel@fc31a000: Fixed dependency cycle(s) with /soc/funnel@fc31b000
[    0.119357] /soc/funnel@fc31a000: Fixed dependency cycle(s) with /soc/funnel@fc345000
[    0.119603] /soc/funnel@fc31b000: Fixed dependency cycle(s) with /soc/etf@fc307000
[    0.119758] /soc/funnel@fc31b000: Fixed dependency cycle(s) with /soc/funnel@fc31a000
[    0.120000] /soc/replicator@fc31c000: Fixed dependency cycle(s) with /soc/etf@fc307000
[    0.120184] /soc/replicator@fc31c000: Fixed dependency cycle(s) with /soc/tpiu@fc318000
[    0.120307] /soc/replicator@fc31c000: Fixed dependency cycle(s) with /soc/etr@fc322000
[    0.120560] /soc/etr@fc322000: Fixed dependency cycle(s) with /soc/replicator@fc31c000
[    0.120805] /soc/etm@fc33c000: Fixed dependency cycle(s) with /soc/funnel@fc345000
[    0.120992] /soc/etm@fc33d000: Fixed dependency cycle(s) with /soc/funnel@fc345000
[    0.121237] /soc/etm@fc33e000: Fixed dependency cycle(s) with /soc/funnel@fc345000
[    0.121481] /soc/etm@fc33f000: Fixed dependency cycle(s) with /soc/funnel@fc345000
[    0.121647] /soc/funnel@fc345000: Fixed dependency cycle(s) with /soc/funnel@fc31a000
[    0.121829] /soc/funnel@fc345000: Fixed dependency cycle(s) with /soc/etm@fc33f000
[    0.122011] /soc/funnel@fc345000: Fixed dependency cycle(s) with /soc/etm@fc33e000
[    0.122134] /soc/funnel@fc345000: Fixed dependency cycle(s) with /soc/etm@fc33d000
[    0.122316] /soc/funnel@fc345000: Fixed dependency cycle(s) with /soc/etm@fc33c000
[    0.131583] /soc/usb@f9a55000: Fixed dependency cycle(s) with /soc/usb@f9a55000/ulpi/phy-0
[    0.131844] /soc/usb@f9a55000/ulpi/phy-0: Fixed dependency cycle(s) with /soc/usb@f9a55000
[    0.133298] /soc/etf@fc307000: Fixed dependency cycle(s) with /soc/funnel@fc31b000
[    0.133502] /soc/etf@fc307000: Fixed dependency cycle(s) with /soc/replicator@fc31c000
[    0.133907] /soc/tpiu@fc318000: Fixed dependency cycle(s) with /soc/replicator@fc31c000
[    0.134231] /soc/funnel@fc31a000: Fixed dependency cycle(s) with /soc/funnel@fc31b000
[    0.134447] /soc/funnel@fc31a000: Fixed dependency cycle(s) with /soc/funnel@fc345000
[    0.134827] /soc/funnel@fc31a000: Fixed dependency cycle(s) with /soc/funnel@fc31b000
[    0.135089] /soc/etf@fc307000: Fixed dependency cycle(s) with /soc/funnel@fc31b000
[    0.135391] /soc/funnel@fc31b000: Fixed dependency cycle(s) with /soc/etf@fc307000
[    0.135701] /soc/funnel@fc31b000: Fixed dependency cycle(s) with /soc/funnel@fc31a000
[    0.136152] /soc/tpiu@fc318000: Fixed dependency cycle(s) with /soc/replicator@fc31c000
[    0.136444] /soc/etf@fc307000: Fixed dependency cycle(s) with /soc/replicator@fc31c000
[    0.136768] /soc/replicator@fc31c000: Fixed dependency cycle(s) with /soc/etf@fc307000
[    0.137048] /soc/replicator@fc31c000: Fixed dependency cycle(s) with /soc/tpiu@fc318000
[    0.137265] /soc/replicator@fc31c000: Fixed dependency cycle(s) with /soc/etr@fc322000
[    0.137615] /soc/replicator@fc31c000: Fixed dependency cycle(s) with /soc/etr@fc322000
[    0.137959] /soc/etr@fc322000: Fixed dependency cycle(s) with /soc/replicator@fc31c000
[    0.138396] /soc/etm@fc33c000: Fixed dependency cycle(s) with /soc/funnel@fc345000
[    0.138801] /soc/etm@fc33d000: Fixed dependency cycle(s) with /soc/funnel@fc345000
[    0.139209] /soc/etm@fc33e000: Fixed dependency cycle(s) with /soc/funnel@fc345000
[    0.139553] /soc/etm@fc33f000: Fixed dependency cycle(s) with /soc/funnel@fc345000
[    0.140004] /soc/etm@fc33f000: Fixed dependency cycle(s) with /soc/funnel@fc345000
[    0.140361] /soc/etm@fc33e000: Fixed dependency cycle(s) with /soc/funnel@fc345000
[    0.140643] /soc/etm@fc33d000: Fixed dependency cycle(s) with /soc/funnel@fc345000
[    0.140980] /soc/etm@fc33c000: Fixed dependency cycle(s) with /soc/funnel@fc345000
[    0.141284] /soc/funnel@fc31a000: Fixed dependency cycle(s) with /soc/funnel@fc345000
[    0.141543] /soc/funnel@fc345000: Fixed dependency cycle(s) with /soc/funnel@fc31a000
[    0.141761] /soc/funnel@fc345000: Fixed dependency cycle(s) with /soc/etm@fc33f000
[    0.142037] /soc/funnel@fc345000: Fixed dependency cycle(s) with /soc/etm@fc33e000
[    0.142312] /soc/funnel@fc345000: Fixed dependency cycle(s) with /soc/etm@fc33d000
[    0.142535] /soc/funnel@fc345000: Fixed dependency cycle(s) with /soc/etm@fc33c000
[    0.157401] kprobes: kprobe jump-optimization is enabled. All kprobes are optimized if possible.
[    0.161398] iommu: Default domain type: Translated
[    0.161505] iommu: DMA domain TLB invalidation policy: strict mode
[    0.162534] SCSI subsystem initialized
[    0.163272] usbcore: registered new interface driver usbfs
[    0.163447] usbcore: registered new interface driver hub
[    0.163659] usbcore: registered new device driver usb
[    0.165024] Advanced Linux Sound Architecture Driver Initialized.
[    0.166816] clocksource: Switched to clocksource arch_sys_counter
[    0.338155] NET: Registered PF_INET protocol family
[    0.338511] IP idents hash table entries: 16384 (order: 5, 131072 bytes, linear)
[    0.340270] tcp_listen_portaddr_hash hash table entries: 512 (order: 0, 4096 bytes, linear)
[    0.340466] Table-perturb hash table entries: 65536 (order: 6, 262144 bytes, linear)
[    0.340643] TCP established hash table entries: 8192 (order: 3, 32768 bytes, linear)
[    0.340840] TCP bind hash table entries: 8192 (order: 5, 131072 bytes, linear)
[    0.341057] TCP: Hash tables configured (established 8192 bind 8192)
[    0.341292] UDP hash table entries: 512 (order: 3, 28672 bytes, linear)
[    0.341424] UDP-Lite hash table entries: 512 (order: 3, 28672 bytes, linear)
[    0.341760] NET: Registered PF_UNIX/PF_LOCAL protocol family
[    0.342372] Trying to unpack rootfs image as initramfs...
[    0.343695] Initialise system trusted keyrings
[    0.344118] workingset: timestamp_bits=14 max_order=19 bucket_order=5
[    0.524261] Key type asymmetric registered
[    0.524426] Asymmetric key parser 'x509' registered
[    0.524773] Block layer SCSI generic (bsg) driver version 0.4 loaded (major 246)
[    0.525230] io scheduler mq-deadline registered
[    0.525455] io scheduler kyber registered
[    0.534235] ------------[ cut here ]------------
[    0.534398] WARNING: CPU: 0 PID: 1 at drivers/clk/qcom/clk-hfpll.c:101 __clk_hfpll_enable+0x1e0/0x1e8
[    0.534529] hfpll1 failed to lock in 200 us (L_VAL 0)
[    0.534683] Modules linked in:
[    0.534790] CPU: 0 UID: 0 PID: 1 Comm: swapper/0 Not tainted 6.18.40-citronics-lime-fp2-gaa55b1b242a1 #1 PREEMPT 
[    0.534806] Hardware name: Generic DT based system
[    0.534814] Call trace: 
[    0.534823] [<c01018d8>] (unwind_backtrace) from [<c0118870>] (show_stack+0x18/0x1c)
[    0.534852] [<c0118870>] (show_stack) from [<c010d0c8>] (dump_stack_lvl+0x50/0x64)
[    0.534874] [<c010d0c8>] (dump_stack_lvl) from [<c012e574>] (__warn+0x84/0x154)
[    0.534900] [<c012e574>] (__warn) from [<c012e76c>] (warn_slowpath_fmt+0x128/0x1bc)
[    0.534923] [<c012e76c>] (warn_slowpath_fmt) from [<c06557a8>] (__clk_hfpll_enable+0x1e0/0x1e8)
[    0.534953] [<c06557a8>] (__clk_hfpll_enable) from [<c06559b0>] (clk_hfpll_enable+0x90/0x98)
[    0.534984] [<c06559b0>] (clk_hfpll_enable) from [<c063fa00>] (clk_core_enable+0x74/0x1e4)
[    0.535011] [<c063fa00>] (clk_core_enable) from [<c063f9dc>] (clk_core_enable+0x50/0x1e4)
[    0.535030] [<c063f9dc>] (clk_core_enable) from [<c063fb98>] (clk_enable+0x28/0x3c)
[    0.535048] [<c063fb98>] (clk_enable) from [<c065873c>] (krait_add_clks+0x4fc/0x614)
[    0.535067] [<c065873c>] (krait_add_clks) from [<c0658908>] (krait_cc_probe+0xb4/0x330)
[    0.535084] [<c0658908>] (krait_cc_probe) from [<c07aa380>] (platform_probe+0x64/0x98)
[    0.535107] [<c07aa380>] (platform_probe) from [<c07a7474>] (really_probe+0xd8/0x3ac)
[    0.535137] [<c07a7474>] (really_probe) from [<c07a77e8>] (__driver_probe_device+0xa0/0x208)
[    0.535169] [<c07a77e8>] (__driver_probe_device) from [<c07a7a28>] (driver_probe_device+0x38/0xc8)
[    0.535200] [<c07a7a28>] (driver_probe_device) from [<c07a7cac>] (__driver_attach+0xe0/0x1b8)
[    0.535231] [<c07a7cac>] (__driver_attach) from [<c07a4f88>] (bus_for_each_dev+0x78/0xc8)
[    0.535261] [<c07a4f88>] (bus_for_each_dev) from [<c07a648c>] (bus_add_driver+0xf8/0x21c)
[    0.535290] [<c07a648c>] (bus_add_driver) from [<c07a8ca0>] (driver_register+0x84/0x11c)
[    0.535314] [<c07a8ca0>] (driver_register) from [<c010ea34>] (do_one_initcall+0x3c/0x254)
[    0.535336] [<c010ea34>] (do_one_initcall) from [<c1201480>] (kernel_init_freeable+0x20c/0x278)
[    0.535359] [<c1201480>] (kernel_init_freeable) from [<c0c5b500>] (kernel_init+0x24/0x140)
[    0.535380] [<c0c5b500>] (kernel_init) from [<c010014c>] (ret_from_fork+0x14/0x28)
[    0.535397] Exception stack(0xf0819fb0 to 0xf0819ff8)
[    0.535408] 9fa0:                                     00000000 00000000 00000000 00000000
[    0.535418] 9fc0: 00000000 00000000 00000000 00000000 00000000 00000000 00000000 00000000
[    0.535427] 9fe0: 00000000 00000000 00000000 00000000 00000013 00000000
[    0.535435] ---[ end trace 0000000000000000 ]---
[    0.540330] L2 @ 729600 KHz
[    0.540854] CPU0 @ 960000 KHz
[    0.541169] CPU1 @ 960000 KHz
[    0.541429] CPU2 @ 960000 KHz
[    0.541699] CPU3 @ 960000 KHz
[    0.634068] msm_serial: driver initialized
[    0.654435] brd: module loaded
[    0.663734] loop: module loaded
[    0.664462] SCSI Media Changer driver v0.25 
[    0.665385] spmi_pmic_arb fc4cf000.spmi: PMIC arbiter version v1 (0x20000002)
[    0.681265] /soc/spmi@fc4cf000/pm8941@1/regulators: Fixed dependency cycle(s) with /soc/spmi@fc4cf000/pm8941@1/regulators/s4
[    0.684521] SLIP: version 0.8.4-NET3.019-NEWTTY (dynamic channels, max=256) (6 bit encapsulation enabled).
[    0.684690] CSLIP: code copyright 1989 Regents of the University of California.
[    0.686848] usbcore: registered new interface driver cdc_acm
[    0.686952] cdc_acm: USB Abstract Control Model driver for USB modems and ISDN adapters
[    0.689567] UDC core: g_ether: couldn't find an available UDC
[    0.692176] rtc-pm8xxx fc4cf000.spmi:pm8941@0:rtc@6000: registered as rtc0
[    0.692330] rtc-pm8xxx fc4cf000.spmi:pm8941@0:rtc@6000: setting system clock to 1970-01-01T00:09:04 UTC (544)
[    0.692623] i2c_dev: i2c /dev entries driver
[    0.693796] qcom-pon fc4cf000.spmi:pm8941@0:pon@800: pon=0x80 warm_reset=0x0002 poff=0x0000
[    0.693972] qcom-pon fc4cf000.spmi:pm8941@0:pon@800: power-on: KPD (power key)
[    0.694135] qcom-pon fc4cf000.spmi:pm8941@0:pon@800: previous power-off: none (0x00)
[    0.699460] device-mapper: ioctl: 4.50.0-ioctl (2025-04-28) initialised: dm-devel@lists.linux.dev
[    0.701274] sdhci: Secure Digital Host Controller Interface driver
[    0.701437] sdhci: Copyright(c) Pierre Ossman
[    0.701533] sdhci-pltfm: SDHCI platform and OF driver helper
[    0.702591] clocksource: arch_mmio_counter: mask: 0xffffffffffffff max_cycles: 0x46d987e47, max_idle_ns: 440795202767 ns
[    0.702766] arch-timer-mmio f9020000.timer: mmio timer running at 19.20MHz (virt)
[    0.703341] hid: raw HID events driver (C) Jiri Kosina
[    0.703682] usbcore: registered new interface driver usbhid
[    0.703779] usbhid: USB HID core driver
[    0.706080] hw perfevents: enabled with armv7_krait PMU driver, 5 (8000000f) counters available
[    0.712050] Initializing XFRM netlink socket
[    0.712332] NET: Registered PF_INET6 protocol family
[    0.713716] Segment Routing with IPv6
[    0.713876] In-situ OAM (IOAM) with IPv6
[    0.714110] NET: Registered PF_PACKET protocol family
[    0.714223] NET: Registered PF_KEY protocol family
[    0.714381] 8021q: 802.1Q VLAN Support v1.8
[    0.714535] Key type dns_resolver registered
[    0.714816] Registering SWP/SWPB emulation handler
[    0.731063] Loading compiled-in X.509 certificates
[    0.807192] s1: Bringing 0uV into 675000-675000uV
[    0.807826] s3: Bringing 0uV into 1050000-1050000uV
[    0.835994] ocmem fdd00000.sram: 8 ports, 3 regions, 24 macros, interleaved
[    0.838950] qcom-smsm smsm: mbox_request_channel: can't parse "mboxes" property
[    0.839082] qcom-smsm smsm: mbox_request_channel: can't parse "mboxes" property
[    0.841081] msm_serial f991e000.serial: msm_serial: detected port #0
[    0.841330] msm_serial f991e000.serial: uartclk = 7372800
[    0.841894] f991e000.serial: ttyMSM0 at MMIO 0xf991e000 (irq = 46, base_baud = 460800) is a MSM
[    0.842099] msm_serial: console setup on port #0
[    0.842277] printk: legacy console [ttyMSM0] enabled
[    1.171412] Freeing initrd memory: 13208K
[    1.192173] i2c_qup f9924000.i2c: using default clock-frequency 100000
[    1.192839] s4: Bringing 5100000uV into 5000000-5000000uV
[    2.620963] i2c_qup f9924000.i2c: 
[    2.620963]  tx channel not available
[    2.628093] qcom-smbb fc4cf000.spmi:pm8941@0:charger@1000: Initializing SMBB rev 3
[    2.709673] s1: Bringing 0uV into 1300000-1300000uV
[    2.710553] s2: Bringing 0uV into 2150000-2150000uV
[    2.714095] s3: Bringing 0uV into 1800000-1800000uV
[    2.719087] l1: Bringing 0uV into 1225000-1225000uV
[    2.723676] l2: Bringing 0uV into 1200000-1200000uV
[    2.728627] l3: Bringing 0uV into 1225000-1225000uV
[    2.733330] l4: Bringing 0uV into 1225000-1225000uV
[    2.738487] l5: Bringing 0uV into 1800000-1800000uV
[    2.743706] l6: Bringing 0uV into 1800000-1800000uV
[    2.748329] l7: Bringing 0uV into 1800000-1800000uV
[    2.753172] l8: Bringing 0uV into 1800000-1800000uV
[    2.757810] l9: Bringing 0uV into 1800000-1800000uV
[    2.762736] l10: Bringing 0uV into 1800000-1800000uV
[    2.767594] l11: Bringing 0uV into 1225000-1225000uV
[    2.772703] l12: Bringing 0uV into 1800000-1800000uV
[    2.777791] l13: Bringing 0uV into 1800000-1800000uV
[    2.782260] input: gpio-keys as /devices/platform/gpio-keys/input/input0
[    2.782529] l14: Bringing 0uV into 1800000-1800000uV
[    2.790362] clk: Disabling unused clocks
[    2.794183] l15: Bringing 0uV into 2050000-2050000uV
[    2.799632] PM: genpd: Disabling unused power domains
[    2.802876] l16: Bringing 0uV into 2700000-2700000uV
[    2.810081] ALSA device list:
[    2.812861] l17: Bringing 0uV into 2850000-2850000uV
[    2.817701]   No soundcards found.
[    2.[    2.830280] l19: Bringing 0uV into 2900000-2900000uV
[    2.830955] l20: Bringing 0uV into 2950000-2950000uV
[    2.834923] l21: Bringing 0uV into 2950000-2950000uV
[    2.839884] l22: Bringing 0uV into 3000000-3000000uV
[    2.844600] l23: Bringing 0uV into 3000000-3000000uV
[    2.849713] l24: Bringing 0uV into 3075000-3075000uV
[    2.866631] Freeing unused kernel image (initmem) memory: 1024K
[    2.867847] Run /init as init process
[    2.875385] g_ether gadget.0: HOST MAC 66:00:6f:43:86:80
[    2.875502] g_ether gadget.0: MAC 6e:e5:32:e9:57:76
[    2.880992] g_ether gadget.0: Ethernet Gadget, version: Memorial Day 2008
[    2.885324] g_ether gadget.0: g_ether ready
[    2.892988] ci_hdrc ci_hdrc.0: EHCI Host Controller
[    2.893447] mmc1: SDHCI controller on f98a4900.mmc [f98a4900.mmc] using ADMA
[    2.893548] mmc0: SDHCI controller on f9824900.mmc [f9824900.mmc] using ADMA 64-bit
[    2.896417] ci_hdrc ci_hdrc.0: new USB bus registered, assigned bus number 1
[    2.917533] l24: voltage operation not allowed
[    2.936939] ci_hdrc ci_hdrc.0: USB 2.0 started, EHCI 1.00
[    2.937490] usb usb1: New USB device found, idVendor=1d6b, idProduct=0002, bcdDevice= 6.18
[    2.940457] [Citronics] Setup firmware path...
[    2.941331] usb usb1: New USB device strings: Mfr=3, Product=2, SerialNumber=1
[    2.950465] [Citronics] Launch mdev...
[    2.953916] usb usb1: Product: EHCI Host Controller
[    2.953929] usb usb1: Manufacturer: Linux 6.18.40-citronics-lime-fp2-gaa55b1b242a1 ehci_hcd
[    2.953940] usb usb1: SerialNumber: ci_hdrc.0
[    2.954816] hub 1-0:1.0: USB hub found
[    2.983253] hub 1-0:1.0: 1 port detected
[    2.984116] mmc0: new HS200 MMC card at address 0001
[    2.993847] mmcblk0: mmc0:0001 BWBC3R 29.1 GiB
[    3.005900]  mmcblk0: p1 p2 p3 p4 p5 p6 p7 p8 p9 p10 p11 p12 p13 p14 p15 p16 p17 p18 p19 p20
[    3.026758] mmcblk0boot0: mmc0:0001 BWBC3R 4.00 MiB
[    3.035871] mmcblk0boot1: mmc0:0001 BWBC3R 4.00 MiB
[    3.042265] mmcblk0rpmb: mmc0:0001 BWBC3R 4.00 MiB, chardev (240:0)
[    3.257128] usb 1-1: new high-speed USB device number 2 using ci_hdrc
[    3.303558] [Citronics] Load relevant modules....
modprobe: ERROR: missing parameters. See -h.
[    3.318426] [Citronics] Kill mdev since it's not needed anymore...
[    3.352293] [Citronics] Attempting to map and if needed, resize rootfs partition...
[    3.401657] [Citronics] Waiting for rootfs device: /dev/mmcblk0p20
[    3.405019] [Citronics] Found rootfs device: /dev/mmcblk0p20
[    3.448173] usb 1-1: New USB device found, idVendor=0424, idProduct=9514, bcdDevice= 2.00
[    3.448518] usb 1-1: New USB device strings: Mfr=0, Product=0, SerialNumber=0
[    3.457633] hub 1-1:1.0: USB hub found
[    3.463031] hub 1-1:1.0: 5 ports detected
[    3.496669] [Citronics] No resizing needed for root partition /dev/mapper/mmcblk0p20p2
[    3.543985] [Citronics] Creating subpartition symlinks for /dev/mmcblk0p20
[    3.567412] [Citronics] Mounting rootfs partition...
[    3.787093] usb 1-1.1: new high-speed USB device number 3 using ci_hdrc
[    3.814967] EXT4-fs (dm-1): recovery complete
[    3.817125] EXT4-fs (dm-1): mounted filesystem 608e8df4-d32e-4975-b29e-8819a9f1c13f r/w with ordered data mode. Quota mode: disabled.
[    3.841555] [Citronics] Mounting boot partition...
[    3.870265] EXT4-fs (dm-0): warning: mounting unchecked fs, running e2fsck is recommended
[    3.874412] EXT4-fs (dm-0): mounted filesystem 4d9c3613-6c4f-496a-9d3d-1431338c68f2 r/w without journal. Quota mode: disabled.
[    3.878927] [Citronics] Switching to /sysroot
[    3.918293] usb 1-1.1: New USB device found, idVendor=0424, idProduct=ec00, bcdDevice= 2.00
[    3.918778] usb 1-1.1: New USB device strings: Mfr=0, Product=0, SerialNumber=0
[    4.228407] systemd[1]: System time advanced to timestamp on /var/lib/systemd/timesync/clock: Sun 2026-07-26 15:37:44 UTC
P+q6E616D65\[    4.619217] systemd[1]: Inserted module 'autofs4'
[6n[32766;32766H[6n[!p]104\[0m[?7h[1G[0J[    5.097221] systemd[1]: systemd 259.5-0ubuntu3 running in system mode (+PAM +AUDIT +SELINUX +APPARMOR +IMA +IPE +SMACK +SECCOMP +GCRYPT -GNUTLS +OPENSSL +ACL +BLKID +CURL +ELFUTILS +FIDO2 +IDN2 -IDN +KMOD +LIBCRYPTSETUP +LIBCRYPTSETUP_PLUGINS +LIBFDISK +PCRE2 +PWQUALITY +P11KIT +QRENCODE +TPM2 +BZIP2 +LZ4 +XZ +ZLIB +ZSTD -BPF_FRAMEWORK -BTF -XKBCOMMON -UTMP +SYSVINIT +LIBARCHIVE)
[    5.108620] systemd[1]: Detected architecture arm.

[0;1;39mWelcome to [0m[1mUbuntu 26.04 LTS[0m[0;1;39m![0m

[    5.172753] systemd[1]: Hostname set to <citronics>.
]3008;start=b416467271fa48b3ba30ac529fd82bb6;user=root;hostname=citronics;machineid=65a6dc17f6f2412b95babe5a55e3efdd;bootid=3a49749408d2432c815cd52be6dd836d;pid=1;pidfdid=2;comm=systemd;type=boot\[    6.124799] systemd[1]: Queued start job for default target graphical.target.
[    6.239214] systemd[1]: Unnecessary job was removed for dev-mmcblk0p20p1.device - /dev/mmcblk0p20p1.
[    6.244707] systemd[1]: Created slice system-getty.slice - Slice /system/getty.
[[0;32m  OK  [0m] Created slice [0;1;39msystem-getty.slice[0m - Slice /system/getty.
[    6.279203] systemd[1]: Created slice system-modprobe.slice - Slice /system/modprobe.
[[0;32m  OK  [0m] Created slice [0;1;39msystem-modprobe.slice[0m - Slice /system/modprobe.
[    6.309116] systemd[1]: Created slice system-serial\x2dgetty.slice - Slice /system/serial-getty.
[[0;32m  OK  [0m] Created slice [0;1;39msystem-serial\x2dget…slice[0m - Slice /system/serial-getty.
[    6.339237] systemd[1]: Created slice system-systemd\x2dfsck.slice - Slice /system/systemd-fsck.
[[0;32m  OK  [0m] Created slice [0;1;39msystem-systemd\x2dfs…slice[0m - Slice /system/systemd-fsck.
[    6.372220] systemd[1]: Created slice user.slice - User and Session Slice.
[[0;32m  OK  [0m] Created slice [0;1;39muser.slice[0m - User and Session Slice.
[    6.398348] systemd[1]: Started systemd-ask-password-console.path - Dispatch Password Requests to Console Directory Watch.
[[0;32m  OK  [0m] Started [0;1;39msystemd-ask-password-conso…[0mequests to Console Directory Watch.
[    6.428395] systemd[1]: Started systemd-ask-password-wall.path - Forward Password Requests to Wall Directory Watch.
[[0;32m  OK  [0m] Started [0;1;39msystemd-ask-password-wall.…[0md Requests to Wall Directory Watch.
[    6.460314] systemd[1]: Set up automount proc-sys-fs-binfmt_misc.automount - Arbitrary Executable File Formats File System Automount Point.
[[0;32m  OK  [0m] Set up automount [0;1;39mproc-sys-fs-binfm…[0mormats File System Automount Point.
[    6.497645] systemd[1]: Expecting device dev-disk-by\x2duuid-4d9c3613\x2d6c4f\x2d496a\x2d9d3d\x2d1431338c68f2.device - /dev/disk/by-uuid/4d9c3613-6c4f-496a-9d3d-1431338c68f2...
         Expecting device [0;1;39mdev-disk-by\x2duu…[0m3613-6c4f-496a-9d3d-1431338c68f2...
[    6.537405] systemd[1]: Expecting device dev-ttyMSM0.device - /dev/ttyMSM0...
         Expecting device [0;1;39mdev-ttyMSM0.device[0m - /dev/ttyMSM0...
[    6.567797] systemd[1]: Reached target imports.target - Image Downloads.
[[0;32m  OK  [0m] Reached target [0;1;39mimports.target[0m - Image Downloads.
[    6.598054] systemd[1]: Reached target paths.target - Path Units.
[[0;32m  OK  [0m] Reached target [0;1;39mpaths.target[0m - Path Units.
[    6.637629] systemd[1]: Reached target remote-fs.target - Remote File Systems.
[[0;32m  OK  [0m] Reached target [0;1;39mremote-fs.target[0m - Remote File Systems.
[    6.667369] systemd[1]: Reached target slices.target - Slice Units.
[[0;32m  OK  [0m] Reached target [0;1;39mslices.target[0m - Slice Units.
[    6.697799] systemd[1]: Reached target swap.target - Swaps.
[[0;32m  OK  [0m] Reached target [0;1;39mswap.target[0m - Swaps.
[    6.763462] systemd[1]: Listening on systemd-ask-password.socket - Query the User Interactively for a Password.
[[0;32m  OK  [0m] Listening on [0;1;39msystemd-ask-password.…[0m User Interactively for a Password.
[    6.821025] systemd[1]: Listening on systemd-creds.socket - Credential Encryption/Decryption.
[[0;32m  OK  [0m] Listening on [0;1;39msystemd-creds.socket[0m - Credential Encryption/Decryption.
[    6.883751] systemd[1]: Listening on systemd-factory-reset.socket - Factory Reset Management.
[[0;32m  OK  [0m] Listening on [0;1;39msystemd-factory-reset.socket[0m - Factory Reset Management.
[    6.919365] systemd[1]: Listening on systemd-journald-dev-log.socket - Journal Socket (/dev/log).
[[0;32m  OK  [0m] Listening on [0;1;39msystemd-journald-dev-…socket[0m - Journal Socket (/dev/log).
[    6.949069] systemd[1]: Listening on systemd-journald.socket - Journal Sockets.
[[0;32m  OK  [0m] Listening on [0;1;39msystemd-journald.socket[0m - Journal Sockets.
[    7.014369] systemd[1]: Listening on systemd-mute-console.socket - Console Output Muting Service Socket.
[[0;32m  OK  [0m] Listening on [0;1;39msystemd-mute-console.…[0mnsole Output Muting Service Socket.
[    7.047634] systemd[1]: systemd-pcrextend.socket - TPM PCR Measurements skipped, unmet condition check ConditionSecurity=measured-uki
[    7.048558] systemd[1]: systemd-pcrlock.socket - Make TPM PCR Policy skipped, unmet condition check ConditionSecurity=measured-uki
[    7.060934] systemd[1]: Listening on systemd-resolved-monitor.socket - Resolve Monitor Varlink Socket.
[[0;32m  OK  [0m] Listening on [0;1;39msystemd-resolved-moni…t[0m - Resolve Monitor Varlink Socket.
[    7.098714] systemd[1]: Listening on systemd-resolved-varlink.socket - Resolve Service Varlink Socket.
[[0;32m  OK  [0m] Listening on [0;1;39msystemd-resolved-varl…t[0m - Resolve Service Varlink Socket.
[    7.128919] systemd[1]: Listening on systemd-udevd-control.socket - udev Control Socket.
[[0;32m  OK  [0m] Listening on [0;1;39msystemd-udevd-control.socket[0m - udev Control Socket.
[    7.158564] systemd[1]: Listening on systemd-udevd-kernel.socket - udev Kernel Socket.
[[0;32m  OK  [0m] Listening on [0;1;39msystemd-udevd-kernel.socket[0m - udev Kernel Socket.
[    7.188613] systemd[1]: Listening on systemd-udevd-varlink.socket - udev Varlink Socket.
[[0;32m  OK  [0m] Listening on [0;1;39msystemd-udevd-varlink.socket[0m - udev Varlink Socket.
[    7.219417] systemd[1]: dev-hugepages.mount - Huge Pages File System skipped, unmet condition check ConditionPathExists=/sys/kernel/mm/hugepages
[    7.233307] systemd[1]: Mounting dev-mqueue.mount - POSIX Message Queue File System...
         Mounting [0;1;39mdev-mqueue.mount[0m - POSIX Message Queue File System...
[    7.269969] systemd[1]: Mounting sys-kernel-debug.mount - Kernel Debug File System...
         Mounting [0;1;39msys-kernel-debug.mount[0m - Kernel Debug File System...
[    7.307374] systemd[1]: Mounting sys-kernel-tracing.mount - Kernel Trace File System...
         Mounting [0;1;39msys-kernel-tracing.mount[0m - Kernel Trace File System...
[    7.350221] systemd[1]: tmp.mount: x-systemd.graceful-option=usrquota specified, but option is not available, suppressing.
[    7.367262] systemd[1]: Mounting tmp.mount - Temporary Directory /tmp...
         Mounting [0;1;39mtmp.mount[0m - Temporary Directory /tmp...
[    7.439444] systemd[1]: Starting systemd-journald.service - Journal Service...
         Starting [0;1;39msystemd-journald.service[0m - Journal Service...
[    7.478831] systemd[1]: Starting fake-hwclock-load.service - Restore the current clock...
         Starting [0;1;39mfake-hwclock-load.service[0m - Restore the current clock...
[    7.569569] systemd[1]: Starting kmod-static-nodes.service - Create List of Static Device Nodes...
         Starting [0;1;39mkmod-static-nodes.service[0m…eate List of Static Device Nodes...
[    7.597527] systemd[1]: modprobe@configfs.service - Load Kernel Module configfs skipped, unmet condition check ConditionKernelModuleLoaded=!configfs
[    7.604925] systemd[1]: Mounting sys-kernel-config.mount - Kernel Configuration File System...
         Mounting [0;1;39msys-kernel-config.mount[0m - Kernel Configuration File System...
[    7.637362] systemd[1]: modprobe@drm.service - Load Kernel Module drm skipped, unmet condition check ConditionKernelModuleLoaded=!drm
[    7.646337] systemd[1]: Starting modprobe@efi_pstore.service - Load Kernel Module efi_pstore...
         Starting [0;1;39mmodprobe@efi_pstore.servi…[0m - Load Kernel Module efi_pstore...
[    7.705603] systemd[1]: Starting modprobe@fuse.service - Load Kernel Module fuse...
         Starting [0;1;39mmodprobe@fuse.service[0m - Load Kernel Module fuse...
[    7.730975] systemd-journald[191]: Collecting audit messages is disabled.
[    7.758449] systemd[1]: systemd-hibernate-clear.service - Clear Stale Hibernate Storage Info skipped, unmet condition check ConditionPathExists=/sys/firmware/efi/efivars/HibernateLocation-8cf2644b-4b0b-428f-9387-6d876050dc67
[    7.777264] systemd[1]: Starting systemd-modules-load.service - Load Kernel Modules...
         Starting [0;1;39msystemd-modules-load.service[0m - Load Kernel Modules...
[    7.807165] systemd[1]: systemd-pcrmachine.service - TPM PCR Machine ID Measurement skipped, unmet condition check ConditionSecurity=measured-uki
[    7.808303] systemd[1]: systemd-pcrproduct.service - TPM NvPCR Product ID Measurement skipped, unmet condition check ConditionSecurity=measured-uki
[    7.812665] fuse: init (API version 7.45)
[    7.820183] systemd[1]: systemd-tpm2-setup-early.service - Early TPM SRK Setup skipped, unmet condition check ConditionSecurity=measured-uki
[    7.844422] systemd[1]: Starting systemd-udev-load-credentials.service - Load udev Rules from Credentials...
         Starting [0;1;39msystemd-udev-load-credent…[0mLoad udev Rules from Credentials...
[    7.901140] systemd[1]: Starting systemd-udev-trigger.service - Coldplug All udev Devices...
         Starting [0;1;39msystemd-udev-trigger.service[0m - Co[    7.907045] systemd-journald[191]: Time jumped backwards, rotating.
ldplug All udev Devices...
[    7.960874] systemd[1]: Started systemd-journald.service - Journal Service.
[[0;32m  OK  [0m] Started [0;1;39msystemd-journald.service[0m - Journal Service.
[[0;32m  OK  [0m] Mounted [0;1;39mdev-mqueue.mount[0m - POSIX Message Queue File System.
[[0;32m  OK  [0m] Mounted [0;1;39msys-kernel-debug.mount[0m - Kernel Debug File System.
[[0;32m  OK  [0m] Mounted [0;1;39msys-kernel-tracing.mount[0m - Kernel Trace File System.
[[0;32m  OK  [0m] Mounted [0;1;39mtmp.mount[0m - Temporary Directory /tmp.
[[0;32m  OK  [0m] Finished [0;1;39mfake-hwclock-load.service[0m - Restore the current clock.
[[0;32m  OK  [0m] Finished [0;1;39mkmod-static-nodes.service[0m…Create List of Static Device Nodes.
[[0;32m  OK  [0m] Mounted [0;1;39msys-kernel-config.mount[0m - Kernel Configuration File System.
[[0;32m  OK  [0m] Finished [0;1;39mmodprobe@efi_pstore.service[0m - Load Kernel Module efi_pstore.
[[0;32m  OK  [0m] Finished [0;1;39mmodprobe@fuse.service[0m - Load Kernel Module fuse.
[[0;32m  OK  [0m] Finished [0;1;39msystemd-modules-load.service[0m - Load Kernel Modules.
[[0;32m  OK  [0m] Finished [0;1;39msystemd-udev-load-credent…[0m- Load udev Rules from Credentials.
         Mounting [0;1;39msys-fs-fuse-connections.mount[0m - FUSE Control File System...
         Starting [0;1;39msystemd-remount-fs.servic…[0munt Root and Kernel File Systems...
         Starting [0;1;39msystemd-sysctl.service[0m - Apply Kernel Variables...
         Starting [0;1;39msystemd-tmpfiles-setup-de…[0m Device Nodes in /dev gracefully...
[[0;32m  OK  [0m] Mounted [0;1;39msys-fs-fuse-connections.mount[0m - FUSE Control File System.
[[0;32m  OK  [0m] Finished [0;1;39msystemd-sysctl.service[0m - Apply Kernel Variables.
[[0;32m  OK  [0m] Finished [0;1;39msystemd-tmpfiles-setup-de…[0mic Device Nodes in /dev gracefully.
[[0;32m  OK  [0m] Finished [0;1;39msystemd-remount-fs.servic…[0mmount Root and Kernel File Systems.
         Starting [0;1;39msystemd-journal-flush.ser…[0msh Journal to Persistent Storage...
         Starting [0;1;39msystemd-pstore.service[0m - …form Persistent Storage Archival...
         Starting [0;1;39msystemd-random-seed.service[0m - Load/Save OS Random Seed...
         Starting [0;1;39msystemd-resolved.service[0m - Network Name Resolution...
         Starting [0;1;39msystemd-timesyncd.service[0m - Network Time Synchronization...
         Starting [0;1;39msystemd-tmpfiles-setup-de…[0meate Static Device Nodes in /dev...
[[0;32m  OK  [0m] Finished [0;1;39msystemd-pstore.service[0m - …atform Persistent Storage Archival.
[[0;32m  OK  [0m] Finished [0;1;39msystemd-tmpfiles-setup-de…[0mCreate Static Device Nodes in /dev.
[[0;32m  OK  [0m] Reached target [0;1;39mlocal-fs-pre.target[0m…Preparation for Local File Systems.
[[0;32m  OK  [0m] Reached target [0;1;39mlocal-fs.target[0m - Local File Systems.
[[0;32m  OK  [0m] Listening on [0;1;39msystemd-sysext.socket[0m… System Extension Image Management.
         Starting [0;1;39mnetplan-configure.service[0m - Netplan Backend Configuration...
         Starting [0;1;39msystemd-binfmt.service[0m - Set Up Additional Binary Formats...
         Starting [0;1;39msystemd-udevd.service[0m - R…ager for Device Events and Files...
         Starting [0;1;39musb-gadget.service[0m - USB …M network) setup for Fairphone 3...
[[0;32m  OK  [0m] Started [0;1;39msystemd-timesyncd.service[0m - Network Time Synchronization.
[[0;32m  OK  [0m] Reached target [0;1;39mtime-set.target[0m - System Time Set.
         Mounting [0;1;39mproc-sys-fs-binfmt_misc.m…[0mcutable File Formats File System...
[[0;32m  OK  [0m] Mounted [0;1;39mproc-sys-fs-binfmt_misc.mo…[0mxecutable File Formats File System.
[[0;32m  OK  [0m] Finished [0;1;39msystemd-binfmt.service[0m - Set Up Additional Binary Formats.
[[0;32m  OK  [0m] Finished [0;1;39msystemd-journal-flush.ser…[0mlush Journal to Persistent Storage.
         Starting [0;1;39msystemd-tmpfiles-setup.se…[0mate System Files and Directories...
[[0;32m  OK  [0m] Started [0;1;39msystemd-udevd.service[0m - Ru…anager for Device Events and Files.
[[0;32m  OK  [0m] Finished [0;1;39msystemd-tmpfiles-setup.se…[0mreate System Files and Directories.
[[0;32m  OK  [0m] Finished [0;1;39msystemd-random-seed.service[0m - Load/Save OS Random Seed.
[[0;32m  OK  [0m] Started [0;1;39msystemd-resolved.service[0m - Network Name Resolution.
[[0;32m  OK  [0m] Reached target [0;1;39mnss-lookup.target[0m - Host and Network Name Lookups.
[[0;32m  OK  [0m] Finished [0;1;39msystemd-udev-trigger.service[0m - Coldplug All udev Devices.
[[0;32m  OK  [0m] Reached target [0;1;39msysinit.target[0m - System Initialization.
[[0;32m  OK  [0m] Started [0;1;39mapt-daily.timer[0m - Daily apt download activities.
[[0;32m  OK  [0m] Started [0;1;39mapt-daily-upgrade.timer[0m - …y apt upgrade and clean activities.
[[0;32m  OK  [0m] Started [0;1;39mdpkg-db-backup.timer[0m - Daily dpkg database backup timer.
[[0;32m  OK  [0m] Started [0;1;39me2scrub_all.timer[0m - Period…Metadata Check for All Filesystems.
[[0;32m  OK  [0m] Started [0;1;39mfake-hwclock-save.timer[0m - Periodically save current clock.
[[0;32m  OK  [0m] Started [0;1;39mfstrim.timer[0m - Discard unused filesystem blocks once a week.
[[0;32m  OK  [0m] Started [0;1;39mmotd-news.timer[0m - Message of the Day.
[[0;32m  OK  [0m] Started [0;1;39msystemd-tmpfiles-clean.tim…[0my Cleanup of Temporary Directories.
[[0;32m  OK  [0m] Reached target [0;1;39mtimers.target[0m - Timer Units.
[[0;32m  OK  [0m] Listening on [0;1;39mdbus.socket[0m - D-Bus System Message Bus Socket.
[[0;32m  OK  [0m] Listening on [0;1;39mpolkit-agent-helper.s…[0mAuthorization Manager Agent Helper.
[[0;32m  OK  [0m] Listening on [0;1;39mssh.socket[0m - OpenBSD Secure Shell server socket.
[[0;32m  OK  [0m] Listening on [0;1;39msshd-unix-local.socke…[0mtemd-ssh-generator, AF_UNIX Local).
[[0;32m  OK  [0m] Listening on [0;1;39msystemd-hostnamed.socket[0m - Hostname Service Socket.
[[0;32m  OK  [0m] Listening on [0;1;39msystemd-logind-varlin…[0mer Login Management Varlink Socket.
[[0;32m  OK  [0m] Reached target [0;1;39msockets.target[0m - Socket Units.
         Starting [0;1;39mifupdown-pre.service[0m - He…synchronize boot up for ifupdown...
[[0;32m  OK  [0m] Reached target [0;1;39mbasic.target[0m - Basic System.
         Starting [0;1;39mdbus.service[0m - D-Bus System Message Bus...
         Starting [0;1;39me2scrub_reap.service[0m - Re…ne ext4 Metadata Check Snapshots...
         Starting [0;1;39mpolkit.service[0m - Authorization Manager...
[[0;32m  OK  [0m] Started [0;1;39mqrtr-ns.service[0m - QIPCRTR Name Service.
[[0;32m  OK  [0m] Started [0;1;39mrmtfs.service[0m - Qualcomm remotefs service.
         Starting [0;1;39mmsm-modem-uim-selection.s…[0mcation on the embedded QMI modem...
         Starting [0;1;39msystemd-logind.service[0m - User Login Management...
[[0;32m  OK  [0m] Started [0;1;39mdbus.service[0m - D-Bus System Message Bus.
[[0;32m  OK  [0m] Finished [0;1;39musb-gadget.service[0m - USB …NCM network) setup for Fairphone 3.
[[0;32m  OK  [0m] Finished [0;1;39mnetplan-configure.service[0m - Netplan Backend Configuration.
[[0;32m  OK  [0m] Found device [0;1;39mdev-ttyMSM0.device[0m - /dev/ttyMSM0.
[[0;32m  OK  [0m] Started [0;1;39msystemd-logind.service[0m - User Login Management.
[[0;32m  OK  [0m] Started [0;1;39mpolkit.service[0m - Authorization Manager.
[[0;32m  OK  [0m] Finished [0;1;39me2scrub_reap.service[0m - Re…line ext4 Metadata Check Snapshots.
[   13.443456] s1: unsupportable voltage range: 1287500-1050000uV
[[0m[0;31m*     [0m] (1 of 3) Job msm-modem-uim-selectio…vice/start running (8s / 1min 34s)
M[K[[0;32m  OK  [0m] Finished [0;1;39mifupdown-pre.service[0m - He…o synchronize boot up for ifupdown.
[K[[0;32m  OK  [0m] Reached target [0;1;39mnetwork-pre.target[0m - Preparation for Network.
[[0;32m  OK  [0m] Reached target [0;1;39musb-gadget.target[0m - Hardware activated USB gadget.
[[0;32m  OK  [0m] Listening on [0;1;39msystemd-rfkill.socket[0m…ll Switch Status /dev/rfkill Watch.
         Starting [0;1;39mModemManager.service[0m - Modem Manager...
         Starting [0;1;39mbluetooth.service[0m - Bluetooth service...
[[0;32m  OK  [0m] Started [0;1;39mifup@usb0.service[0m - ifup for usb0.
[[0;32m  OK  [0m] Started [0;1;39mrmtfs.service[0m - Qualcomm remotefs service.
         Starting [0;1;39mset-mac-from-serial.servi…[0mss for usb0 and eth0 from Serial...
         Starting [0;1;39mwpa_supplicant.service[0m - WPA supplicant...
         Starting [0;1;39msystemd-rfkill.service[0m - Load/Save RF Kill Switch Status...
[[0;32m  OK  [0m] Started [0;1;39msystemd-rfkill.service[0m - Load/Save RF Kill Switch Status.
[[0;32m  OK  [0m] Started [0;1;39mwpa_supplicant.service[0m - WPA supplicant.
[[0;32m  OK  [0m] Started [0;1;39mbluetooth.service[0m - Bluetooth service.
[[0;32m  OK  [0m] Reached target [0;1;39mbluetooth.target[0m - Bluetooth Support.
         Starting [0;1;39msystemd-hostnamed.service[0m - Hostname Service...
[[0;32m  OK  [0m] Started [0;1;39mModemManager.service[0m - Modem Manager.
[[0;32m  OK  [0m] Started [0;1;39msystemd-hostnamed.service[0m - Hostname Service.
[[0;1;31m*[0m[0;31m*    [0m] (1 of 3) Job msm-modem-uim-selectio…ice/start running (12s / 1min 34s)
M[K[[0;32m  OK  [0m] Started [0;1;39mmsm-modem-uim-selection.se…[0mlication on the embedded QMI modem.
[K[[0;31m*[0;1;31m*[0m[0;31m*   [0m] (1 of 2) Job set-mac-from-serial.se…ice/start running (15s / no limit)
M[K[ [0;31m*[0;1;31m*[0m[0;31m*  [0m] (2 of 2) Job dev-disk-by\x2duuid-4d…ice/start running (15s / 1min 30s)
M[K[  [0;31m*[0;1;31m*[0m[0;31m* [0m] (2 of 2) Job dev-disk-by\x2duuid-4d…ice/start running (16s / 1min 30s)
M[K[   [0;31m*[0;1;31m*[0m[0;31m*[0m] (2 of 2) Job dev-disk-by\x2duuid-4d…ice/start running (16s / 1min 30s)
M[K[    [0;31m*[0;1;31m*[0m] (1 of 2) Job set-mac-from-serial.se…ice/start running (17s / no limit)
M[K[     [0;31m*[0m] (1 of 2) Job set-mac-from-serial.se…ice/start running (18s / no limit)
M[K[    [0;31m*[0;1;31m*[0m] (1 of 2) Job set-mac-from-serial.se…ice/start running (18s / no limit)
M[K[   [0;31m*[0;1;31m*[0m[0;31m*[0m] (2 of 2) Job dev-disk-by\x2duuid-4d…ice/start running (19s / 1min 30s)
M[K[  [0;31m*[0;1;31m*[0m[0;31m* [0m] (2 of 2) Job dev-disk-by\x2duuid-4d…ice/start running (19s / 1min 30s)
M[K[ [0;31m*[0;1;31m*[0m[0;31m*  [0m] (2 of 2) Job dev-disk-by\x2duuid-4d…ice/start running (20s / 1min 30s)
M[K[[0;32m  OK  [0m] Finished [0;1;39mset-mac-from-serial.servi…[0mress for usb0 and eth0 from Serial.
[K         Starting [0;1;39mNetworkManager.service[0m - Network Manager...
         Starting [0;1;39mnetworking.service[0m - Raise network interfaces...
[[0;32m  OK  [0m] Finished [0;1;39mnetworking.service[0m - Raise network interfaces.
         Starting [0;1;39mNetworkManager-dispatcher…[0manager Script Dispatcher Service...
[[0;32m  OK  [0m] Started [0;1;39mNetworkManager-dispatcher.…[0m Manager Script Dispatcher Service.
[[0;32m  OK  [0m] Started [0;1;39mNetworkManager.service[0m - Network Manager.
[[0;32m  OK  [0m] Reached target [0;1;39mnetwork.target[0m - Network.
         Starting [0;1;39mNetworkManager-wait-onlin…ce[0m - Network Manager Wait Online...
         Starting [0;1;39msystemd-user-sessions.service[0m - Permit User Sessions...
[[0;32m  OK  [0m] Finished [0;1;39msystemd-user-sessions.service[0m - Permit User Sessions.
[[0;32m  OK  [0m] Started [0;1;39mgetty@tty1.service[0m - Getty on tty1.
[[0;32m  OK  [0m] Started [0;1;39mserial-getty@ttyMSM0.service[0m - Serial Getty on ttyMSM0.
[[0;32m  OK  [0m] Reached target [0;1;39mgetty.target[0m - Login Prompts.
[[0;32m  OK  [0m] Finished [0;1;39mNetworkManager-wait-onlin…vice[0m - Network Manager Wait Online.
[[0;32m  OK  [0m] Reached target [0;1;39mnetwork-online.target[0m - Network is Online.
         Starting [0;1;39minetutils-inetd.service[0m -…k Utilities internet superserver...
[[0;32m  OK  [0m] Started [0;1;39misc-dhcp-server.service[0m - ISC DHCP IPv4 server.
[[0;32m  OK  [0m] Started [0;1;39misc-dhcp-server6.service[0m - ISC DHCP IPv6 server.
[[0;32m  OK  [0m] Reached target [0;1;39mmulti-user.target[0m - Multi-User System.
[[0;32m  OK  [0m] Reached target [0;1;39mgraphical.target[0m - Graphical Interface.
[[0;32m  OK  [0m] Started [0;1;39mmsm8974-soak-logger.servic…[0mc vitals, survives a silent reset).
[[0;32m  OK  [0m] Started [0;1;39mmsm8974-thermal-guard.serv…[0mves load, never touches frequency).
[[0;32m  OK  [0m] Started [0;1;39mmsm8974-vbat-trace.service[0m…C voltage trace (fsync per sample).
[!p]104\[0m[?7h[1G[0J[6n[32766;32766H[6n[!p]104\[0m[?7h[1G[0J[6n[32766;32766H[6n]3008;start=e69d23c6618a434d845ea1b2a381819a;user=root;hostname=citronics;machineid=65a6dc17f6f2412b95babe5a55e3efdd;bootid=3a49749408d2432c815cd52be6dd836d;pid=968;pidfdid=969;comm=(agetty);servicename=serial-getty@ttyMSM0.service;invocationid=20d8dc0ce29e4fe7bf557455aec6568e;type=service\P+q6E616D65\
Ubuntu 26.04 LTS citronics ttyMSM0

citronics login: citro
Password: 
Welcome to Ubuntu 26.04 LTS (GNU/Linux 6.18.40-citronics-lime-fp2-gaa55b1b242a1 armv7l)

 * Documentation:  https://docs.ubuntu.com
 * Management:     https://landscape.canonical.com
 * Support:        https://ubuntu.com/pro

The programs included with the Ubuntu system are free software;
the exact distribution terms for each program are described in the
individual files in /usr/share/doc/*/copyright.

Ubuntu comes with ABSOLUTELY NO WARRANTY, to the extent permitted by
applicable law.

sudo -S sh -c "systemctl stop msm8974-converge msm8974-loadscale validate descend-validate 2>/dev/null; systemctl disable msm8974-converge validate descend-validate 2>/dev/null; for p in /sys/devices/system/cpu/cpufreq/policy*; do echo powersave > \$p/scaling_governor; echo 729600 > \$p/scaling_max_freq; done; echo DISARMED; uname -r; cat /proc/loadavg"
]3008;start=c6301b631d0847c79f4e4106ceae18df;user=root;hostname=citronics;machineid=65a6dc17f6f2412b95babe5a55e3efdd;bootid=3a49749408d2432c815cd52be6dd836d;pid=968;pidfdid=969;comm=login;targetuser=citro;sessionid=c1;type=session\]3008;start=8afef678-90c0-44bf-aebf-8acbeb08d4bd;machineid=65a6dc17f6f2412b95babe5a55e3efdd;user=citro;hostname=citronics;bootid=3a497494-08d2-432c-815c-d52be6dd836d;pid=00000000000000009677;type=shell;cwd=/home/citro\[?2004hcitro@citronics:~$ sudo -S sh -c "systemctl stop msm8974-converge msm8974-loadscaale validate descend-validate 2>/dev/null; systemctl disable msm8974-converge vallidate descend-validate 2>/dev/null; for p in /sys/devices/system/cpu/cpufreq/pollicy*; do echo powersave > \$p/scaling_governor; echo 729600 > \$p/scaling_max_frreq; done; echo DISARMED; uname -r; cat /proc/loadavg"
[?2004l]3008;start=e2bb94fe-6d1e-457d-80a8-347a11345b5a;machineid=65a6dc17f6f2412b95babe5a55e3efdd;user=citro;hostname=citronics;bootid=3a497494-08d2-432c-815c-d52be6dd836d;pid=00000000000000009677;type=command;cwd=/home/citro\citro
[sudo] password for citro: 
DISARMED
6.18.40-citronics-lime-fp2-gaa55b1b242a1
0.85 0.80 0.45 2/154 10386
]3008;end=e2bb94fe-6d1e-457d-80a8-347a11345b5a;exit=success\]3008;start=8afef678-90c0-44bf-aebf-8acbeb08d4bd;machineid=65a6dc17f6f2412b95babe5a55e3efdd;user=citro;hostname=citronics;bootid=3a497494-08d2-432c-815c-d52be6dd836d;pid=00000000000000009677;type=shell;cwd=/home/citro\[?2004hcitro@citronics:~$ sudo sh -c "echo 8 > /proc/sys/kernel/printk; echo warm > /syss/kernel/reboot/mode 2>/dev/null; cat /sys/kernel/reboot/mode; sync; reboot"
[?2004l]3008;start=2a11ea98-2452-4650-aa23-cfc3b7ce9100;machineid=65a6dc17f6f2412b95babe5a55e3efdd;user=citro;hostname=citronics;bootid=3a497494-08d2-432c-815c-d52be6dd836d;pid=00000000000000009677;type=command;cwd=/home/citro\warm
]3008;end=2a11ea98-2452-4650-aa23-cfc3b7ce9100;exit=success\]3008;start=8afef678-90c0-44bf-aebf-8acbeb08d4bd;machineid=65a6dc17f6f2412b95babe5a55e3efdd;user=citro;hostname=citronics;bootid=3a497494-08d2-432c-815c-d52be6dd836d;pid=00000000000000009677;type=shell;cwd=/home/citro\         Stopping [0;1;39msession-c1.scope[0m - Session c1 of User citro...
[?2004h[[0;32m  OK  [0m] Removed slice [0;1;39msystem-modprobe.slice[0m - Slice /system/modprobe.
citro@citronics:~$ [[0;32m  OK  [0m] Removed slice [0;1;39msystem-systemd\x2dfs…slice[0m - Slice /system/systemd-fsck.
[[0;32m  OK  [0m] Stopped target [0;1;39mbluetooth.target[0m - Bluetooth Support.
[[0;32m  OK  [0m] Stopped target [0;1;39mgraphical.target[0m - Graphical Interface.
[[0;32m  OK  [0m] Stopped target [0;1;39mnss-lookup.target[0m - Host and Network Name Lookups.
[[0;32m  OK  [0m] Stopped target [0;1;39mtimers.target[0m - Timer Units.
[[0;32m  OK  [0m] Stopped [0;1;39mapt-daily-upgrade.timer[0m - …y apt upgrade and clean activities.
[[0;32m  OK  [0m] Stopped [0;1;39mapt-daily.timer[0m - Daily apt download activities.
[[0;32m  OK  [0m] Stopped [0;1;39mdpkg-db-backup.timer[0m - Daily dpkg database backup timer.
[[0;32m  OK  [0m] Stopped [0;1;39me2scrub_all.timer[0m - Period…Metadata Check for All Filesystems.
[[0;32m  OK  [0m] Stopped [0;1;39mfake-hwclock-save.timer[0m - Periodically save current clock.
[[0;32m  OK  [0m] Stopped [0;1;39mfstrim.timer[0m - Discard unused filesystem blocks once a week.
[[0;32m  OK  [0m] Stopped [0;1;39mmotd-news.timer[0m - Message of the Day.
[[0;32m  OK  [0m] Stopped [0;1;39msystemd-tmpfiles-clean.tim…[0my Cleanup of Temporary Directories.
[[0;32m  OK  [0m] Stopped target [0;1;39mtime-set.target[0m - System Time Set.
[[0;32m  OK  [0m] Stopped target [0;1;39musb-gadget.target[0m - Hardware activated USB gadget.
[[0;32m  OK  [0m] Closed [0;1;39msystemd-rfkill.socket[0m - Loa…ll Switch Status /dev/rfkill Watch.
         Stopping [0;1;39mbluetooth.service[0m - Bluetooth service...
         Starting [0;1;39mfake-hwclock-save.service[0m - Save the current clock...
         Stopping [0;1;39mmsm8974-soak-logger.servi…[0mvitals, survives a silent reset)...
         Stopping [0;1;39mmsm8974-thermal-guard.ser…[0ms load, never touches frequency)...
         Stopping [0;1;39mmsm8974-vbat-trace.servic…[0mvoltage trace (fsync per sample)...
         Stopping [0;1;39mssh.service[0m - OpenBSD Secure Shell server...
         Stopping [0;1;39msystemd-random-seed.service[0m - Load/Save OS Random Seed...
[[0;32m  OK  [0m] Stopped [0;1;39msystemd-udev-load-credenti…[0m- Load udev Rules from Credentials.
[[0;32m  OK  [0m] Stopped [0;1;39mbluetooth.service[0m - Bluetooth service.
[[0;32m  OK  [0m] Stopped [0;1;39mmsm8974-soak-logger.servic…[0mc vitals, survives a silent reset).
[[0;32m  OK  [0m] Stopped [0;1;39mmsm8974-thermal-guard.serv…[0mves load, never touches frequency).
[[0;32m  OK  [0m] Stopped [0;1;39mmsm8974-vbat-trace.service[0m…C voltage trace (fsync per sample).
[[0;32m  OK  [0m] Stopped [0;1;39mssh.service[0m - OpenBSD Secure Shell server.
[[0;32m  OK  [0m] Stopped [0;1;39msystemd-random-seed.service[0m - Load/Save OS Random Seed.
[[0;32m  OK  [0m] Stopped target [0;1;39mmulti-user.target[0m - Multi-User System.
[[0;32m  OK  [0m] Stopped target [0;1;39mgetty.target[0m - Login Prompts.
         Stopping [0;1;39mModemManager.service[0m - Modem Manager...
         Stopping [0;1;39mgetty@tty1.service[0m - Getty on tty1...
         Stopping [0;1;39misc-dhcp-server.service[0m - ISC DHCP IPv4 server...
[[0;32m  OK  [0m] Stopped [0;1;39mmsm-modem-uim-selection.se…[0mlication on the embedded QMI modem.
         Stopping [0;1;39mqrtr-ns.service[0m - QIPCRTR Name Service...
[?2004l         Stopping [0;1;39mserial-getty@ttyMSM0.service[0m - Serial Getty on ttyMSM0...
[?2004h[?2004l
[[0;32m  OK  [0m] Stopped [0;1;39mqrtr-ns.service[0m - QIPCRTR Name Service.
[[0;32m  OK  [0m] Stopped [0;1;39mgetty@tty1.service[0m - Getty on tty1.
]3008;end=c6301b631d0847c79f4e4106ceae18df\[[0;32m  OK  [0m] Stopped [0;1;39mModemManager.service[0m - Modem Manager.
[[0;32m  OK  [0m] Stopped [0;1;39mserial-getty@ttyMSM0.service[0m - Serial Getty on ttyMSM0.
[!p]104\[0m[?7h[1G[0J[6n[32766;32766H[6n[[0;32m  OK  [0m] Stopped [0;1;39misc-dhcp-server.service[0m - ISC DHCP IPv4 server.
[[0;32m  OK  [0m] Finished [0;1;39mfake-hwclock-save.service[0m - Save the current clock.
[[0;32m  OK  [0m] Stopped [0;1;39msession-c1.scope[0m - Session c1 of User citro.
[[0;32m  OK  [0m] Removed slice [0;1;39msystem-getty.slice[0m - Slice /system/getty.
[[0;32m  OK  [0m] Removed slice [0;1;39msystem-serial\x2dget…slice[0m - Slice /system/serial-getty.
[[0;32m  OK  [0m] Stopped target [0;1;39mnetwork-online.target[0m - Network is Online.
[[0;32m  OK  [0m] Stopped [0;1;39mNetworkManager-wait-online…vice[0m - Network Manager Wait Online.
         Stopping [0;1;39mpolkit.service[0m - Authorization Manager...
         Stopping [0;1;39muser@1000.service[0m - User Manager for UID 1000...
[[0;32m  OK  [0m] Stopped [0;1;39mpolkit.service[0m - Authorization Manager.
[[0;32m  OK  [0m] Stopped [0;1;39muser@1000.service[0m - User Manager for UID 1000.
         Stopping [0;1;39msystemd-user-sessions.service[0m - Permit User Sessions...
         Stopping [0;1;39muser-runtime-dir@1000.ser…[0mRuntime Directory /run/user/1000...
[[0;32m  OK  [0m] Unmounted [0;1;39mrun-user-1000.mount[0m - /run/user/1000.
[[0;32m  OK  [0m] Stopped [0;1;39msystemd-user-sessions.service[0m - Permit User Sessions.
[[0;32m  OK  [0m] Stopped [0;1;39muser-runtime-dir@1000.serv…[0mr Runtime Directory /run/user/1000.
[[0;32m  OK  [0m] Removed slice [0;1;39muser-1000.slice[0m - User Slice of UID 1000.
[[0;32m  OK  [0m] Stopped target [0;1;39mnetwork.target[0m - Network.
[[0;32m  OK  [0m] Stopped target [0;1;39mremote-fs.target[0m - Remote File Systems.
         Stopping [0;1;39mNetworkManager.service[0m - Network Manager...
         Stopping [0;1;39mifup@usb0.service[0m - ifup for usb0...
         Stopping [0;1;39mnetworking.service[0m - Raise network interfaces...
         Stopping [0;1;39msystemd-logind.service[0m - User Login Management...
         Stopping [0;1;39mwpa_supplicant.service[0m - WPA supplicant...
[[0;32m  OK  [0m] Stopped [0;1;39msystemd-logind.service[0m - User Login Management.
[[0;32m  OK  [0m] Stopped [0;1;39mwpa_supplicant.service[0m - WPA supplicant.
[[0;32m  OK  [0m] Stopped [0;1;39mNetworkManager.service[0m - Network Manager.
         Stopping [0;1;39mrmtfs.service[0m - Qualcomm remotefs service...
[  597.308293] wwan wwan0: port wwan0at0 disconnected
[  597.318356] wwan wwan0: port wwan0at1 disconnected
[  597.321409] wwan wwan0: port wwan0qmi0 disconnected
[  597.375637] remoteproc remoteproc1: stopped remote processor fc880000.remoteproc
[[0;32m  OK  [0m] Stopped [0;1;39mrmtfs.service[0m - Qualcomm remotefs service.
[[0;32m  OK  [0m] Stopped target [0;1;39mbasic.target[0m - Basic System.
[[0;32m  OK  [0m] Stopped target [0;1;39mpaths.target[0m - Path Units.
[[0;32m  OK  [0m] Stopped [0;1;39msystemd-ask-password-conso…[0mequests to Console Directory Watch.
[[0;32m  OK  [0m] Stopped [0;1;39msystemd-ask-password-wall.…[0md Requests to Wall Directory Watch.
[[0;32m  OK  [0m] Stopped target [0;1;39mslices.target[0m - Slice Units.
[[0;32m  OK  [0m] Removed slice [0;1;39muser.slice[0m - User and Session Slice.
[[0;32m  OK  [0m] Stopped target [0;1;39msockets.target[0m - Socket Units.
[[0;32m  OK  [0m] Closed [0;1;39mpolkit-agent-helper.socket[0m …Authorization Manager Agent Helper.
[[0;32m  OK  [0m] Closed [0;1;39mssh.socket[0m - OpenBSD Secure Shell server socket.
[[0;32m  OK  [0m] Closed [0;1;39msshd-unix-local.socket[0m - Op…temd-ssh-generator, AF_UNIX Local).
[[0;32m  OK  [0m] Closed [0;1;39msystemd-hostnamed.socket[0m - Hostname Service Socket.
[[0;32m  OK  [0m] Closed [0;1;39msystemd-logind-varlink.sock…[0mer Login Management Varlink Socket.
[[0;32m  OK  [0m] Stopped target [0;1;39msysinit.target[0m - System Initialization.
[[0;32m  OK  [0m] Stopped target [0;1;39mimports.target[0m - Image Downloads.
[[0;32m  OK  [0m] Closed [0;1;39msystemd-mute-console.socket[0m…nsole Output Muting Service Socket.
         Stopping [0;1;39msystemd-binfmt.service[0m - Set Up Additional Binary Formats...
[[0;32m  OK  [0m] Stopped [0;1;39msystemd-pstore.service[0m - Platform Persistent Storage Archival.
         Stopping [0;1;39msystemd-resolved.service[0m - Network Name Resolution...
         Stopping [0;1;39msystemd-timesyncd.service[0m - Network Time Synchronization...
[[0;32m  OK  [0m] Stopped [0;1;39msystemd-tmpfiles-setup.ser…[0mreate System Files and Directories.
[[0;32m  OK  [0m] Stopped [0;1;39mifup@usb0.service[0m - ifup for usb0.
[[0;32m  OK  [0m] Stopped [0;1;39msystemd-timesyncd.service[0m - Network Time Synchronization.
[[0;32m  OK  [0m] Stopped [0;1;39msystemd-resolved.service[0m - Network Name Resolution.
[[0;32m  OK  [0m] Stopped [0;1;39msystemd-binfmt.service[0m - Set Up Additional Binary Formats.
[[0;32m  OK  [0m] Unset automount [0;1;39mproc-sys-fs-binfmt…[0mormats File System Automount Point.
[[0;32m  OK  [0m] Closed [0;1;39msystemd-resolved-monitor.so…t[0m - Resolve Monitor Varlink Socket.
[[0;32m  OK  [0m] Closed [0;1;39msystemd-resolved-varlink.so…t[0m - Resolve Service Varlink Socket.
[[0;32m  OK  [0m] Stopped [0;1;39mnetworking.service[0m - Raise network interfaces.
[[0;32m  OK  [0m] Stopped target [0;1;39mnetwork-pre.target[0m - Preparation for Network.
[[0;32m  OK  [0m] Stopped [0;1;39mnetplan-configure.service[0m - Netplan Backend Configuration.
[[0;32m  OK  [0m] Stopped target [0;1;39mlocal-fs.target[0m - Local File Systems.
         Unmounting [0;1;39mboot.mount[0m - /boot...
         Unmounting [0;1;39mtmp.mount[0m - Temporary Directory /tmp...
[[0;32m  OK  [0m] Stopped [0;1;39msystemd-sysctl.service[0m - Apply Kernel Variables.
[[0;32m  OK  [0m] Stopped [0;1;39msystemd-modules-load.service[0m - Load Kernel Modules.
[  598.623953] EXT4-fs (dm-0): unmounting filesystem 4d9c3613-6c4f-496a-9d3d-1431338c68f2.
[[0;32m  OK  [0m] Unmounted [0;1;39mtmp.mount[0m - Temporary Directory /tmp.
[[0;32m  OK  [0m] Unmounted [0;1;39mboot.mount[0m - /boot.
[[0;32m  OK  [0m] Stopped target [0;1;39mlocal-fs-pre.target[0m…Preparation for Local File Systems.
[[0;32m  OK  [0m] Stopped target [0;1;39mswap.target[0m - Swaps.
[[0;32m  OK  [0m] Reached target [0;1;39mumount.target[0m - Unmount All Filesystems.
[[0;32m  OK  [0m] Stopped [0;1;39msystemd-remount-fs.service[0m…mount Root and Kernel File Systems.
[[0;32m  OK  [0m] Stopped [0;1;39msystemd-tmpfiles-setup-dev…[0mCreate Static Device Nodes in /dev.
[[0;32m  OK  [0m] Stopped [0;1;39msystemd-tmpfiles-setup-dev…[0mic Device Nodes in /dev gracefully.
[[0;32m  OK  [0m] Reached target [0;1;39mshutdown.target[0m - System Shutdown.
[[0;32m  OK  [0m] Reached target [0;1;39mfinal.target[0m - Late Shutdown Services.
[[0;32m  OK  [0m] Finished [0;1;39msystemd-reboot.service[0m - System Reboot.
[[0;32m  OK  [0m] Reached target [0;1;39mreboot.target[0m - System Reboot.
]3008;end=b416467271fa48b3ba30ac529fd82bb6\[  599.450650] systemd-shutdown[1]: Using hardware watchdog /dev/watchdog0: 'qcom_wdt', version 0.
[  599.451054] systemd-shutdown[1]: Failed to set watchdog hardware timeout to 10min: Invalid argument
[  599.520896] systemd-shutdown[1]: Syncing filesystems and block devices.
[  599.639683] systemd-shutdown[1]: Sending SIGTERM to remaining processes...
[  599.717553] systemd-journald[191]: Received SIGTERM from PID 1 (systemd-shutdow).

Format: Log Type - Time(microsec) - Message
Log type: B - since boot(excluding boot rom).  D - delta
B -    194437 - SBL1, Start
B -    199714 - scatterload_region && ram_init, Start
D -         0 - scatterload_region && ram_init, Delta
B -    216702 - pm_device_init, Start
D -     27297 - pm_device_init, Delta
B -    244122 - boot_flash_init, Start
D -     12474 - boot_flash_init, Delta
B -    256993 - boot_config_data_table_init, Start
D -    134932 - boot_config_data_table_init, Delta
B -    393511 - sbl1_ddr_set_params, Start
B -    396134 - Pre_DDR_clock_init, Start
D -       274 - Pre_DDR_clock_init, Delta
D -         0 - sbl1_ddr_set_params, Delta
B -    407480 - Detected Samsung SDRAM, Start
B -    411506 - Detected Samsung SDRAM, Start
B -    416904 - pm_driver_init, Start
D -     26382 - pm_driver_init, Delta
B -    444598 - clock_init, Start
D -       183 - clock_init, Delta
B -    447679 - Image Load, Start
B -    470218 - Tz Execution, Start
D -    184952 - Tz Execution, Delta
B -    663283 - Image Load, Start
B -    673714 - Signal PBL to Jump to RPM FW
B -    673989 - sbl1_wait_for_ddr_training, Start
D -     31903 - sbl1_wait_for_ddr_training, Delta
B -    710284 - Image Load, Start
B -    711321 - WDT Execution, Start
D -       213 - WDT Execution, Delta
B -    715652 - Image Load, Start
B -    736758 - sbl1_efs_handle_cookies, Start
D -       152 - sbl1_efs_handle_cookies, Delta
B -    738679 - RPM sync cookie updated
B -    742309 - SBL1, End
Android Bootloader - UART_DM Initialized!!!
[280] Not able to search the panel:
[450] Panel CMD: command mode dma test failed
[450] dsi panel init error
[530] Not able to search the panel:
[700] Panel CMD: command mode dma test failed
[700] dsi panel init error
[770] Not able to search the panel:
[980] Panel CMD: command mode dma test failed
[1030] Panel CMD: command mode dma test failed
[1100] Panel CMD: command mode dma test failed
[1160] Panel CMD: command mode dma test failed
[1230] Panel CMD: command mode dma test failed
[1300] Panel CMD: command mode dma test failed
[1360] Panel CMD: command mode dma test failed
[1430] Panel CMD: command mode dma test failed
[1500] Panel CMD: command mode dma test failed
[1600] Panel CMD: command mode dma test failed
[1700] dsi panel init error
[1710] Not able to search the panel:
[1770] Logo config doesn't match with fb config. Fall back default logo
[1820] Panel CMD: command mode dma test failed
[1830] dsi panel init error
[1840] partition misc doesn't exist
[1840] error in emmc_recovery_init
[1850] No 'misc' partition found
[1850] Error reading MISC partition
[1850] failed to get ffbm cookieAndroid Bootloader - UART_DM Initialized!!!
[0] welcome to lk

[0] SCM call: 0x2000601 failed with :fffffffc
[0] Failed to initialize SCM
[10] platform_init()
[10] target_init()
[10] Setting up SDC power and drive strength for slot 1
[10] Setting up SDC power and drive strength for slot 1
[30] MMC card: BWBC3R (0.2, 02 1998), manufacturer: 15, OEM: 100, capacity: 31268536320 bytes
[40] SDHC Running in HS200 mode
[40] Done initialization of the card
[50] lk2nd_init()
[50] Booted @ 0x8000, r0=0x0, r1=0x0, r2=0x1e00000
[50] Found valid DTB with 1746 bytes total
[60] Command line from previous bootloader: lk2nd androidboot.emmc=true androidboot.serialno=733bfccd androidboot.baseband=msm mdss_mdp.panel=0:dsi:0:
[70] Detected device: Fairphone 2 (compatible: fairphone,fp2)
[80] keys: 1 keymap overrides applied
[90] Skipping GDSC check for headless boot
[90] usbcon: started (dwc)
[90] 
=== lk2nd ===
[100] Press any key within 10 seconds for the lk2nd shell
[100] Booting in 10 ...  [1100] Booting in  9 ...  [2100] Booting in  8 ...  [3100] Booting in  7 ...  [4100] Booting in  6 ...  [5100] Booting in  5 ...  [6100] Booting in  4 ...  [7100] Booting in  3 ...  [8100] Booting in  2 ...  [9100] Booting in  1 ...  [10100] No key pressed -- continuing normal boot   

[10100] Registering wrapper bio devices...
[10110] Registering mmc_sdhci bio devices...
[10110] Selected SDC slot 2
[10120] Setting up SDC power and drive strength for slot 2
[10130] Error: Command timeout error
[10130] Failure getting OCR response from MMC Card
[10130] MMC card failed to respond, try for SD card
[10140] Error: Command timeout error
[10140] The response for CMD8 does not match the supplied value
[10150] Failed to initialize SD card
[10150] Failed detecting MMC/SDC @ slot2
[10150] SD card MMC is unavailable.
[10160] block devices:
[10160]  | dev        | label           | size       | Leaf |
[10160]  | wrp0p20    | lk2nd           |    512 KiB | Yes  |
[10170]  | wrp0p19p1  |                 |  26433 MiB | Yes  |
[10170]  | wrp0p19p0  |                 |    122 MiB | Yes  |
[10180]  | wrp0p19    | userdata        |  26555 MiB |      |
[10190]  | wrp0p18    | ssd             |      8 KiB | Yes  |
[10190]  | wrp0p17    | fsc             |      1 KiB | Yes  |
[10200]  | wrp0p16    | fsg             |      1 MiB | Yes  |
[10200]  | wrp0p15    | recovery        |     16 MiB | Yes  |
[10210]  | wrp0p14    | cache           |    640 MiB | Yes  |
[10210]  | wrp0p13    | persist         |     32 MiB | Yes  |
[10220]  | wrp0p12    | system          |   2048 MiB | Yes  |
[10220]  | wrp0p11    | modemst2        |      1 MiB | Yes  |
[10230]  | wrp0p10    | modemst1        |      1 MiB | Yes  |
[10230]  | wrp0p9     | pad             |   1024 KiB | Yes  |
[10240]  | wrp0p8     | tz              |    500 KiB | Yes  |
[10250]  | wrp0p7     | boot            |     15 MiB | Yes  |
[10250]  | wrp0p6     | rpm             |    500 KiB | Yes  |
[10260]  | wrp0p5     | splash          |     10 MiB | Yes  |
[10260]  | wrp0p4     | aboot           |   1024 KiB | Yes  |
[10270]  | wrp0p3     | DDR             |     32 KiB | Yes  |
[10270]  | wrp0p2     | dbi             |     32 KiB | Yes  |
[10280]  | wrp0p1     | sbl1            |    512 KiB | Yes  |
[10280]  | wrp0p0     | modem           |     64 MiB | Yes  |
[10290]  | wrp0       |                 |  29820 MiB |      |
[10290] boot: Trying to boot from the file system...
[10300] A/B boot offsets: A=0x100000, B=0x4100000
[10300] A/B boot: Failed to resolve base device 'userdata'
[10310] extlinux: Default label 'Buildroot' not found, using first label 'postmarketOS'
[10320] Trying to boot 'postmarketOS'
[10450] Updating device tree: start
[10460] Custom CPU enable-method detected, skipping SMP spin table
[10470] Updating device tree: done
[10470] booting linux @ 0x8000, ramdisk @ 0x251a000 (13522909), tags/device tree @ 0x231a000
[    0.000000] Booting Linux on physical CPU 0x0
[    0.000000] Linux version 6.18.40-citronics-lime-fp2-gaa55b1b242a1 (runner@runnervmvrwv9) (arm-linux-gnueabihf-gcc (Ubuntu 13.3.0-6ubuntu2~24.04.1) 13.3.0, GNU ld (GNU Binutils for Ubuntu) 2.42) #1 SMP PREEMPT Sun Jul 26 08:08:36 UTC 2026
[    0.000000] CPU: ARMv7 Processor [512f06f1] revision 1 (ARMv7), cr=10c5787d
[    0.000000] CPU: div instructions available: patching division code
[    0.000000] CPU: PIPT / VIPT nonaliasing data cache, PIPT instruction cache
[    0.000000] OF: fdt: Machine model: Fairphone 2
[    0.000000] earlycon: msm_serial_dm0 at MMIO 0xf991e000 (options '')
[    0.000000] printk: legacy bootconsole [msm_serial_dm0] enabled
[    0.000000] Memory policy: Data cache writealloc
[    0.000000] cma: Reserved 256 MiB at 0x70000000
[    0.000000] Zone ranges:
[    0.000000]   Normal   [mem 0x0000000000000000-0x000000002fffffff]
[    0.000000]   HighMem  [mem 0x0000000030000000-0x000000007fffffff]
[    0.000000] Movable zone start for each node
[    0.000000] Early memory node ranges
[    0.000000]   node   0: [mem 0x0000000000000000-0x0000000007ffffff]
[    0.000000]   node   0: [mem 0x0000000008000000-0x000000000fffffff]
[    0.000000]   node   0: [mem 0x0000000010000000-0x000000007fffffff]
[    0.000000] Initmem setup node 0 [mem 0x0000000000000000-0x000000007fffffff]
[    0.000000] OF: reserved mem: 0x08000000..0x0d0fffff (82944 KiB) nomap non-reusable mpss@8000000
[    0.000000] OF: reserved mem: 0x0d100000..0x0d1fffff (1024 KiB) nomap non-reusable mba@d100000
[    0.000000] OF: reserved mem: 0x0d200000..0x0dbfffff (10240 KiB) nomap non-reusable wcnss@d200000
[    0.000000] OF: reserved mem: 0x0dc00000..0x0f4fffff (25600 KiB) nomap non-reusable adsp@dc00000
[    0.000000] OF: reserved mem: 0x0f500000..0x0f9fffff (5120 KiB) nomap non-reusable memory@f500000
[    0.000000] OF: reserved mem: 0x0fa00000..0x0fbfffff (2048 KiB) nomap non-reusable smem@fa00000
[    0.000000] OF: reserved mem: 0x0fc00000..0x0fd5ffff (1408 KiB) nomap non-reusable memory@fc00000
[    0.000000] OF: reserved mem: 0x0fd60000..0x0fd7ffff (128 KiB) nomap non-reusable memory@fd60000
[    0.000000] OF: reserved mem: 0x0fd80000..0x0fefffff (1536 KiB) nomap non-reusable rmtfs@fd80000
[    0.000000] OF: reserved mem: 0x0ff00000..0x0fffffff (1024 KiB) nomap non-reusable ramoops@ff00000
[    0.000000] percpu: Embedded 19 pages/cpu s46796 r8192 d22836 u77824
[    0.000000] Kernel command line: earlycon=msm_serial_dm,0xf991e000 msm.vram=192m msm.allow_vram_carveout=1 fbcon=rotate:1 fbcon=font:TER16x32 rootfs=/dev/mmcblk0p20p2 bootpart=/dev/mmcblk0p20p1 resize_rootfs=1
[    0.000000] Unknown kernel command line parameters "rootfs=/dev/mmcblk0p20p2 bootpart=/dev/mmcblk0p20p1 resize_rootfs=1", will be passed to user space.
[    0.000000] printk: log buffer data + meta data: 131072 + 409600 = 540672 bytes
[    0.000000] Dentry cache hash table entries: 131072 (order: 7, 524288 bytes, linear)
[    0.000000] Inode-cache hash table entries: 65536 (order: 6, 262144 bytes, linear)
[    0.000000] Built 1 zonelists, mobility grouping on.  Total pages: 524288
[    0.000000] mem auto-init: stack:off, heap alloc:off, heap free:off
[    0.000000] SLUB: HWalign=64, Order=0-3, MinObjects=0, CPUs=4, Nodes=1
[    0.000000] ftrace: allocating 40844 entries in 120 pages
[    0.000000] ftrace: allocated 120 pages with 4 groups
[    0.000000] rcu: Preemptible hierarchical RCU implementation.
[    0.000000] 	Trampoline variant of Tasks RCU enabled.
[    0.000000] 	Rude variant of Tasks RCU enabled.
[    0.000000] 	Tracing variant of Tasks RCU enabled.
[    0.000000] rcu: RCU calculated value of scheduler-enlistment delay is 10 jiffies.
[    0.000000] RCU Tasks: Setting shift to 2 and lim to 1 rcu_task_cb_adjust=1 rcu_task_cpu_ids=4.
[    0.000000] RCU Tasks Rude: Setting shift to 2 and lim to 1 rcu_task_cb_adjust=1 rcu_task_cpu_ids=4.
[    0.000000] RCU Tasks Trace: Setting shift to 2 and lim to 1 rcu_task_cb_adjust=1 rcu_task_cpu_ids=4.
[    0.000000] NR_IRQS: 16, nr_irqs: 16, preallocated irqs: 16
[    0.000000] rcu: srcu_init: Setting srcu_struct sizes based on contention.
[    0.000000] clocksource: jiffies: mask: 0xffffffff max_cycles: 0xffffffff, max_idle_ns: 19112604462750000 ns
[    0.000000] arch_timer: cp15 timer running at 19.20MHz (virt).
[    0.000000] clocksource: arch_sys_counter: mask: 0xffffffffffffff max_cycles: 0x46d987e47, max_idle_ns: 440795202767 ns
[    0.000001] sched_clock: 56 bits at 19MHz, resolution 52ns, wraps every 4398046511078ns
[    0.010671] Switching to timer-based delay loop, resolution 52ns
[    0.018883] Console: colour dummy device 80x30
[    0.024908] printk: legacy console [tty0] enabled
[    0.029171] printk: legacy bootconsole [msm_serial_dm0] disabled
[    0.000000] Booting Linux on physical CPU 0x0
[    0.000000] Linux version 6.18.40-citronics-lime-fp2-gaa55b1b242a1 (runner@runnervmvrwv9) (arm-linux-gnueabihf-gcc (Ubuntu 13.3.0-6ubuntu2~24.04.1) 13.3.0, GNU ld (GNU Binutils for Ubuntu) 2.42) #1 SMP PREEMPT Sun Jul 26 08:08:36 UTC 2026
[    0.000000] CPU: ARMv7 Processor [512f06f1] revision 1 (ARMv7), cr=10c5787d
[    0.000000] CPU: div instructions available: patching division code
[    0.000000] CPU: PIPT / VIPT nonaliasing data cache, PIPT instruction cache
[    0.000000] OF: fdt: Machine model: Fairphone 2
[    0.000000] earlycon: msm_serial_dm0 at MMIO 0xf991e000 (options '')
[    0.000000] printk: legacy bootconsole [msm_serial_dm0] enabled
[    0.000000] Memory policy: Data cache writealloc
[    0.000000] cma: Reserved 256 MiB at 0x70000000
[    0.000000] Zone ranges:
[    0.000000]   Normal   [mem 0x0000000000000000-0x000000002fffffff]
[    0.000000]   HighMem  [mem 0x0000000030000000-0x000000007fffffff]
[    0.000000] Movable zone start for each node
[    0.000000] Early memory node ranges
[    0.000000]   node   0: [mem 0x0000000000000000-0x0000000007ffffff]
[    0.000000]   node   0: [mem 0x0000000008000000-0x000000000fffffff]
[    0.000000]   node   0: [mem 0x0000000010000000-0x000000007fffffff]
[    0.000000] Initmem setup node 0 [mem 0x0000000000000000-0x000000007fffffff]
[    0.000000] OF: reserved mem: 0x08000000..0x0d0fffff (82944 KiB) nomap non-reusable mpss@8000000
[    0.000000] OF: reserved mem: 0x0d100000..0x0d1fffff (1024 KiB) nomap non-reusable mba@d100000
[    0.000000] OF: reserved mem: 0x0d200000..0x0dbfffff (10240 KiB) nomap non-reusable wcnss@d200000
[    0.000000] OF: reserved mem: 0x0dc00000..0x0f4fffff (25600 KiB) nomap non-reusable adsp@dc00000
[    0.000000] OF: reserved mem: 0x0f500000..0x0f9fffff (5120 KiB) nomap non-reusable memory@f500000
[    0.000000] OF: reserved mem: 0x0fa00000..0x0fbfffff (2048 KiB) nomap non-reusable smem@fa00000
[    0.000000] OF: reserved mem: 0x0fc00000..0x0fd5ffff (1408 KiB) nomap non-reusable memory@fc00000
[    0.000000] OF: reserved mem: 0x0fd60000..0x0fd7ffff (128 KiB) nomap non-reusable memory@fd60000
[    0.000000] OF: reserved mem: 0x0fd80000..0x0fefffff (1536 KiB) nomap non-reusable rmtfs@fd80000
[    0.000000] OF: reserved mem: 0x0ff00000..0x0fffffff (1024 KiB) nomap non-reusable ramoops@ff00000
[    0.000000] percpu: Embedded 19 pages/cpu s46796 r8192 d22836 u77824
[    0.000000] Kernel command line: earlycon=msm_serial_dm,0xf991e000 msm.vram=192m msm.allow_vram_carveout=1 fbcon=rotate:1 fbcon=font:TER16x32 rootfs=/dev/mmcblk0p20p2 bootpart=/dev/mmcblk0p20p1 resize_rootfs=1
[    0.000000] Unknown kernel command line parameters "rootfs=/dev/mmcblk0p20p2 bootpart=/dev/mmcblk0p20p1 resize_rootfs=1", will be passed to user space.
[    0.000000] printk: log buffer data + meta data: 131072 + 409600 = 540672 bytes
[    0.000000] Dentry cache hash table entries: 131072 (order: 7, 524288 bytes, linear)
[    0.000000] Inode-cache hash table entries: 65536 (order: 6, 262144 bytes, linear)
[    0.000000] Built 1 zonelists, mobility grouping on.  Total pages: 524288
[    0.000000] mem auto-init: stack:off, heap alloc:off, heap free:off
[    0.000000] SLUB: HWalign=64, Order=0-3, MinObjects=0, CPUs=4, Nodes=1
[    0.000000] ftrace: allocating 40844 entries in 120 pages
[    0.000000] ftrace: allocated 120 pages with 4 groups
[    0.000000] rcu: Preemptible hierarchical RCU implementation.
[    0.000000] 	Trampoline variant of Tasks RCU enabled.
[    0.000000] 	Rude variant of Tasks RCU enabled.
[    0.000000] 	Tracing variant of Tasks RCU enabled.
[    0.000000] rcu: RCU calculated value of scheduler-enlistment delay is 10 jiffies.
[    0.000000] RCU Tasks: Setting shift to 2 and lim to 1 rcu_task_cb_adjust=1 rcu_task_cpu_ids=4.
[    0.000000] RCU Tasks Rude: Setting shift to 2 and lim to 1 rcu_task_cb_adjust=1 rcu_task_cpu_ids=4.
[    0.000000] RCU Tasks Trace: Setting shift to 2 and lim to 1 rcu_task_cb_adjust=1 rcu_task_cpu_ids=4.
[    0.000000] NR_IRQS: 16, nr_irqs: 16, preallocated irqs: 16
[    0.000000] rcu: srcu_init: Setting srcu_struct sizes based on contention.
[    0.000000] clocksource: jiffies: mask: 0xffffffff max_cycles: 0xffffffff, max_idle_ns: 19112604462750000 ns
[    0.000000] arch_timer: cp15 timer running at 19.20MHz (virt).
[    0.000000] clocksource: arch_sys_counter: mask: 0xffffffffffffff max_cycles: 0x46d987e47, max_idle_ns: 440795202767 ns
[    0.000001] sched_clock: 56 bits at 19MHz, resolution 52ns, wraps every 4398046511078ns
[    0.010671] Switching to timer-based delay loop, resolution 52ns
[    0.018883] Console: colour dummy device 80x30
[    0.024908] printk: legacy console [tty0] enabled
[    0.029171] printk: legacy bootconsole [msm_serial_dm0] disabled
[    0.033969] Calibrating delay loop (skipped), value calculated using timer frequency.. 38.40 BogoMIPS (lpj=192000)
[    0.034009] CPU: Testing write buffer coherency: ok
[    0.034070] pid_max: default: 32768 minimum: 301
[    0.034292] Mount-cache hash table entries: 2048 (order: 1, 8192 bytes, linear)
[    0.034329] Mountpoint-cache hash table entries: 2048 (order: 1, 8192 bytes, linear)
[    0.035581] CPU0: thread -1, cpu 0, socket 0, mpidr 80000000
[    0.035721] qcom_scm: convention: smc legacy
[    0.037546] Setting up static identity map for 0x100000 - 0x100060
[    0.037784] rcu: Hierarchical SRCU implementation.
[    0.037808] rcu: 	Max phase no-delay instances is 1000.
[    0.038248] Timer migration: 1 hierarchy levels; 8 children per group; 1 crossnode level
[    0.039412] smp: Bringing up secondary CPUs ...
[    0.040567] CPU1: thread -1, cpu 1, socket 0, mpidr 80000001
[    0.042157] CPU2: thread -1, cpu 2, socket 0, mpidr 80000002
[    0.043710] CPU3: thread -1, cpu 3, socket 0, mpidr 80000003
[    0.044166] smp: Brought up 1 node, 4 CPUs
[    0.044229] SMP: Total of 4 processors activated (153.60 BogoMIPS).
[    0.044256] CPU: All CPU(s) started in SVC mode.
[    0.044625] Memory: 1647296K/2097152K available (12288K kernel code, 1382K rwdata, 4588K rodata, 1024K init, 291K bss, 184292K reserved, 262144K cma-reserved, 1048576K highmem)
[    0.045292] devtmpfs: initialized
[    0.075083] VFP support v0.3: implementor 51 architecture 64 part 6f variant 2 rev 1
[    0.076139] posixtimers hash table entries: 2048 (order: 2, 16384 bytes, linear)
[    0.076219] futex hash table entries: 1024 (65536 bytes on 1 NUMA nodes, total 64 KiB, linear).
[    0.081377] pinctrl core: initialized pinctrl subsystem
[    0.083382] NET: Registered PF_NETLINK/PF_ROUTE protocol family
[    0.086209] DMA: preallocated 256 KiB pool for atomic coherent allocations
[    0.087904] thermal_sys: Registered thermal governor 'step_wise'
[    0.088039] cpuidle: using governor ladder
[    0.088146] cpuidle: using governor menu
[    0.088659] hw-breakpoint: found 5 (+1 reserved) breakpoint and 4 watchpoint registers.
[    0.088695] hw-breakpoint: maximum watchpoint size is 8 bytes.
[    0.093232] printk: legacy console [ramoops-1] enabled
[    0.103255] pstore: Registered ramoops as persistent store backend
[    0.103357] ramoops: using 0x100000@0xff00000, ecc: 16
[    0.119386] /soc/usb@f9a55000: Fixed dependency cycle(s) with /soc/usb@f9a55000/ulpi/phy-0
[    0.119617] /soc/usb@f9a55000/ulpi/phy-0: Fixed dependency cycle(s) with /soc/usb@f9a55000
[    0.119950] /soc/etf@fc307000: Fixed dependency cycle(s) with /soc/funnel@fc31b000
[    0.120147] /soc/etf@fc307000: Fixed dependency cycle(s) with /soc/replicator@fc31c000
[    0.120340] /soc/tpiu@fc318000: Fixed dependency cycle(s) with /soc/replicator@fc31c000
[    0.120559] /soc/funnel@fc31a000: Fixed dependency cycle(s) with /soc/funnel@fc31b000
[    0.120765] /soc/funnel@fc31a000: Fixed dependency cycle(s) with /soc/funnel@fc345000
[    0.120983] /soc/funnel@fc31b000: Fixed dependency cycle(s) with /soc/etf@fc307000
[    0.121135] /soc/funnel@fc31b000: Fixed dependency cycle(s) with /soc/funnel@fc31a000
[    0.121376] /soc/replicator@fc31c000: Fixed dependency cycle(s) with /soc/etf@fc307000
[    0.121559] /soc/replicator@fc31c000: Fixed dependency cycle(s) with /soc/tpiu@fc318000
[    0.121683] /soc/replicator@fc31c000: Fixed dependency cycle(s) with /soc/etr@fc322000
[    0.121937] /soc/etr@fc322000: Fixed dependency cycle(s) with /soc/replicator@fc31c000
[    0.122182] /soc/etm@fc33c000: Fixed dependency cycle(s) with /soc/funnel@fc345000
[    0.122369] /soc/etm@fc33d000: Fixed dependency cycle(s) with /soc/funnel@fc345000
[    0.122614] /soc/etm@fc33e000: Fixed dependency cycle(s) with /soc/funnel@fc345000
[    0.122860] /soc/etm@fc33f000: Fixed dependency cycle(s) with /soc/funnel@fc345000
[    0.123025] /soc/funnel@fc345000: Fixed dependency cycle(s) with /soc/funnel@fc31a000
[    0.123207] /soc/funnel@fc345000: Fixed dependency cycle(s) with /soc/etm@fc33f000
[    0.123388] /soc/funnel@fc345000: Fixed dependency cycle(s) with /soc/etm@fc33e000
[    0.123511] /soc/funnel@fc345000: Fixed dependency cycle(s) with /soc/etm@fc33d000
[    0.123693] /soc/funnel@fc345000: Fixed dependency cycle(s) with /soc/etm@fc33c000
[    0.132970] /soc/usb@f9a55000: Fixed dependency cycle(s) with /soc/usb@f9a55000/ulpi/phy-0
[    0.133234] /soc/usb@f9a55000/ulpi/phy-0: Fixed dependency cycle(s) with /soc/usb@f9a55000
[    0.134691] /soc/etf@fc307000: Fixed dependency cycle(s) with /soc/funnel@fc31b000
[    0.134894] /soc/etf@fc307000: Fixed dependency cycle(s) with /soc/replicator@fc31c000
[    0.135301] /soc/tpiu@fc318000: Fixed dependency cycle(s) with /soc/replicator@fc31c000
[    0.135626] /soc/funnel@fc31a000: Fixed dependency cycle(s) with /soc/funnel@fc31b000
[    0.135843] /soc/funnel@fc31a000: Fixed dependency cycle(s) with /soc/funnel@fc345000
[    0.136223] /soc/funnel@fc31a000: Fixed dependency cycle(s) with /soc/funnel@fc31b000
[    0.136489] /soc/etf@fc307000: Fixed dependency cycle(s) with /soc/funnel@fc31b000
[    0.136787] /soc/funnel@fc31b000: Fixed dependency cycle(s) with /soc/etf@fc307000
[    0.137096] /soc/funnel@fc31b000: Fixed dependency cycle(s) with /soc/funnel@fc31a000
[    0.137548] /soc/tpiu@fc318000: Fixed dependency cycle(s) with /soc/replicator@fc31c000
[    0.137839] /soc/etf@fc307000: Fixed dependency cycle(s) with /soc/replicator@fc31c000
[    0.138163] /soc/replicator@fc31c000: Fixed dependency cycle(s) with /soc/etf@fc307000
[    0.138443] /soc/replicator@fc31c000: Fixed dependency cycle(s) with /soc/tpiu@fc318000
[    0.138661] /soc/replicator@fc31c000: Fixed dependency cycle(s) with /soc/etr@fc322000
[    0.139013] /soc/replicator@fc31c000: Fixed dependency cycle(s) with /soc/etr@fc322000
[    0.139355] /soc/etr@fc322000: Fixed dependency cycle(s) with /soc/replicator@fc31c000
[    0.139811] /soc/etm@fc33c000: Fixed dependency cycle(s) with /soc/funnel@fc345000
[    0.140221] /soc/etm@fc33d000: Fixed dependency cycle(s) with /soc/funnel@fc345000
[    0.140629] /soc/etm@fc33e000: Fixed dependency cycle(s) with /soc/funnel@fc345000
[    0.140974] /soc/etm@fc33f000: Fixed dependency cycle(s) with /soc/funnel@fc345000
[    0.141400] /soc/etm@fc33f000: Fixed dependency cycle(s) with /soc/funnel@fc345000
[    0.141746] /soc/etm@fc33e000: Fixed dependency cycle(s) with /soc/funnel@fc345000
[    0.142027] /soc/etm@fc33d000: Fixed dependency cycle(s) with /soc/funnel@fc345000
[    0.142363] /soc/etm@fc33c000: Fixed dependency cycle(s) with /soc/funnel@fc345000
[    0.142664] /soc/funnel@fc31a000: Fixed dependency cycle(s) with /soc/funnel@fc345000
[    0.142922] /soc/funnel@fc345000: Fixed dependency cycle(s) with /soc/funnel@fc31a000
[    0.143139] /soc/funnel@fc345000: Fixed dependency cycle(s) with /soc/etm@fc33f000
[    0.143415] /soc/funnel@fc345000: Fixed dependency cycle(s) with /soc/etm@fc33e000
[    0.143690] /soc/funnel@fc345000: Fixed dependency cycle(s) with /soc/etm@fc33d000
[    0.143911] /soc/funnel@fc345000: Fixed dependency cycle(s) with /soc/etm@fc33c000
[    0.158757] kprobes: kprobe jump-optimization is enabled. All kprobes are optimized if possible.
[    0.162782] iommu: Default domain type: Translated
[    0.162889] iommu: DMA domain TLB invalidation policy: strict mode
[    0.163913] SCSI subsystem initialized
[    0.164651] usbcore: registered new interface driver usbfs
[    0.164824] usbcore: registered new interface driver hub
[    0.165036] usbcore: registered new device driver usb
[    0.166407] Advanced Linux Sound Architecture Driver Initialized.
[    0.168171] clocksource: Switched to clocksource arch_sys_counter
[    0.339491] NET: Registered PF_INET protocol family
[    0.339853] IP idents hash table entries: 16384 (order: 5, 131072 bytes, linear)
[    0.341613] tcp_listen_portaddr_hash hash table entries: 512 (order: 0, 4096 bytes, linear)
[    0.341806] Table-perturb hash table entries: 65536 (order: 6, 262144 bytes, linear)
[    0.341984] TCP established hash table entries: 8192 (order: 3, 32768 bytes, linear)
[    0.342179] TCP bind hash table entries: 8192 (order: 5, 131072 bytes, linear)
[    0.342396] TCP: Hash tables configured (established 8192 bind 8192)
[    0.342629] UDP hash table entries: 512 (order: 3, 28672 bytes, linear)
[    0.342761] UDP-Lite hash table entries: 512 (order: 3, 28672 bytes, linear)
[    0.343096] NET: Registered PF_UNIX/PF_LOCAL protocol family
[    0.343708] Trying to unpack rootfs image as initramfs...
[    0.345029] Initialise system trusted keyrings
[    0.345470] workingset: timestamp_bits=14 max_order=19 bucket_order=5
[    0.525643] Key type asymmetric registered
[    0.525806] Asymmetric key parser 'x509' registered
[    0.526148] Block layer SCSI generic (bsg) driver version 0.4 loaded (major 246)
[    0.526597] io scheduler mq-deadline registered
[    0.526822] io scheduler kyber registered
[    0.535595] ------------[ cut here ]------------
[    0.535757] WARNING: CPU: 0 PID: 1 at drivers/clk/qcom/clk-hfpll.c:101 __clk_hfpll_enable+0x1e0/0x1e8
[    0.535889] hfpll1 failed to lock in 200 us (L_VAL 0)
[    0.536046] Modules linked in:
[    0.536154] CPU: 0 UID: 0 PID: 1 Comm: swapper/0 Not tainted 6.18.40-citronics-lime-fp2-gaa55b1b242a1 #1 PREEMPT 
[    0.536170] Hardware name: Generic DT based system
[    0.536177] Call trace: 
[    0.536186] [<c01018d8>] (unwind_backtrace) from [<c0118870>] (show_stack+0x18/0x1c)
[    0.536216] [<c0118870>] (show_stack) from [<c010d0c8>] (dump_stack_lvl+0x50/0x64)
[    0.536237] [<c010d0c8>] (dump_stack_lvl) from [<c012e574>] (__warn+0x84/0x154)
[    0.536262] [<c012e574>] (__warn) from [<c012e76c>] (warn_slowpath_fmt+0x128/0x1bc)
[    0.536285] [<c012e76c>] (warn_slowpath_fmt) from [<c06557a8>] (__clk_hfpll_enable+0x1e0/0x1e8)
[    0.536317] [<c06557a8>] (__clk_hfpll_enable) from [<c06559b0>] (clk_hfpll_enable+0x90/0x98)
[    0.536347] [<c06559b0>] (clk_hfpll_enable) from [<c063fa00>] (clk_core_enable+0x74/0x1e4)
[    0.536373] [<c063fa00>] (clk_core_enable) from [<c063f9dc>] (clk_core_enable+0x50/0x1e4)
[    0.536392] [<c063f9dc>] (clk_core_enable) from [<c063fb98>] (clk_enable+0x28/0x3c)
[    0.536410] [<c063fb98>] (clk_enable) from [<c065873c>] (krait_add_clks+0x4fc/0x614)
[    0.536429] [<c065873c>] (krait_add_clks) from [<c0658908>] (krait_cc_probe+0xb4/0x330)
[    0.536445] [<c0658908>] (krait_cc_probe) from [<c07aa380>] (platform_probe+0x64/0x98)
[    0.536468] [<c07aa380>] (platform_probe) from [<c07a7474>] (really_probe+0xd8/0x3ac)
[    0.536499] [<c07a7474>] (really_probe) from [<c07a77e8>] (__driver_probe_device+0xa0/0x208)
[    0.536530] [<c07a77e8>] (__driver_probe_device) from [<c07a7a28>] (driver_probe_device+0x38/0xc8)
[    0.536561] [<c07a7a28>] (driver_probe_device) from [<c07a7cac>] (__driver_attach+0xe0/0x1b8)
[    0.536593] [<c07a7cac>] (__driver_attach) from [<c07a4f88>] (bus_for_each_dev+0x78/0xc8)
[    0.536623] [<c07a4f88>] (bus_for_each_dev) from [<c07a648c>] (bus_add_driver+0xf8/0x21c)
[    0.536651] [<c07a648c>] (bus_add_driver) from [<c07a8ca0>] (driver_register+0x84/0x11c)
[    0.536675] [<c07a8ca0>] (driver_register) from [<c010ea34>] (do_one_initcall+0x3c/0x254)
[    0.536697] [<c010ea34>] (do_one_initcall) from [<c1201480>] (kernel_init_freeable+0x20c/0x278)
[    0.536720] [<c1201480>] (kernel_init_freeable) from [<c0c5b500>] (kernel_init+0x24/0x140)
[    0.536740] [<c0c5b500>] (kernel_init) from [<c010014c>] (ret_from_fork+0x14/0x28)
[    0.536757] Exception stack(0xf0819fb0 to 0xf0819ff8)
[    0.536768] 9fa0:                                     00000000 00000000 00000000 00000000
[    0.536779] 9fc0: 00000000 00000000 00000000 00000000 00000000 00000000 00000000 00000000
[    0.536788] 9fe0: 00000000 00000000 00000000 00000000 00000013 00000000
[    0.536796] ---[ end trace 0000000000000000 ]---
[    0.541672] L2 @ 729600 KHz
[    0.542195] CPU0 @ 960000 KHz
[    0.542515] CPU1 @ 960000 KHz
[    0.542776] CPU2 @ 960000 KHz
[    0.543046] CPU3 @ 960000 KHz
[    0.635085] msm_serial: driver initialized
[    0.655450] brd: module loaded
[    0.664743] loop: module loaded
[    0.665473] SCSI Media Changer driver v0.25 
[    0.666398] spmi_pmic_arb fc4cf000.spmi: PMIC arbiter version v1 (0x20000002)
[    0.682252] /soc/spmi@fc4cf000/pm8941@1/regulators: Fixed dependency cycle(s) with /soc/spmi@fc4cf000/pm8941@1/regulators/s4
[    0.685487] SLIP: version 0.8.4-NET3.019-NEWTTY (dynamic channels, max=256) (6 bit encapsulation enabled).
[    0.685657] CSLIP: code copyright 1989 Regents of the University of California.
[    0.687783] usbcore: registered new interface driver cdc_acm
[    0.687886] cdc_acm: USB Abstract Control Model driver for USB modems and ISDN adapters
[    0.690538] UDC core: g_ether: couldn't find an available UDC
[    0.693124] rtc-pm8xxx fc4cf000.spmi:pm8941@0:rtc@6000: registered as rtc0
[    0.693279] rtc-pm8xxx fc4cf000.spmi:pm8941@0:rtc@6000: setting system clock to 1970-01-01T00:19:18 UTC (1158)
[    0.693572] i2c_dev: i2c /dev entries driver
[    0.694745] qcom-pon fc4cf000.spmi:pm8941@0:pon@800: pon=0x80 warm_reset=0x0002 poff=0x0000
[    0.694917] qcom-pon fc4cf000.spmi:pm8941@0:pon@800: power-on: KPD (power key)
[    0.695080] qcom-pon fc4cf000.spmi:pm8941@0:pon@800: previous power-off: none (0x00)
[    0.700394] device-mapper: ioctl: 4.50.0-ioctl (2025-04-28) initialised: dm-devel@lists.linux.dev
[    0.702211] sdhci: Secure Digital Host Controller Interface driver
[    0.702375] sdhci: Copyright(c) Pierre Ossman
[    0.702470] sdhci-pltfm: SDHCI platform and OF driver helper
[    0.703522] clocksource: arch_mmio_counter: mask: 0xffffffffffffff max_cycles: 0x46d987e47, max_idle_ns: 440795202767 ns
[    0.703699] arch-timer-mmio f9020000.timer: mmio timer running at 19.20MHz (virt)
[    0.704272] hid: raw HID events driver (C) Jiri Kosina
[    0.704609] usbcore: registered new interface driver usbhid
[    0.704710] usbhid: USB HID core driver
[    0.707004] hw perfevents: enabled with armv7_krait PMU driver, 5 (8000000f) counters available
[    0.713086] Initializing XFRM netlink socket
[    0.713369] NET: Registered PF_INET6 protocol family
[    0.714864] Segment Routing with IPv6
[    0.715025] In-situ OAM (IOAM) with IPv6
[    0.715262] NET: Registered PF_PACKET protocol family
[    0.715376] NET: Registered PF_KEY protocol family
[    0.715536] 8021q: 802.1Q VLAN Support v1.8
[    0.715689] Key type dns_resolver registered
[    0.715971] Registering SWP/SWPB emulation handler
[    0.732056] Loading compiled-in X.509 certificates
[    0.806520] s1: Bringing 0uV into 675000-675000uV
[    0.807158] s3: Bringing 0uV into 1050000-1050000uV
[    0.807369] s1: Bringing 0uV into 1300000-1300000uV
[    0.808549] s2: Bringing 0uV into 2150000-2150000uV
[    0.809213] s3: Bringing 0uV into 1800000-1800000uV
[    0.809847] l1: Bringing 0uV into 1225000-1225000uV
[    0.810393] l2: Bringing 0uV into 1200000-1200000uV
[    0.810835] l3: Bringing 0uV into 1225000-1225000uV
[    0.811336] l4: Bringing 0uV into 1225000-1225000uV
[    0.811765] l5: Bringing 0uV into 1800000-1800000uV
[    0.812380] l6: Bringing 0uV into 1800000-1800000uV
[    0.812968] l7: Bringing 0uV into 1800000-1800000uV
[    0.813469] l8: Bringing 0uV into 1800000-1800000uV
[    0.814053] l9: Bringing 0uV into 1800000-1800000uV
[    0.814538] l10: Bringing 0uV into 1800000-1800000uV
[    0.815058] l11: Bringing 0uV into 1225000-1225000uV
[    0.815579] l12: Bringing 0uV into 1800000-1800000uV
[    0.816238] l13: Bringing 0uV into 1800000-1800000uV
[    0.816822] l14: Bringing 0uV into 1800000-1800000uV
[    0.817299] l15: Bringing 0uV into 2050000-2050000uV
[    0.817828] l16: Bringing 0uV into 2700000-2700000uV
[    0.818416] l17: Bringing 0uV into 2850000-2850000uV
[    0.818942] l18: Bringing 0uV into 2850000-2850000uV
[    0.819486] l19: Bringing 0uV into 2900000-2900000uV
[    0.820160] l20: Bringing 0uV into 2950000-2950000uV
[    0.820800] l21: Bringing 0uV into 2950000-2950000uV
[    0.821434] l22: Bringing 0uV into 3000000-3000000uV
[    0.821930] l23: Bringing 0uV into 3000000-3000000uV
[    0.822490] l24: Bringing 0uV into 3075000-3075000uV
[    0.832067] ocmem fdd00000.sram: 8 ports, 3 regions, 24 macros, interleaved
[    0.834896] qcom-smsm smsm: mbox_request_channel: can't parse "mboxes" property
[    0.835090] qcom-smsm smsm: mbox_request_channel: can't parse "mboxes" property
[    0.837093] msm_serial f991e000.serial: msm_serial: detected port #0
[    0.837275] msm_serial f991e000.serial: uartclk = 7372800
[    0.837893] f991e000.serial: ttyMSM0 at MMIO 0xf991e000 (irq = 46, base_baud = 460800) is a MSM
[    0.838094] msm_serial: console setup on port #0
[    0.838308] printk: legacy console [ttyMSM0] enabled
[    1.171865] Freeing initrd memory: 13208K
[    1.189812] i2c_qup f9924000.i2c: using default clock-frequency 100000
[    1.190537] s4: Bringing 5100000uV into 5000000-5000000uV
[    2.749634] i2c_qup f9924000.i2c: 
[    2.749634]  tx channel not available
[    2.756538] qcom-smbb fc4cf000.spmi:pm8941@0:charger@1000: Initializing SMBB rev 3
[    2.871003] mmc0: SDHCI controller on f9824900.mmc [f9824900.mmc] using ADMA 64-bit
[    2.871157] mmc1: SDHCI controller on f98a4900.mmc [f98a4900.mmc] using ADMA
[    2.881430] g_ether gadget.0: HOST MAC 7a:61:67:f9:e2:ba
[    2.885401] g_ether gadget.0: MAC 52:92:01:a5:84:e0
[    2.890572] g_ether gadget.0: Ethernet Gadget, version: Memorial Day 2008
[    2.895053] g_ether gadget.0: g_ether ready
[    2.902777] ci_hdrc ci_hdrc.0: EHCI Host Controller
[    2.906195] ci_hdrc ci_hdrc.0: new USB bus registered, assigned bus number 1
[    2.911716] l24: voltage operation not allowed
[    2.928457] ci_hdrc ci_hdrc.0: USB 2.0 started, EHCI 1.00
[    2.929067] usb usb1: New USB device found, idVendor=1d6b, idProduct=0002, bcdDevice= 6.18
[    2.933058] usb usb1: New USB device strings: Mfr=3, Product=2, SerialNumber=1
[    2.941253] usb usb1: Product: EHCI Host Controller
[    2.948365] usb usb1: Manufacturer: Linux 6.18.40-citronics-lime-fp2-gaa55b1b242a1 ehci_hcd
[    2.953195] usb usb1: SerialNumber: ci_hdrc.0
[    2.953353] mmc0: new HS200 MMC card at address 0001
[    2.962643] hub 1-0:1.0: USB hub found
[    2.967137] mmcblk0: mmc0:0001 BWBC3R 29.1 GiB
[    2.970960] hub 1-0:1.0: 1 port detected
[    2.979624]  mmcblk0: p1 p2 p3 p4 p5 p6 p7 p8 p9 p10 p11 p12 p13 p14 p15 p16 p17 p18 p19 p20
[    2.986728] input: gpio-keys as /devices/platform/gpio-keys/input/input0
[    2.993310] mmcblk0boot0: mmc0:0001 BWBC3R 4.00 MiB
[    2.994091] clk: Disabling unused clocks
[    3.002454] mmcblk0boot1: mmc0:0001 BWBC3R 4.00 MiB
[    3.003439] PM: genpd: Disabling unused power domains
[    3.010789] mmcblk0rpmb: mmc0:0001 BWBC3R 4.00 MiB, chardev (240:0)
[    3.019161] ALSA device list:
[  �[    3.037705] Freeing unused kernel image (initmem) memory: 1024K
[    3.038483] Run /init as init process
[    3.133214] [Citronics] Setup firmware path...
[    3.134294] [Citronics] Launch mdev...
[    3.268224] usb 1-1: new high-speed USB device number 2 using ci_hdrc
[    3.439081] usb 1-1: New USB device found, idVendor=0424, idProduct=9514, bcdDevice= 2.00
[    3.439247] usb 1-1: New USB device strings: Mfr=0, Product=0, SerialNumber=0
[    3.458766] hub 1-1:1.0: USB hub found
[    3.459198] hub 1-1:1.0: 5 ports detected
[    3.583130] [Citronics] Load relevant modules....
modprobe: ERROR: missing parameters. See -h.
[    3.598286] [Citronics] Kill mdev since it's not needed anymore...
[    3.632426] [Citronics] Attempting to map and if needed, resize rootfs partition...
[    3.678143] [Citronics] Waiting for rootfs device: /dev/mmcblk0p20
[    3.683936] [Citronics] Found rootfs device: /dev/mmcblk0p20
[    3.719725] [Citronics] No resizing needed for root partition /dev/mapper/mmcblk0p20p2
[    3.766911] [Citronics] Creating subpartition symlinks for /dev/mmcblk0p20
[    3.778270] usb 1-1.1: new high-speed USB device number 3 using ci_hdrc
[    3.790503] [Citronics] Mounting rootfs partition...
[    3.899172] usb 1-1.1: New USB device found, idVendor=0424, idProduct=ec00, bcdDevice= 2.00
[    3.899356] usb 1-1.1: New USB device strings: Mfr=0, Product=0, SerialNumber=0
[    4.500771] EXT4-fs (dm-1): recovery complete
[    4.502401] EXT4-fs (dm-1): mounted filesystem 608e8df4-d32e-4975-b29e-8819a9f1c13f r/w with ordered data mode. Quota mode: disabled.
[    4.536056] [Citronics] Mounting boot partition...
[    4.575239] EXT4-fs (dm-0): warning: mounting unchecked fs, running e2fsck is recommended
[    4.580815] EXT4-fs (dm-0): mounted filesystem 4d9c3613-6c4f-496a-9d3d-1431338c68f2 r/w without journal. Quota mode: disabled.
[    4.584739] [Citronics] Switching to /sysroot
[    4.965050] systemd[1]: System time advanced to timestamp on /var/lib/systemd/timesync/clock: Sun 2026-07-26 15:48:17 UTC
P+q6E616D65\
Format: Log Type - Time(microsec) - Message
Log type: B - since boot(excluding boot rom).  D - delta
B -    289811 - SBL1, Start
B -    295057 - scatterload_region && ram_init, Start
D -        30 - scatterload_region && ram_init, Delta
B -    312076 - pm_device_init, Start
D -     27328 - pm_device_init, Delta
B -    339495 - boot_flash_init, Start
D -     12474 - boot_flash_init, Delta
B -    352366 - boot_config_data_table_init, Start
D -    134932 - boot_config_data_table_init, Delta
B -    488884 - sbl1_ddr_set_params, Start
B -    491507 - Pre_DDR_clock_init, Start
D -       274 - Pre_DDR_clock_init, Delta
D -         0 - sbl1_ddr_set_params, Delta
B -    502853 - Detected Samsung SDRAM, Start
B -    506879 - Detected Samsung SDRAM, Start
B -    512278 - pm_driver_init, Start
D -     26535 - pm_driver_init, Delta
B -    540124 - clock_init, Start
D -       183 - clock_init, Delta
B -    543205 - Image Load, Start
B -    565714 - Tz Execution, Start
D -    184952 - Tz Execution, Delta
B -    758809 - Image Load, Start
B -    769240 - Signal PBL to Jump to RPM FW
B -    769515 - sbl1_wait_for_ddr_training, Start
D -     31872 - sbl1_wait_for_ddr_training, Delta
B -    805779 - Image Load, Start
B -    806816 - WDT Execution, Start
D -       213 - WDT Execution, Delta
B -    811147 - Image Load, Start
B -    832253 - sbl1_efs_handle_cookies, Start
D -       152 - sbl1_efs_handle_cookies, Delta
B -    834175 - RPM sync cookie updated
B -    837804 - SBL1, End
Android Bootloader - UART_DM Initialized!!!
[280] Not able to search the panel:
[450] Panel CMD: command mode dma test failed
[450] dsi panel init error
[530] Not able to search the panel:
[700] Panel CMD: command mode dma test failed
[700] dsi panel init error
[770] Not able to search the panel:
[980] Panel CMD: command mode dma test failed
[1030] Panel CMD: command mode dma test failed
[1100] Panel CMD: command mode dma test failed
[1160] Panel CMD: command mode dma test failed
[1230] Panel CMD: command mode dma test failed
[1300] Panel CMD: command mode dma test failed
[1360] Panel CMD: command mode dma test failed
[1430] Panel CMD: command mode dma test failed
[1500] Panel CMD: command mode dma test failed
[1600] Panel CMD: command mode dma test failed
[1700] dsi panel init error
[1710] Not able to search the panel:
[1770] Logo config doesn't match with fb config. Fall back default logo
[1820] Panel CMD: command mode dma test failed
[1820] dsi panel init error
[1840] partition misc doesn't exist
[1840] error in emmc_recovery_init
[1840] No 'misc' partition found
[1850] Error reading MISC partition
[1850] failed to get ffbm cookieAndroid Bootloader - UART_DM Initialized!!!
[0] welcome to lk

[0] SCM call: 0x2000601 failed with :fffffffc
[0] Failed to initialize SCM
[10] platform_init()
[10] target_init()
[10] Setting up SDC power and drive strength for slot 1
[10] Setting up SDC power and drive strength for slot 1
[30] MMC card: BWBC3R (0.2, 02 1998), manufacturer: 15, OEM: 100, capacity: 31268536320 bytes
[40] SDHC Running in HS200 mode
[40] Done initialization of the card
[50] lk2nd_init()
[50] Booted @ 0x8000, r0=0x0, r1=0x0, r2=0x1e00000
[50] Found valid DTB with 1746 bytes total
[60] Command line from previous bootloader: lk2nd androidboot.emmc=true androidboot.serialno=733bfccd androidboot.baseband=msm mdss_mdp.panel=0:dsi:0:
[70] Detected device: Fairphone 2 (compatible: fairphone,fp2)
[80] keys: 1 keymap overrides applied
[90] Skipping GDSC check for headless boot
[90] usbcon: started (dwc)
[90] 
=== lk2nd ===
[100] Press any key within 10 seconds for the lk2nd shell
[100] Booting in 10 ...  [1100] Booting in  9 ...  [2100] Booting in  8 ...  [3100] Booting in  7 ...  [4100] Booting in  6 ...  [5100] Booting in  5 ...  [6100] Booting in  4 ...  [7100] Booting in  3 ...  [8100] Booting in  2 ...  [9100] Booting in  1 ...  [10100] No key pressed -- continuing normal boot   

[10100] Registering wrapper bio devices...
[10110] Registering mmc_sdhci bio devices...
[10110] Selected SDC slot 2
[10120] Setting up SDC power and drive strength for slot 2
[10130] Error: Command timeout error
[10130] Failure getting OCR response from MMC Card
[10130] MMC card failed to respond, try for SD card
[10140] Error: Command timeout error
[10140] The response for CMD8 does not match the supplied value
[10150] Failed to initialize SD card
[10150] Failed detecting MMC/SDC @ slot2
[10150] SD card MMC is unavailable.
[10160] block devices:
[10160]  | dev        | label           | size       | Leaf |
[10160]  | wrp0p20    | lk2nd           |    512 KiB | Yes  |
[10170]  | wrp0p19p1  |                 |  26433 MiB | Yes  |
[10170]  | wrp0p19p0  |                 |    122 MiB | Yes  |
[10180]  | wrp0p19    | userdata        |  26555 MiB |      |
[10190]  | wrp0p18    | ssd             |      8 KiB | Yes  |
[10190]  | wrp0p17    | fsc             |      1 KiB | Yes  |
[10200]  | wrp0p16    | fsg             |      1 MiB | Yes  |
[10200]  | wrp0p15    | recovery        |     16 MiB | Yes  |
[10210]  | wrp0p14    | cache           |    640 MiB | Yes  |
[10210]  | wrp0p13    | persist         |     32 MiB | Yes  |
[10220]  | wrp0p12    | system          |   2048 MiB | Yes  |
[10220]  | wrp0p11    | modemst2        |      1 MiB | Yes  |
[10230]  | wrp0p10    | modemst1        |      1 MiB | Yes  |
[10230]  | wrp0p9     | pad             |   1024 KiB | Yes  |
[10240]  | wrp0p8     | tz              |    500 KiB | Yes  |
[10250]  | wrp0p7     | boot            |     15 MiB | Yes  |
[10250]  | wrp0p6     | rpm             |    500 KiB | Yes  |
[10260]  | wrp0p5     | splash          |     10 MiB | Yes  |
[10260]  | wrp0p4     | aboot           |   1024 KiB | Yes  |
[10270]  | wrp0p3     | DDR             |     32 KiB | Yes  |
[10270]  | wrp0p2     | dbi             |     32 KiB | Yes  |
[10280]  | wrp0p1     | sbl1            |    512 KiB | Yes  |
[10280]  | wrp0p0     | modem           |     64 MiB | Yes  |
[10290]  | wrp0       |                 |  29820 MiB |      |
[10290] boot: Trying to boot from the file system...
[10300] A/B boot offsets: A=0x100000, B=0x4100000
[10300] A/B boot: Failed to resolve base device 'userdata'
[10310] extlinux: Default label 'Buildroot' not found, using first label 'postmarketOS'
[10320] Trying to boot 'postmarketOS'
[10450] Updating device tree: start
[10460] Custom CPU enable-method detected, skipping SMP spin table
[10470] Updating device tree: done
[10470] booting linux @ 0x8000, ramdisk @ 0x251a000 (13522909), tags/device tree @ 0x231a000
[    0.000000] Booting Linux on physical CPU 0x0
[    0.000000] Linux version 6.18.40-citronics-lime-fp2-gaa55b1b242a1 (runner@runnervmvrwv9) (arm-linux-gnueabihf-gcc (Ubuntu 13.3.0-6ubuntu2~24.04.1) 13.3.0, GNU ld (GNU Binutils for Ubuntu) 2.42) #1 SMP PREEMPT Sun Jul 26 08:08:36 UTC 2026
[    0.000000] CPU: ARMv7 Processor [512f06f1] revision 1 (ARMv7), cr=10c5787d
[    0.000000] CPU: div instructions available: patching division code
[    0.000000] CPU: PIPT / VIPT nonaliasing data cache, PIPT instruction cache
[    0.000000] OF: fdt: Machine model: Fairphone 2
[    0.000000] earlycon: msm_serial_dm0 at MMIO 0xf991e000 (options '')
[    0.000000] printk: legacy bootconsole [msm_serial_dm0] enabled
[    0.000000] Memory policy: Data cache writealloc
[    0.000000] cma: Reserved 256 MiB at 0x70000000
[    0.000000] Zone ranges:
[    0.000000]   Normal   [mem 0x0000000000000000-0x000000002fffffff]
[    0.000000]   HighMem  [mem 0x0000000030000000-0x000000007fffffff]
[    0.000000] Movable zone start for each node
[    0.000000] Early memory node ranges
[    0.000000]   node   0: [mem 0x0000000000000000-0x0000000007ffffff]
[    0.000000]   node   0: [mem 0x0000000008000000-0x000000000fffffff]
[    0.000000]   node   0: [mem 0x0000000010000000-0x000000007fffffff]
[    0.000000] Initmem setup node 0 [mem 0x0000000000000000-0x000000007fffffff]
[    0.000000] OF: reserved mem: 0x08000000..0x0d0fffff (82944 KiB) nomap non-reusable mpss@8000000
[    0.000000] OF: reserved mem: 0x0d100000..0x0d1fffff (1024 KiB) nomap non-reusable mba@d100000
[    0.000000] OF: reserved mem: 0x0d200000..0x0dbfffff (10240 KiB) nomap non-reusable wcnss@d200000
[    0.000000] OF: reserved mem: 0x0dc00000..0x0f4fffff (25600 KiB) nomap non-reusable adsp@dc00000
[    0.000000] OF: reserved mem: 0x0f500000..0x0f9fffff (5120 KiB) nomap non-reusable memory@f500000
[    0.000000] OF: reserved mem: 0x0fa00000..0x0fbfffff (2048 KiB) nomap non-reusable smem@fa00000
[    0.000000] OF: reserved mem: 0x0fc00000..0x0fd5ffff (1408 KiB) nomap non-reusable memory@fc00000
[    0.000000] OF: reserved mem: 0x0fd60000..0x0fd7ffff (128 KiB) nomap non-reusable memory@fd60000
[    0.000000] OF: reserved mem: 0x0fd80000..0x0fefffff (1536 KiB) nomap non-reusable rmtfs@fd80000
[    0.000000] OF: reserved mem: 0x0ff00000..0x0fffffff (1024 KiB) nomap non-reusable ramoops@ff00000
[    0.000000] percpu: Embedded 19 pages/cpu s46796 r8192 d22836 u77824
[    0.000000] Kernel command line: earlycon=msm_serial_dm,0xf991e000 msm.vram=192m msm.allow_vram_carveout=1 fbcon=rotate:1 fbcon=font:TER16x32 rootfs=/dev/mmcblk0p20p2 bootpart=/dev/mmcblk0p20p1 resize_rootfs=1
[    0.000000] Unknown kernel command line parameters "rootfs=/dev/mmcblk0p20p2 bootpart=/dev/mmcblk0p20p1 resize_rootfs=1", will be passed to user space.
[    0.000000] printk: log buffer data + meta data: 131072 + 409600 = 540672 bytes
[    0.000000] Dentry cache hash table entries: 131072 (order: 7, 524288 bytes, linear)
[    0.000000] Inode-cache hash table entries: 65536 (order: 6, 262144 bytes, linear)
[    0.000000] Built 1 zonelists, mobility grouping on.  Total pages: 524288
[    0.000000] mem auto-init: stack:off, heap alloc:off, heap free:off
[    0.000000] SLUB: HWalign=64, Order=0-3, MinObjects=0, CPUs=4, Nodes=1
[    0.000000] ftrace: allocating 40844 entries in 120 pages
[    0.000000] ftrace: allocated 120 pages with 4 groups
[    0.000000] rcu: Preemptible hierarchical RCU implementation.
[    0.000000] 	Trampoline variant of Tasks RCU enabled.
[    0.000000] 	Rude variant of Tasks RCU enabled.
[    0.000000] 	Tracing variant of Tasks RCU enabled.
[    0.000000] rcu: RCU calculated value of scheduler-enlistment delay is 10 jiffies.
[    0.000000] RCU Tasks: Setting shift to 2 and lim to 1 rcu_task_cb_adjust=1 rcu_task_cpu_ids=4.
[    0.000000] RCU Tasks Rude: Setting shift to 2 and lim to 1 rcu_task_cb_adjust=1 rcu_task_cpu_ids=4.
[    0.000000] RCU Tasks Trace: Setting shift to 2 and lim to 1 rcu_task_cb_adjust=1 rcu_task_cpu_ids=4.
[    0.000000] NR_IRQS: 16, nr_irqs: 16, preallocated irqs: 16
[    0.000000] rcu: srcu_init: Setting srcu_struct sizes based on contention.
[    0.000000] clocksource: jiffies: mask: 0xffffffff max_cycles: 0xffffffff, max_idle_ns: 19112604462750000 ns
[    0.000000] arch_timer: cp15 timer running at 19.20MHz (virt).
[    0.000000] clocksource: arch_sys_counter: mask: 0xffffffffffffff max_cycles: 0x46d987e47, max_idle_ns: 440795202767 ns
[    0.000001] sched_clock: 56 bits at 19MHz, resolution 52ns, wraps every 4398046511078ns
[    0.010671] Switching to timer-based delay loop, resolution 52ns
[    0.018884] Console: colour dummy device 80x30
[    0.024909] printk: legacy console [tty0] enabled
[    0.029171] printk: legacy bootconsole [msm_serial_dm0] disabled
[    0.000000] Booting Linux on physical CPU 0x0
[    0.000000] Linux version 6.18.40-citronics-lime-fp2-gaa55b1b242a1 (runner@runnervmvrwv9) (arm-linux-gnueabihf-gcc (Ubuntu 13.3.0-6ubuntu2~24.04.1) 13.3.0, GNU ld (GNU Binutils for Ubuntu) 2.42) #1 SMP PREEMPT Sun Jul 26 08:08:36 UTC 2026
[    0.000000] CPU: ARMv7 Processor [512f06f1] revision 1 (ARMv7), cr=10c5787d
[    0.000000] CPU: div instructions available: patching division code
[    0.000000] CPU: PIPT / VIPT nonaliasing data cache, PIPT instruction cache
[    0.000000] OF: fdt: Machine model: Fairphone 2
[    0.000000] earlycon: msm_serial_dm0 at MMIO 0xf991e000 (options '')
[    0.000000] printk: legacy bootconsole [msm_serial_dm0] enabled
[    0.000000] Memory policy: Data cache writealloc
[    0.000000] cma: Reserved 256 MiB at 0x70000000
[    0.000000] Zone ranges:
[    0.000000]   Normal   [mem 0x0000000000000000-0x000000002fffffff]
[    0.000000]   HighMem  [mem 0x0000000030000000-0x000000007fffffff]
[    0.000000] Movable zone start for each node
[    0.000000] Early memory node ranges
[    0.000000]   node   0: [mem 0x0000000000000000-0x0000000007ffffff]
[    0.000000]   node   0: [mem 0x0000000008000000-0x000000000fffffff]
[    0.000000]   node   0: [mem 0x0000000010000000-0x000000007fffffff]
[    0.000000] Initmem setup node 0 [mem 0x0000000000000000-0x000000007fffffff]
[    0.000000] OF: reserved mem: 0x08000000..0x0d0fffff (82944 KiB) nomap non-reusable mpss@8000000
[    0.000000] OF: reserved mem: 0x0d100000..0x0d1fffff (1024 KiB) nomap non-reusable mba@d100000
[    0.000000] OF: reserved mem: 0x0d200000..0x0dbfffff (10240 KiB) nomap non-reusable wcnss@d200000
[    0.000000] OF: reserved mem: 0x0dc00000..0x0f4fffff (25600 KiB) nomap non-reusable adsp@dc00000
[    0.000000] OF: reserved mem: 0x0f500000..0x0f9fffff (5120 KiB) nomap non-reusable memory@f500000
[    0.000000] OF: reserved mem: 0x0fa00000..0x0fbfffff (2048 KiB) nomap non-reusable smem@fa00000
[    0.000000] OF: reserved mem: 0x0fc00000..0x0fd5ffff (1408 KiB) nomap non-reusable memory@fc00000
[    0.000000] OF: reserved mem: 0x0fd60000..0x0fd7ffff (128 KiB) nomap non-reusable memory@fd60000
[    0.000000] OF: reserved mem: 0x0fd80000..0x0fefffff (1536 KiB) nomap non-reusable rmtfs@fd80000
[    0.000000] OF: reserved mem: 0x0ff00000..0x0fffffff (1024 KiB) nomap non-reusable ramoops@ff00000
[    0.000000] percpu: Embedded 19 pages/cpu s46796 r8192 d22836 u77824
[    0.000000] Kernel command line: earlycon=msm_serial_dm,0xf991e000 msm.vram=192m msm.allow_vram_carveout=1 fbcon=rotate:1 fbcon=font:TER16x32 rootfs=/dev/mmcblk0p20p2 bootpart=/dev/mmcblk0p20p1 resize_rootfs=1
[    0.000000] Unknown kernel command line parameters "rootfs=/dev/mmcblk0p20p2 bootpart=/dev/mmcblk0p20p1 resize_rootfs=1", will be passed to user space.
[    0.000000] printk: log buffer data + meta data: 131072 + 409600 = 540672 bytes
[    0.000000] Dentry cache hash table entries: 131072 (order: 7, 524288 bytes, linear)
[    0.000000] Inode-cache hash table entries: 65536 (order: 6, 262144 bytes, linear)
[    0.000000] Built 1 zonelists, mobility grouping on.  Total pages: 524288
[    0.000000] mem auto-init: stack:off, heap alloc:off, heap free:off
[    0.000000] SLUB: HWalign=64, Order=0-3, MinObjects=0, CPUs=4, Nodes=1
[    0.000000] ftrace: allocating 40844 entries in 120 pages
[    0.000000] ftrace: allocated 120 pages with 4 groups
[    0.000000] rcu: Preemptible hierarchical RCU implementation.
[    0.000000] 	Trampoline variant of Tasks RCU enabled.
[    0.000000] 	Rude variant of Tasks RCU enabled.
[    0.000000] 	Tracing variant of Tasks RCU enabled.
[    0.000000] rcu: RCU calculated value of scheduler-enlistment delay is 10 jiffies.
[    0.000000] RCU Tasks: Setting shift to 2 and lim to 1 rcu_task_cb_adjust=1 rcu_task_cpu_ids=4.
[    0.000000] RCU Tasks Rude: Setting shift to 2 and lim to 1 rcu_task_cb_adjust=1 rcu_task_cpu_ids=4.
[    0.000000] RCU Tasks Trace: Setting shift to 2 and lim to 1 rcu_task_cb_adjust=1 rcu_task_cpu_ids=4.
[    0.000000] NR_IRQS: 16, nr_irqs: 16, preallocated irqs: 16
[    0.000000] rcu: srcu_init: Setting srcu_struct sizes based on contention.
[    0.000000] clocksource: jiffies: mask: 0xffffffff max_cycles: 0xffffffff, max_idle_ns: 19112604462750000 ns
[    0.000000] arch_timer: cp15 timer running at 19.20MHz (virt).
[    0.000000] clocksource: arch_sys_counter: mask: 0xffffffffffffff max_cycles: 0x46d987e47, max_idle_ns: 440795202767 ns
[    0.000001] sched_clock: 56 bits at 19MHz, resolution 52ns, wraps every 4398046511078ns
[    0.010671] Switching to timer-based delay loop, resolution 52ns
[    0.018884] Console: colour dummy device 80x30
[    0.024909] printk: legacy console [tty0] enabled
[    0.029171] printk: legacy bootconsole [msm_serial_dm0] disabled
[    0.033968] Calibrating delay loop (skipped), value calculated using timer frequency.. 38.40 BogoMIPS (lpj=192000)
[    0.034008] CPU: Testing write buffer coherency: ok
[    0.034068] pid_max: default: 32768 minimum: 301
[    0.034289] Mount-cache hash table entries: 2048 (order: 1, 8192 bytes, linear)
[    0.034326] Mountpoint-cache hash table entries: 2048 (order: 1, 8192 bytes, linear)
[    0.035577] CPU0: thread -1, cpu 0, socket 0, mpidr 80000000
[    0.035717] qcom_scm: convention: smc legacy
[    0.037554] Setting up static identity map for 0x100000 - 0x100060
[    0.037793] rcu: Hierarchical SRCU implementation.
[    0.037818] rcu: 	Max phase no-delay instances is 1000.
[    0.038258] Timer migration: 1 hierarchy levels; 8 children per group; 1 crossnode level
[    0.039423] smp: Bringing up secondary CPUs ...
[    0.040577] CPU1: thread -1, cpu 1, socket 0, mpidr 80000001
[    0.042167] CPU2: thread -1, cpu 2, socket 0, mpidr 80000002
[    0.043719] CPU3: thread -1, cpu 3, socket 0, mpidr 80000003
[    0.044176] smp: Brought up 1 node, 4 CPUs
[    0.044238] SMP: Total of 4 processors activated (153.60 BogoMIPS).
[    0.044265] CPU: All CPU(s) started in SVC mode.
[    0.044634] Memory: 1647296K/2097152K available (12288K kernel code, 1382K rwdata, 4588K rodata, 1024K init, 291K bss, 184292K reserved, 262144K cma-reserved, 1048576K highmem)
[    0.045300] devtmpfs: initialized
[    0.075091] VFP support v0.3: implementor 51 architecture 64 part 6f variant 2 rev 1
[    0.076146] posixtimers hash table entries: 2048 (order: 2, 16384 bytes, linear)
[    0.076225] futex hash table entries: 1024 (65536 bytes on 1 NUMA nodes, total 64 KiB, linear).
[    0.081430] pinctrl core: initialized pinctrl subsystem
[    0.083436] NET: Registered PF_NETLINK/PF_ROUTE protocol family
[    0.086265] DMA: preallocated 256 KiB pool for atomic coherent allocations
[    0.087959] thermal_sys: Registered thermal governor 'step_wise'
[    0.088094] cpuidle: using governor ladder
[    0.088201] cpuidle: using governor menu
[    0.088715] hw-breakpoint: found 5 (+1 reserved) breakpoint and 4 watchpoint registers.
[    0.088750] hw-breakpoint: maximum watchpoint size is 8 bytes.
[    0.141198] printk: legacy console [ramoops-1] enabled
[    0.151197] pstore: Registered ramoops as persistent store backend
[    0.151300] ramoops: using 0x100000@0xff00000, ecc: 16
[    0.167349] /soc/usb@f9a55000: Fixed dependency cycle(s) with /soc/usb@f9a55000/ulpi/phy-0
[    0.167551] /soc/usb@f9a55000/ulpi/phy-0: Fixed dependency cycle(s) with /soc/usb@f9a55000
[    0.167885] /soc/etf@fc307000: Fixed dependency cycle(s) with /soc/funnel@fc31b000
[    0.168082] /soc/etf@fc307000: Fixed dependency cycle(s) with /soc/replicator@fc31c000
[    0.168276] /soc/tpiu@fc318000: Fixed dependency cycle(s) with /soc/replicator@fc31c000
[    0.168496] /soc/funnel@fc31a000: Fixed dependency cycle(s) with /soc/funnel@fc31b000
[    0.168702] /soc/funnel@fc31a000: Fixed dependency cycle(s) with /soc/funnel@fc345000
[    0.168920] /soc/funnel@fc31b000: Fixed dependency cycle(s) with /soc/etf@fc307000
[    0.169072] /soc/funnel@fc31b000: Fixed dependency cycle(s) with /soc/funnel@fc31a000
[    0.169312] /soc/replicator@fc31c000: Fixed dependency cycle(s) with /soc/etf@fc307000
[    0.169496] /soc/replicator@fc31c000: Fixed dependency cycle(s) with /soc/tpiu@fc318000
[    0.169645] /soc/replicator@fc31c000: Fixed dependency cycle(s) with /soc/etr@fc322000
[    0.169902] /soc/etr@fc322000: Fixed dependency cycle(s) with /soc/replicator@fc31c000
[    0.170147] /soc/etm@fc33c000: Fixed dependency cycle(s) with /soc/funnel@fc345000
[    0.170333] /soc/etm@fc33d000: Fixed dependency cycle(s) with /soc/funnel@fc345000
[    0.170578] /soc/etm@fc33e000: Fixed dependency cycle(s) with /soc/funnel@fc345000
[    0.170824] /soc/etm@fc33f000: Fixed dependency cycle(s) with /soc/funnel@fc345000
[    0.170990] /soc/funnel@fc345000: Fixed dependency cycle(s) with /soc/funnel@fc31a000
[    0.171173] /soc/funnel@fc345000: Fixed dependency cycle(s) with /soc/etm@fc33f000
[    0.171353] /soc/funnel@fc345000: Fixed dependency cycle(s) with /soc/etm@fc33e000
[    0.171476] /soc/funnel@fc345000: Fixed dependency cycle(s) with /soc/etm@fc33d000
[    0.171657] /soc/funnel@fc345000: Fixed dependency cycle(s) with /soc/etm@fc33c000
[    0.180931] /soc/usb@f9a55000: Fixed dependency cycle(s) with /soc/usb@f9a55000/ulpi/phy-0
[    0.181193] /soc/usb@f9a55000/ulpi/phy-0: Fixed dependency cycle(s) with /soc/usb@f9a55000
[    0.182649] /soc/etf@fc307000: Fixed dependency cycle(s) with /soc/funnel@fc31b000
[    0.182853] /soc/etf@fc307000: Fixed dependency cycle(s) with /soc/replicator@fc31c000
[    0.183260] /soc/tpiu@fc318000: Fixed dependency cycle(s) with /soc/replicator@fc31c000
[    0.183585] /soc/funnel@fc31a000: Fixed dependency cycle(s) with /soc/funnel@fc31b000
[    0.183801] /soc/funnel@fc31a000: Fixed dependency cycle(s) with /soc/funnel@fc345000
[    0.184180] /soc/funnel@fc31a000: Fixed dependency cycle(s) with /soc/funnel@fc31b000
[    0.184442] /soc/etf@fc307000: Fixed dependency cycle(s) with /soc/funnel@fc31b000
[    0.184745] /soc/funnel@fc31b000: Fixed dependency cycle(s) with /soc/etf@fc307000
[    0.185054] /soc/funnel@fc31b000: Fixed dependency cycle(s) with /soc/funnel@fc31a000
[    0.185505] /soc/tpiu@fc318000: Fixed dependency cycle(s) with /soc/replicator@fc31c000
[    0.185795] /soc/etf@fc307000: Fixed dependency cycle(s) with /soc/replicator@fc31c000
[    0.186118] /soc/replicator@fc31c000: Fixed dependency cycle(s) with /soc/etf@fc307000
[    0.186400] /soc/replicator@fc31c000: Fixed dependency cycle(s) with /soc/tpiu@fc318000
[    0.186618] /soc/replicator@fc31c000: Fixed dependency cycle(s) with /soc/etr@fc322000
[    0.186970] /soc/replicator@fc31c000: Fixed dependency cycle(s) with /soc/etr@fc322000
[    0.187314] /soc/etr@fc322000: Fixed dependency cycle(s) with /soc/replicator@fc31c000
[    0.187747] /soc/etm@fc33c000: Fixed dependency cycle(s) with /soc/funnel@fc345000
[    0.188155] /soc/etm@fc33d000: Fixed dependency cycle(s) with /soc/funnel@fc345000
[    0.188564] /soc/etm@fc33e000: Fixed dependency cycle(s) with /soc/funnel@fc345000
[    0.188908] /soc/etm@fc33f000: Fixed dependency cycle(s) with /soc/funnel@fc345000
[    0.189329] /soc/etm@fc33f000: Fixed dependency cycle(s) with /soc/funnel@fc345000
[    0.189713] /soc/etm@fc33e000: Fixed dependency cycle(s) with /soc/funnel@fc345000
[    0.189995] /soc/etm@fc33d000: Fixed dependency cycle(s) with /soc/funnel@fc345000
[    0.190333] /soc/etm@fc33c000: Fixed dependency cycle(s) with /soc/funnel@fc345000
[    0.190636] /soc/funnel@fc31a000: Fixed dependency cycle(s) with /soc/funnel@fc345000
[    0.190894] /soc/funnel@fc345000: Fixed dependency cycle(s) with /soc/funnel@fc31a000
[    0.191113] /soc/funnel@fc345000: Fixed dependency cycle(s) with /soc/etm@fc33f000
[    0.191389] /soc/funnel@fc345000: Fixed dependency cycle(s) with /soc/etm@fc33e000
[    0.191663] /soc/funnel@fc345000: Fixed dependency cycle(s) with /soc/etm@fc33d000
[    0.191884] /soc/funnel@fc345000: Fixed dependency cycle(s) with /soc/etm@fc33c000
[    0.206768] kprobes: kprobe jump-optimization is enabled. All kprobes are optimized if possible.
[    0.210749] iommu: Default domain type: Translated
[    0.210857] iommu: DMA domain TLB invalidation policy: strict mode
[    0.211891] SCSI subsystem initialized
[    0.212630] usbcore: registered new interface driver usbfs
[    0.212804] usbcore: registered new interface driver hub
[    0.213015] usbcore: registered new device driver usb
[    0.214388] Advanced Linux Sound Architecture Driver Initialized.
[    0.216177] clocksource: Switched to clocksource arch_sys_counter
[    0.387460] NET: Registered PF_INET protocol family
[    0.387821] IP idents hash table entries: 16384 (order: 5, 131072 bytes, linear)
[    0.389580] tcp_listen_portaddr_hash hash table entries: 512 (order: 0, 4096 bytes, linear)
[    0.389774] Table-perturb hash table entries: 65536 (order: 6, 262144 bytes, linear)
[    0.389948] TCP established hash table entries: 8192 (order: 3, 32768 bytes, linear)
[    0.390143] TCP bind hash table entries: 8192 (order: 5, 131072 bytes, linear)
[    0.390361] TCP: Hash tables configured (established 8192 bind 8192)
[    0.390591] UDP hash table entries: 512 (order: 3, 28672 bytes, linear)
[    0.390726] UDP-Lite hash table entries: 512 (order: 3, 28672 bytes, linear)
[    0.391060] NET: Registered PF_UNIX/PF_LOCAL protocol family
[    0.391729] Trying to unpack rootfs image as initramfs...
[    0.393008] Initialise system trusted keyrings
[    0.393434] workingset: timestamp_bits=14 max_order=19 bucket_order=5
[    0.573941] Key type asymmetric registered
[    0.574105] Asymmetric key parser 'x509' registered
[    0.574448] Block layer SCSI generic (bsg) driver version 0.4 loaded (major 246)
[    0.574903] io scheduler mq-deadline registered
[    0.575128] io scheduler kyber registered
[    0.583914] ------------[ cut here ]------------
[    0.584078] WARNING: CPU: 0 PID: 1 at drivers/clk/qcom/clk-hfpll.c:101 __clk_hfpll_enable+0x1e0/0x1e8
[    0.584210] hfpll1 failed to lock in 200 us (L_VAL 0)
[    0.584365] Modules linked in:
[    0.584472] CPU: 0 UID: 0 PID: 1 Comm: swapper/0 Not tainted 6.18.40-citronics-lime-fp2-gaa55b1b242a1 #1 PREEMPT 
[    0.584487] Hardware name: Generic DT based system
[    0.584495] Call trace: 
[    0.584503] [<c01018d8>] (unwind_backtrace) from [<c0118870>] (show_stack+0x18/0x1c)
[    0.584532] [<c0118870>] (show_stack) from [<c010d0c8>] (dump_stack_lvl+0x50/0x64)
[    0.584553] [<c010d0c8>] (dump_stack_lvl) from [<c012e574>] (__warn+0x84/0x154)
[    0.584579] [<c012e574>] (__warn) from [<c012e76c>] (warn_slowpath_fmt+0x128/0x1bc)
[    0.584603] [<c012e76c>] (warn_slowpath_fmt) from [<c06557a8>] (__clk_hfpll_enable+0x1e0/0x1e8)
[    0.584633] [<c06557a8>] (__clk_hfpll_enable) from [<c06559b0>] (clk_hfpll_enable+0x90/0x98)
[    0.584664] [<c06559b0>] (clk_hfpll_enable) from [<c063fa00>] (clk_core_enable+0x74/0x1e4)
[    0.584691] [<c063fa00>] (clk_core_enable) from [<c063f9dc>] (clk_core_enable+0x50/0x1e4)
[    0.584710] [<c063f9dc>] (clk_core_enable) from [<c063fb98>] (clk_enable+0x28/0x3c)
[    0.584728] [<c063fb98>] (clk_enable) from [<c065873c>] (krait_add_clks+0x4fc/0x614)
[    0.584747] [<c065873c>] (krait_add_clks) from [<c0658908>] (krait_cc_probe+0xb4/0x330)
[    0.584764] [<c0658908>] (krait_cc_probe) from [<c07aa380>] (platform_probe+0x64/0x98)
[    0.584786] [<c07aa380>] (platform_probe) from [<c07a7474>] (really_probe+0xd8/0x3ac)
[    0.584817] [<c07a7474>] (really_probe) from [<c07a77e8>] (__driver_probe_device+0xa0/0x208)
[    0.584848] [<c07a77e8>] (__driver_probe_device) from [<c07a7a28>] (driver_probe_device+0x38/0xc8)
[    0.584879] [<c07a7a28>] (driver_probe_device) from [<c07a7cac>] (__driver_attach+0xe0/0x1b8)
[    0.584911] [<c07a7cac>] (__driver_attach) from [<c07a4f88>] (bus_for_each_dev+0x78/0xc8)
[    0.584940] [<c07a4f88>] (bus_for_each_dev) from [<c07a648c>] (bus_add_driver+0xf8/0x21c)
[    0.584969] [<c07a648c>] (bus_add_driver) from [<c07a8ca0>] (driver_register+0x84/0x11c)
[    0.584992] [<c07a8ca0>] (driver_register) from [<c010ea34>] (do_one_initcall+0x3c/0x254)
[    0.585014] [<c010ea34>] (do_one_initcall) from [<c1201480>] (kernel_init_freeable+0x20c/0x278)
[    0.585038] [<c1201480>] (kernel_init_freeable) from [<c0c5b500>] (kernel_init+0x24/0x140)
[    0.585057] [<c0c5b500>] (kernel_init) from [<c010014c>] (ret_from_fork+0x14/0x28)
[    0.585075] Exception stack(0xf0819fb0 to 0xf0819ff8)
[    0.585086] 9fa0:                                     00000000 00000000 00000000 00000000
[    0.585096] 9fc0: 00000000 00000000 00000000 00000000 00000000 00000000 00000000 00000000
[    0.585106] 9fe0: 00000000 00000000 00000000 00000000 00000013 00000000
[    0.585113] ---[ end trace 0000000000000000 ]---
[    0.589994] L2 @ 729600 KHz
[    0.590517] CPU0 @ 960000 KHz
[    0.590839] CPU1 @ 960000 KHz
[    0.591094] CPU2 @ 960000 KHz
[    0.591361] CPU3 @ 960000 KHz
[    0.683647] msm_serial: driver initialized
[    0.703996] brd: module loaded
[    0.713276] loop: module loaded
[    0.714004] SCSI Media Changer driver v0.25 
[    0.714927] spmi_pmic_arb fc4cf000.spmi: PMIC arbiter version v1 (0x20000002)
[    0.730778] /soc/spmi@fc4cf000/pm8941@1/regulators: Fixed dependency cycle(s) with /soc/spmi@fc4cf000/pm8941@1/regulators/s4
[    0.734016] SLIP: version 0.8.4-NET3.019-NEWTTY (dynamic channels, max=256) (6 bit encapsulation enabled).
[    0.734188] CSLIP: code copyright 1989 Regents of the University of California.
[    0.736349] usbcore: registered new interface driver cdc_acm
[    0.736451] cdc_acm: USB Abstract Control Model driver for USB modems and ISDN adapters
[    0.739064] UDC core: g_ether: couldn't find an available UDC
[    0.741645] rtc-pm8xxx fc4cf000.spmi:pm8941@0:rtc@6000: registered as rtc0
[    0.741797] rtc-pm8xxx fc4cf000.spmi:pm8941@0:rtc@6000: setting system clock to 1970-01-01T00:19:38 UTC (1178)
[    0.742090] i2c_dev: i2c /dev entries driver
[    0.743262] qcom-pon fc4cf000.spmi:pm8941@0:pon@800: pon=0x80 warm_reset=0x0002 poff=0x0000
[    0.743434] qcom-pon fc4cf000.spmi:pm8941@0:pon@800: power-on: KPD (power key)
[    0.743597] qcom-pon fc4cf000.spmi:pm8941@0:pon@800: previous power-off: none (0x00)
[    0.748937] device-mapper: ioctl: 4.50.0-ioctl (2025-04-28) initialised: dm-devel@lists.linux.dev
[    0.750755] sdhci: Secure Digital Host Controller Interface driver
[    0.750915] sdhci: Copyright(c) Pierre Ossman
[    0.751011] sdhci-pltfm: SDHCI platform and OF driver helper
[    0.752065] clocksource: arch_mmio_counter: mask: 0xffffffffffffff max_cycles: 0x46d987e47, max_idle_ns: 440795202767 ns
[    0.752241] arch-timer-mmio f9020000.timer: mmio timer running at 19.20MHz (virt)
[    0.752818] hid: raw HID events driver (C) Jiri Kosina
[    0.753158] usbcore: registered new interface driver usbhid
[    0.753259] usbhid: USB HID core driver
[    0.755562] hw perfevents: enabled with armv7_krait PMU driver, 5 (8000000f) counters available
[    0.761508] Initializing XFRM netlink socket
[    0.761788] NET: Registered PF_INET6 protocol family
[    0.763187] Segment Routing with IPv6
[    0.763347] In-situ OAM (IOAM) with IPv6
[    0.763579] NET: Registered PF_PACKET protocol family
[    0.763691] NET: Registered PF_KEY protocol family
[    0.763849] 8021q: 802.1Q VLAN Support v1.8
[    0.764003] Key type dns_resolver registered
[    0.764286] Registering SWP/SWPB emulation handler
[    0.780563] Loading compiled-in X.509 certificates
[    0.856850] s1: Bringing 0uV into 675000-675000uV
[    0.857523] s3: Bringing 0uV into 1050000-1050000uV
[    0.885540] ocmem fdd00000.sram: 8 ports, 3 regions, 24 macros, interleaved
[    0.888462] qcom-smsm smsm: mbox_request_channel: can't parse "mboxes" property
[    0.888593] qcom-smsm smsm: mbox_request_channel: can't parse "mboxes" property
[    0.890600] msm_serial f991e000.serial: msm_serial: detected port #0
[    0.890849] msm_serial f991e000.serial: uartclk = 7372800
[    0.891410] f991e000.serial: ttyMSM0 at MMIO 0xf991e000 (irq = 46, base_baud = 460800) is a MSM
[    0.891612] msm_serial: console setup on port #0
[    0.891788] printk: legacy console [ttyMSM0] enabled
[    1.219957] Freeing initrd memory: 13208K
[    1.243326] i2c_qup f9924000.i2c: using default clock-frequency 100000
[    1.243980] s4: Bringing 5100000uV into 5000000-5000000uV
[    2.670560] i2c_qup f9924000.i2c: 
[    2.670560]  tx channel not available
[    2.677555] qcom-smbb fc4cf000.spmi:pm8941@0:charger@1000: Initializing SMBB rev 3
[    2.760986] s1: Bringing 0uV into 1300000-1300000uV
[    2.761858] s2: Bringing 0uV into 2150000-2150000uV
[    2.765361] s3: Bringing 0uV into 1800000-1800000uV
[    2.770385] l1: Bringing 0uV into 1225000-1225000uV
[    2.774964] l2: Bringing 0uV into 1200000-1200000uV
[    2.779924] l3: Bringing 0uV into 1225000-1225000uV
[    2.784640] l4: Bringing 0uV into 1225000-1225000uV
[    2.789499] l5: Bringing 0uV into 1800000-1800000uV
[    2.794549] l6: Bringing 0uV into 1800000-1800000uV
[    2.799857] l7: Bringing 0uV into 1800000-1800000uV
[    2.804181] l8: Bringing 0uV into 1800000-1800000uV
[    2.809862] l9: Bringing 0uV into 1800000-1800000uV
[    2.813971] l10: Bringing 0uV into 1800000-1800000uV
[    2.818802] l11: Bringing 0uV into 1225000-1225000uV
[    2.823967] l12: Bringing 0uV into 1800000-1800000uV
[    2.829255] l13: Bringing 0uV into 1800000-1800000uV
[    2.830105] input: gpio-keys as /devices/platform/gpio-keys/input/input0
[    2.833787] l14: Bringing 0uV into 1800000-1800000uV
[    2.840627] clk: Disabling unused clocks
[    2.845583] l15: Bringing 0uV into 2050000-2050000uV
[    2.850518] PM: genpd: Disabling unused power domains
[    2.854424] l16: Bringing 0uV into 2700000-2700000uV
[    2.865662] l17: Bringing 0uV into 2850000-2850000uV
[    2.865764] ALSA device list:
[    2.869119] l18: Bringing 0uV into 2850000-2850000uV
[    2.873627]   No soundcards found.
[    2.876972] l19: Bringing 0uV into 2900000-2�[    2.890603] l21: Bringing 0uV into 2950000-2950000uV
[    2.891246] l22: Bringing 0uV into 3000000-3000000uV
[    2.895105] l23: Bringing 0uV into 3000000-3000000uV
[    2.900222] l24: Bringing 0uV into 3075000-3075000uV
[    2.911696] Freeing unused kernel image (initmem) memory: 1024K
[    2.912554] Run /init as init process
[    2.926457] g_ether gadget.0: HOST MAC ca:b3:f2:dd:a3:1e
[    2.926579] g_ether gadget.0: MAC 82:65:4d:f8:01:49
[    2.931090] g_ether gadget.0: Ethernet Gadget, version: Memorial Day 2008
[    2.935518] g_ether gadget.0: g_ether ready
[    2.943091] ci_hdrc ci_hdrc.0: EHCI Host Controller
[    2.947065] ci_hdrc ci_hdrc.0: new USB bus registered, assigned bus number 1
[    2.953348] l24: voltage operation not allowed
[    2.971317] mmc0: SDHCI controller on f9824900.mmc [f9824900.mmc] using ADMA 64-bit
[    2.976232] ci_hdrc ci_hdrc.0: USB 2.0 started, EHCI 1.00
[    2.978392] usb usb1: New USB device found, idVendor=1d6b, idProduct=0002, bcdDevice= 6.18
[    2.981807] [Citronics] Setup firmware path...
[    2.983342] usb usb1: New USB device strings: Mfr=3, Product=2, SerialNumber=1
[    2.983360] usb usb1: Product: EHCI Host Controller
[    2.992022] [Citronics] Launch mdev...
[    2.995926] usb usb1: Manufacturer: Linux 6.18.40-citronics-lime-fp2-gaa55b1b242a1 ehci_hcd
[    2.995941] usb usb1: SerialNumber: ci_hdrc.0
[    3.022416] hub 1-0:1.0: USB hub found
[    3.024765] hub 1-0:1.0: 1 port detected
[    3.057102] mmc1: SDHCI controller on f98a4900.mmc [f98a4900.mmc] using ADMA
[    3.061654] mmc0: new HS200 MMC card at address 0001
[    3.065236] mmcblk0: mmc0:0001 BWBC3R 29.1 GiB
[    3.074122]  mmcblk0: p1 p2 p3 p4 p5 p6 p7 p8 p9 p10 p11 p12 p13 p14 p15 p16 p17 p18 p19 p20
[    3.087647] mmcblk0boot0: mmc0:0001 BWBC3R 4.00 MiB
[    3.093283] mmcblk0boot1: mmc0:0001 BWBC3R 4.00 MiB
[    3.100521] mmcblk0rpmb: mmc0:0001 BWBC3R 4.00 MiB, chardev (240:0)
[    3.306419] usb 1-1: new high-speed USB device number 2 using ci_hdrc
[    3.394515] [Citronics] Load relevant modules....
modprobe: ERROR: missing parameters. See -h.
[    3.430984] [Citronics] Kill mdev since it's not needed anymore...
[    3.459704] [Citronics] Attempting to map and if needed, resize rootfs partition...
[    3.478185] usb 1-1: New USB device found, idVendor=0424, idProduct=9514, bcdDevice= 2.00
[    3.478479] usb 1-1: New USB device strings: Mfr=0, Product=0, SerialNumber=0
[    3.487492] hub 1-1:1.0: USB hub found
[    3.493014] hub 1-1:1.0: 5 ports detected
[    3.495150] [Citronics] Waiting for rootfs device: /dev/mmcblk0p20
[    3.504999] [Citronics] Found rootfs device: /dev/mmcblk0p20
[    3.565286] [Citronics] No resizing needed for root partition /dev/mapper/mmcblk0p20p2
[    3.614020] [Citronics] Creating subpartition symlinks for /dev/mmcblk0p20
[    3.635373] [Citronics] Mounting rootfs partition...
[    3.672368] EXT4-fs (dm-1): recovery complete
[    3.672927] EXT4-fs (dm-1): mounted filesystem 608e8df4-d32e-4975-b29e-8819a9f1c13f r/w with ordered data mode. Quota mode: disabled.
[    3.697304] [Citronics] Mounting boot partition...
[    3.726381] EXT4-fs (dm-0): warning: mounting unchecked fs, running e2fsck is recommended
[    3.729843] EXT4-fs (dm-0): mounted filesystem 4d9c3613-6c4f-496a-9d3d-1431338c68f2 r/w without journal. Quota mode: disabled.
[    3.734730] [Citronics] Switching to /sysroot
[    3.826344] usb 1-1.1: new high-speed USB device number 3 using ci_hdrc
[    3.967171] usb 1-1.1: New USB device found, idVendor=0424, idProduct=ec00, bcdDevice= 2.00
[    3.967385] usb 1-1.1: New USB device strings: Mfr=0, Product=0, SerialNumber=0
[    4.030212] systemd[1]: System time advanced to timestamp on /var/lib/systemd/timesync/clock: Sun 2026-07-26 15:48:17 UTC
P+q6E616D65\[    4.418052] systemd[1]: Inserted module 'autofs4'
[6n[32766;32766H[6n[!p]104\[0m[?7h[1G[0J[    4.906753] systemd[1]: systemd 259.5-0ubuntu3 running in system mode (+PAM +AUDIT +SELINUX +APPARMOR +IMA +IPE +SMACK +SECCOMP +GCRYPT -GNUTLS +OPENSSL +ACL +BLKID +CURL +ELFUTILS +FIDO2 +IDN2 -IDN +KMOD +LIBCRYPTSETUP +LIBCRYPTSETUP_PLUGINS +LIBFDISK +PCRE2 +PWQUALITY +P11KIT +QRENCODE +TPM2 +BZIP2 +LZ4 +XZ +ZLIB +ZSTD -BPF_FRAMEWORK -BTF -XKBCOMMON -UTMP +SYSVINIT +LIBARCHIVE)
[    4.918101] systemd[1]: Detected architecture arm.

[0;1;39mWelcome to [0m[1mUbuntu 26.04 LTS[0m[0;1;39m![0m

[    4.992233] systemd[1]: Hostname set to <citronics>.
]3008;start=653dd23210b9478f8bf2dc6ea3aeb0f6;user=root;hostname=citronics;machineid=65a6dc17f6f2412b95babe5a55e3efdd;bootid=762764fbc62e4fc0a25fee9ad2ccf435;pid=1;pidfdid=2;comm=systemd;type=boot\[    5.977318] systemd[1]: Queued start job for default target graphical.target.
[    6.078521] systemd[1]: Unnecessary job was removed for dev-mmcblk0p20p1.device - /dev/mmcblk0p20p1.
[    6.083971] systemd[1]: Created slice system-getty.slice - Slice /system/getty.
[[0;32m  OK  [0m] Created slice [0;1;39msystem-getty.slice[0m - Slice /system/getty.
[    6.128520] systemd[1]: Created slice system-modprobe.slice - Slice /system/modprobe.
[[0;32m  OK  [0m] Created slice [0;1;39msystem-modprobe.slice[0m - Slice /system/modprobe.
[    6.168612] systemd[1]: Created slice system-serial\x2dgetty.slice - Slice /system/serial-getty.
[[0;32m  OK  [0m] Created slice [0;1;39msystem-serial\x2dget…slice[0m - Slice /system/serial-getty.
[    6.208589] systemd[1]: Created slice system-systemd\x2dfsck.slice - Slice /system/systemd-fsck.
[[0;32m  OK  [0m] Created slice [0;1;39msystem-systemd\x2dfs…slice[0m - Slice /system/systemd-fsck.
[    6.237941] systemd[1]: Created slice user.slice - User and Session Slice.
[[0;32m  OK  [0m] Created slice [0;1;39muser.slice[0m - User and Session Slice.
[    6.266808] systemd[1]: Started systemd-ask-password-console.path - Dispatch Password Requests to Console Directory Watch.
[[0;32m  OK  [0m] Started [0;1;39msystemd-ask-password-conso…[0mequests to Console Directory Watch.
[    6.296758] systemd[1]: Started systemd-ask-password-wall.path - Forward Password Requests to Wall Directory Watch.
[[0;32m  OK  [0m] Started [0;1;39msystemd-ask-password-wall.…[0md Requests to Wall Directory Watch.
[    6.327587] systemd[1]: Set up automount proc-sys-fs-binfmt_misc.automount - Arbitrary Executable File Formats File System Automount Point.
[[0;32m  OK  [0m] Set up automount [0;1;39mproc-sys-fs-binfm…[0mormats File System Automount Point.
[    6.357143] systemd[1]: Expecting device dev-disk-by\x2duuid-4d9c3613\x2d6c4f\x2d496a\x2d9d3d\x2d1431338c68f2.device - /dev/disk/by-uuid/4d9c3613-6c4f-496a-9d3d-1431338c68f2...
         Expecting device [0;1;39mdev-disk-by\x2duu…[0m3613-6c4f-496a-9d3d-1431338c68f2...
[    6.396762] systemd[1]: Expecting device dev-ttyMSM0.device - /dev/ttyMSM0...
         Expecting device [0;1;39mdev-ttyMSM0.device[0m - /dev/ttyMSM0...
[    6.427314] systemd[1]: Reached target imports.target - Image Downloads.
[[0;32m  OK  [0m] Reached target [0;1;39mimports.target[0m - Image Downloads.
[    6.457482] systemd[1]: Reached target paths.target - Path Units.
[[0;32m  OK  [0m] Reached target [0;1;39mpaths.target[0m - Path Units.
[    6.487157] systemd[1]: Reached target remote-fs.target - Remote File Systems.
[[0;32m  OK  [0m] Reached target [0;1;39mremote-fs.target[0m - Remote File Systems.
[    6.516992] systemd[1]: Reached target slices.target - Slice Units.
[[0;32m  OK  [0m] Reached target [0;1;39mslices.target[0m - Slice Units.
[    6.547291] systemd[1]: Reached target swap.target - Swaps.
[[0;32m  OK  [0m] Reached target [0;1;39mswap.target[0m - Swaps.
[    6.612978] systemd[1]: Listening on systemd-ask-password.socket - Query the User Interactively for a Password.
[[0;32m  OK  [0m] Listening on [0;1;39msystemd-ask-password.…[0m User Interactively for a Password.
[    6.669527] systemd[1]: Listening on systemd-creds.socket - Credential Encryption/Decryption.
[[0;32m  OK  [0m] Listening on [0;1;39msystemd-creds.socket[0m - Credential Encryption/Decryption.
[    6.733781] systemd[1]: Listening on systemd-factory-reset.socket - Factory Reset Management.
[[0;32m  OK  [0m] Listening on [0;1;39msystemd-factory-reset.socket[0m - Factory Reset Management.
[    6.768539] systemd[1]: Listening on systemd-journald-dev-log.socket - Journal Socket (/dev/log).
[[0;32m  OK  [0m] Listening on [0;1;39msystemd-journald-dev-…socket[0m - Journal Socket (/dev/log).
[    6.798581] systemd[1]: Listening on systemd-journald.socket - Journal Sockets.
[[0;32m  OK  [0m] Listening on [0;1;39msystemd-journald.socket[0m - Journal Sockets.
[    6.864039] systemd[1]: Listening on systemd-mute-console.socket - Console Output Muting Service Socket.
[[0;32m  OK  [0m] Listening on [0;1;39msystemd-mute-console.…[0mnsole Output Muting Service Socket.
[    6.897090] systemd[1]: systemd-pcrextend.socket - TPM PCR Measurements skipped, unmet condition check ConditionSecurity=measured-uki
[    6.897971] systemd[1]: systemd-pcrlock.socket - Make TPM PCR Policy skipped, unmet condition check ConditionSecurity=measured-uki
[    6.910198] systemd[1]: Listening on systemd-resolved-monitor.socket - Resolve Monitor Varlink Socket.
[[0;32m  OK  [0m] Listening on [0;1;39msystemd-resolved-moni…t[0m - Resolve Monitor Varlink Socket.
[    6.948177] systemd[1]: Listening on systemd-resolved-varlink.socket - Resolve Service Varlink Socket.
[[0;32m  OK  [0m] Listening on [0;1;39msystemd-resolved-varl…t[0m - Resolve Service Varlink Socket.
[    6.978495] systemd[1]: Listening on systemd-udevd-control.socket - udev Control Socket.
[[0;32m  OK  [0m] Listening on [0;1;39msystemd-udevd-control.socket[0m - udev Control Socket.
[    7.007833] systemd[1]: Listening on systemd-udevd-kernel.socket - udev Kernel Socket.
[[0;32m  OK  [0m] Listening on [0;1;39msystemd-udevd-kernel.socket[0m - udev Kernel Socket.
[    7.037982] systemd[1]: Listening on systemd-udevd-varlink.socket - udev Varlink Socket.
[[0;32m  OK  [0m] Listening on [0;1;39msystemd-udevd-varlink.socket[0m - udev Varlink Socket.
[    7.068738] systemd[1]: dev-hugepages.mount - Huge Pages File System skipped, unmet condition check ConditionPathExists=/sys/kernel/mm/hugepages
[    7.082828] systemd[1]: Mounting dev-mqueue.mount - POSIX Message Queue File System...
         Mounting [0;1;39mdev-mqueue.mount[0m - POSIX Message Queue File System...
[    7.119058] systemd[1]: Mounting sys-kernel-debug.mount - Kernel Debug File System...
         Mounting [0;1;39msys-kernel-debug.mount[0m - Kernel Debug File System...
[    7.159353] systemd[1]: Mounting sys-kernel-tracing.mount - Kernel Trace File System...
         Mounting [0;1;39msys-kernel-tracing.mount[0m - Kernel[    7.166519] systemd[1]: tmp.mount: x-systemd.graceful-option=usrquota specified, but option is not available, suppressing.
 Trace File System...
[    7.196509] systemd[1]: Mounting tmp.mount - Temporary Directory /tmp...
         Mounting [0;1;39mtmp.mount[0m - Temporary Directory /tmp...
[    7.268897] systemd[1]: Starting systemd-journald.service - Journal Service...
         Starting [0;1;39msystemd-journald.service[0m - Journal Service...
[    7.308791] systemd[1]: Starting fake-hwclock-load.service - Restore the current clock...
         Starting [0;1;39mfake-hwclock-load.service[0m - Restore the current clock...
[    7.350215] systemd[1]: Starting kmod-static-nodes.service - Create List of Static Device Nodes...
         Starting [0;1;39mkmod-static-nodes.service[0m…eate List of Static Device Nodes...
[    7.377025] systemd[1]: modprobe@configfs.service - Load Kernel Module configfs skipped, unmet condition check ConditionKernelModuleLoaded=!configfs
[    7.384703] systemd[1]: Mounting sys-kernel-config.mount - Kernel Configuration File System...
         Mounting [0;1;39msys-kernel-config.mount[0m - Kernel Configuration File System...
[    7.426743] systemd[1]: modprobe@drm.service - Load Kernel Module drm skipped, unmet condition check ConditionKernelModuleLoaded=!drm
[    7.441170] systemd[1]: Starting modprobe@efi_pstore.service - Load Kernel Module efi_pstore...
[    7.455409] systemd-journald[194]: Collecting audit messages is disabled.
         Starting [0;1;39mmodprobe@efi_pstore.servi…[0m - Load Kernel Module efi_pstore...
[    7.479575] systemd[1]: Starting modprobe@fuse.service - Load Kernel Module fuse...
         Starting [0;1;39mmodprobe@fuse.service[0m - Load Kernel Module fuse...
[    7.514368] systemd[1]: systemd-hibernate-clear.service - Clear Stale Hibernate Storage Info skipped, unmet condition check ConditionPathExists=/sys/firmware/efi/efivars/HibernateLocation-8cf2644b-4b0b-428f-9387-6d876050dc67
[    7.536647] systemd[1]: Starting systemd-modules-load.service - Load Kernel Modules...
         Starting [0;1;39msystemd-modules-load.service[0m - Lo[    7.557377] systemd[1]: systemd-pcrmachine.service - TPM PCR Machine ID Measurement skipped, unmet condition check ConditionSecurity=measured-uki
[    7.562122] systemd[1]: systemd-pcrproduct.service - TPM NvPCR Product ID Measurement skipped, unmet condition check ConditionSecurity=measured-uki
[    7.575687] systemd[1]: systemd-tpm2-setup-early.service - Early TPM SRK Setup skipped, unmet condition check ConditionSecurity=measured-uki
[    7.594572] systemd[1]: Starting systemd-udev-load-credentials.service - Load udev Rules from Credentials...
ad Kernel Modules...
[    7.615329] fuse: init (API version 7.45)
         Starting [0;1;39msystemd-udev-load-credent…[0mLoad udev Rules from Credentials...
[    7.632697] systemd[1]: Starting systemd-udev-trigger.service - Coldplug All udev Devices...
         Starting [0;1;39msystemd-udev-trigger.service[0m - Coldplug All udev Devices...
[    7.697800] systemd[1]: Started systemd-journald.service - Journal Service.
[[0;32m  OK  [0m] Started [0;1;39msystemd-journald.service[0m - Journal Service.
[    7.706474] systemd-journald[194]: Time jumped backwards, rotating.
[[0;32m  OK  [0m] Mounted [0;1;39mdev-mqueue.mount[0m - POSIX Message Queue File System.
[[0;32m  OK  [0m] Mounted [0;1;39msys-kernel-debug.mount[0m - Kernel Debug File System.
[[0;32m  OK  [0m] Mounted [0;1;39msys-kernel-tracing.mount[0m - Kernel Trace File System.
[[0;32m  OK  [0m] Mounted [0;1;39mtmp.mount[0m - Temporary Directory /tmp.
[[0;32m  OK  [0m] Finished [0;1;39mfake-hwclock-load.service[0m - Restore the current clock.
[[0;32m  OK  [0m] Finished [0;1;39mkmod-static-nodes.service[0m…Create List of Static Device Nodes.
[[0;32m  OK  [0m] Mounted [0;1;39msys-kernel-config.mount[0m - Kernel Configuration File System.
[[0;32m  OK  [0m] Finished [0;1;39mmodprobe@efi_pstore.service[0m - Load Kernel Module efi_pstore.
[[0;32m  OK  [0m] Finished [0;1;39mmodprobe@fuse.service[0m - Load Kernel Module fuse.
[[0;32m  OK  [0m] Finished [0;1;39msystemd-modules-load.service[0m - Load Kernel Modules.
[[0;32m  OK  [0m] Finished [0;1;39msystemd-udev-load-credent…[0m- Load udev Rules from Credentials.
         Mounting [0;1;39msys-fs-fuse-connections.mount[0m - FUSE Control File System...
         Starting [0;1;39msystemd-remount-fs.servic…[0munt Root and Kernel File Systems...
         Starting [0;1;39msystemd-sysctl.service[0m - Apply Kernel Variables...
         Starting [0;1;39msystemd-tmpfiles-setup-de…[0m Device Nodes in /dev gracefully...
[[0;32m  OK  [0m] Mounted [0;1;39msys-fs-fuse-connections.mount[0m - FUSE Control File System.
[[0;32m  OK  [0m] Finished [0;1;39msystemd-sysctl.service[0m - Apply Kernel Variables.
[[0;32m  OK  [0m] Finished [0;1;39msystemd-tmpfiles-setup-de…[0mic Device Nodes in /dev gracefully.
[[0;32m  OK  [0m] Finished [0;1;39msystemd-remount-fs.servic…[0mmount Root and Kernel File Systems.
         Starting [0;1;39msystemd-journal-flush.ser…[0msh Journal to Persistent Storage...
         Starting [0;1;39msystemd-pstore.service[0m - …form Persistent Storage Archival...
         Starting [0;1;39msystemd-random-seed.service[0m - Load/Save OS Random Seed...
         Starting [0;1;39msystemd-resolved.service[0m - Network Name Resolution...
         Starting [0;1;39msystemd-timesyncd.service[0m - Network Time Synchronization...
         Starting [0;1;39msystemd-tmpfiles-setup-de…[0meate Static Device Nodes in /dev...
[[0;32m  OK  [0m] Finished [0;1;39msystemd-pstore.service[0m - …atform Persistent Storage Archival.
[[0;32m  OK  [0m] Finished [0;1;39msystemd-tmpfiles-setup-de…[0mCreate Static Device Nodes in /dev.
[[0;32m  OK  [0m] Reached target [0;1;39mlocal-fs-pre.target[0m…Preparation for Local File Systems.
[[0;32m  OK  [0m] Reached target [0;1;39mlocal-fs.target[0m - Local File Systems.
[[0;32m  OK  [0m] Listening on [0;1;39msystemd-sysext.socket[0m… System Extension Image Management.
         Starting [0;1;39mnetplan-configure.service[0m - Netplan Backend Configuration...
         Starting [0;1;39msystemd-binfmt.service[0m - Set Up Additional Binary Formats...
         Starting [0;1;39msystemd-udevd.service[0m - R…ager for Device Events and Files...
         Starting [0;1;39musb-gadget.service[0m - USB …M network) setup for Fairphone 3...
[[0;32m  OK  [0m] Started [0;1;39msystemd-timesyncd.service[0m - Network Time Synchronization.
[[0;32m  OK  [0m] Reached target [0;1;39mtime-set.target[0m - System Time Set.
         Mounting [0;1;39mproc-sys-fs-binfmt_misc.m…[0mcutable File Formats File System...
[[0;32m  OK  [0m] Mounted [0;1;39mproc-sys-fs-binfmt_misc.mo…[0mxecutable File Formats File System.
[[0;32m  OK  [0m] Finished [0;1;39msystemd-binfmt.service[0m - Set Up Additional Binary Formats.
[[0;32m  OK  [0m] Finished [0;1;39msystemd-journal-flush.ser…[0mlush Journal to Persistent Storage.
         Starting [0;1;39msystemd-tmpfiles-setup.se…[0mate System Files and Directories...
[[0;32m  OK  [0m] Finished [0;1;39msystemd-tmpfiles-setup.se…[0mreate System Files and Directories.
[[0;32m  OK  [0m] Finished [0;1;39msystemd-random-seed.service[0m - Load/Save OS Random Seed.
[[0;32m  OK  [0m] Started [0;1;39msystemd-udevd.service[0m - Ru…anager for Device Events and Files.
[[0;32m  OK  [0m] Started [0;1;39msystemd-resolved.service[0m - Network Name Resolution.
[[0;32m  OK  [0m] Reached target [0;1;39mnss-lookup.target[0m - Host and Network Name Lookups.
[[0;32m  OK  [0m] Finished [0;1;39msystemd-udev-trigger.service[0m - Coldplug All udev Devices.
[[0;32m  OK  [0m] Reached target [0;1;39msysinit.target[0m - System Initialization.
[[0;32m  OK  [0m] Started [0;1;39mapt-daily.timer[0m - Daily apt download activities.
[[0;32m  OK  [0m] Started [0;1;39mapt-daily-upgrade.timer[0m - …y apt upgrade and clean activities.
[[0;32m  OK  [0m] Started [0;1;39mdpkg-db-backup.timer[0m - Daily dpkg database backup timer.
[[0;32m  OK  [0m] Started [0;1;39me2scrub_all.timer[0m - Period…Metadata Check for All Filesystems.
[[0;32m  OK  [0m] Started [0;1;39mfake-hwclock-save.timer[0m - Periodically save current clock.
[[0;32m  OK  [0m] Started [0;1;39mfstrim.timer[0m - Discard unused filesystem blocks once a week.
[[0;32m  OK  [0m] Started [0;1;39mmotd-news.timer[0m - Message of the Day.
[[0;32m  OK  [0m] Started [0;1;39msystemd-tmpfiles-clean.tim…[0my Cleanup of Temporary Directories.
[[0;32m  OK  [0m] Reached target [0;1;39mtimers.target[0m - Timer Units.
[[0;32m  OK  [0m] Listening on [0;1;39mdbus.socket[0m - D-Bus System Message Bus Socket.
[[0;32m  OK  [0m] Listening on [0;1;39mpolkit-agent-helper.s…[0mAuthorization Manager Agent Helper.
[[0;32m  OK  [0m] Listening on [0;1;39mssh.socket[0m - OpenBSD Secure Shell server socket.
[[0;32m  OK  [0m] Listening on [0;1;39msshd-unix-local.socke…[0mtemd-ssh-generator, AF_UNIX Local).
[[0;32m  OK  [0m] Listening on [0;1;39msystemd-hostnamed.socket[0m - Hostname Service Socket.
[[0;32m  OK  [0m] Listening on [0;1;39msystemd-logind-varlin…[0mer Login Management Varlink Socket.
[[0;32m  OK  [0m] Reached target [0;1;39msockets.target[0m - Socket Units.
         Starting [0;1;39mifupdown-pre.service[0m - He…synchronize boot up for ifupdown...
[[0;32m  OK  [0m] Reached target [0;1;39mbasic.target[0m - Basic System.
         Starting [0;1;39mdbus.service[0m - D-Bus System Message Bus...
         Starting [0;1;39me2scrub_reap.service[0m - Re…ne ext4 Metadata Check Snapshots...
         Starting [0;1;39mpolkit.service[0m - Authorization Manager...
[[0;32m  OK  [0m] Started [0;1;39mqrtr-ns.service[0m - QIPCRTR Name Service.
[[0;32m  OK  [0m] Started [0;1;39mrmtfs.service[0m - Qualcomm remotefs service.
         Starting [0;1;39mmsm-modem-uim-selection.s…[0mcation on the embedded QMI modem...
         Starting [0;1;39msystemd-logind.service[0m - User Login Management...
[[0;32m  OK  [0m] Finished [0;1;39musb-gadget.service[0m - USB …NCM network) setup for Fairphone 3.
[[0;32m  OK  [0m] Started [0;1;39mdbus.service[0m - D-Bus System Message Bus.
[[0;32m  OK  [0m] Finished [0;1;39mnetplan-configure.service[0m - Netplan Backend Configuration.
[[0;32m  OK  [0m] Found device [0;1;39mdev-ttyMSM0.device[0m - /dev/ttyMSM0.
[[0;32m  OK  [0m] Started [0;1;39mpolkit.service[0m - Authorization Manager.
[[0;32m  OK  [0m] Started [0;1;39msystemd-logind.service[0m - User Login Management.
[[0;32m  OK  [0m] Finished [0;1;39me2scrub_reap.service[0m - Re…line ext4 Metadata Check Snapshots.
[   13.338616] s1: unsupportable voltage range: 1287500-1050000uV
[[0;32m  OK  [0m] Finished [0;1;39mifupdown-pre.service[0m - He…o synchronize boot up for ifupdown.
[[0;32m  OK  [0m] Reached target [0;1;39mnetwork-pre.target[0m - Preparation for Network.
[[0;32m  OK  [0m] Reached target [0;1;39musb-gadget.target[0m - Hardware activated USB gadget.
[[0;32m  OK  [0m] Listening on [0;1;39msystemd-rfkill.socket[0m…ll Switch Status /dev/rfkill Watch.
         Starting [0;1;39mModemManager.service[0m - Modem Manager...
         Starting [0;1;39mbluetooth.service[0m - Bluetooth service...
[[0;32m  OK  [0m] Started [0;1;39mifup@usb0.service[0m - ifup for usb0.
[[0;32m  OK  [0m] Started [0;1;39mrmtfs.service[0m - Qualcomm remotefs service.
         Starting [0;1;39mset-mac-from-serial.servi…[0mss for usb0 and eth0 from Serial...
         Starting [0;1;39mwpa_supplicant.service[0m - WPA supplicant...
         Starting [0;1;39msystemd-rfkill.service[0m - Load/Save RF Kill Switch Status...
[[0;32m  OK  [0m] Started [0;1;39msystemd-rfkill.service[0m - Load/Save RF Kill Switch Status.
[[0;32m  OK  [0m] Started [0;1;39mbluetooth.service[0m - Bluetooth service.
[[0;32m  OK  [0m] Reached target [0;1;39mbluetooth.target[0m - Bluetooth Support.
[[0;32m  OK  [0m] Started [0;1;39mwpa_supplicant.service[0m - WPA supplicant.
         Starting [0;1;39msystemd-hostnamed.service[0m - Hostname Service...
[[0;32m  OK  [0m] Started [0;1;39msystemd-hostnamed.service[0m - Hostname Service.
[[0;32m  OK  [0m] Started [0;1;39mModemManager.service[0m - Modem Manager.

Format: Log Type - Time(microsec) - Message
Log type: B - since boot(excluding boot rom).  D - delta
B -    136792 - SBL1, Start
B -    142069 - scatterload_region && ram_init, Start
D -        30 - scatterload_region && ram_init, Delta
B -    159118 - pm_device_init, Start
D -     27389 - pm_device_init, Delta
B -    186568 - boot_flash_init, Start
D -     12108 - boot_flash_init, Delta
B -    199104 - boot_config_data_table_init, Start
D -    134932 - boot_config_data_table_init, Delta
B -    335591 - sbl1_ddr_set_params, Start
B -    338092 - Pre_DDR_clock_init, Start
D -       274 - Pre_DDR_clock_init, Delta
D -         0 - sbl1_ddr_set_params, Delta
B -    349499 - Detected Samsung SDRAM, Start
B -    353617 - Detected Samsung SDRAM, Start
B -    358924 - pm_driver_init, Start
D -     26565 - pm_driver_init, Delta
B -    386892 - clock_init, Start
D -       183 - clock_init, Delta
B -    389973 - Image Load, Start
B -    411872 - Tz Execution, Start
D -    184921 - Tz Execution, Delta
B -    604937 - Image Load, Start
B -    615093 - Signal PBL to Jump to RPM FW
B -    615368 - sbl1_wait_for_ddr_training, Start
D -     31903 - sbl1_wait_for_ddr_training, Delta
B -    651510 - Image Load, Start
B -    652517 - WDT Execution, Start
D -       213 - WDT Execution, Delta
B -    657000 - Image Load, Start
B -    678045 - sbl1_efs_handle_cookies, Start
D -       152 - sbl1_efs_handle_cookies, Delta
B -    680058 - RPM sync cookie updated
B -    683688 - SBL1, End
Android Bootloader - UART_DM Initialized!!!
[280] Not able to search the panel:
[450] Panel CMD: command mode dma test failed
[450] dsi panel init error
[520] Not able to search the panel:
[690] Panel CMD: command mode dma test failed
[690] dsi panel init error
[760] Not able to search the panel:
[960] Panel CMD: command mode dma test failed
[1010] Panel CMD: command mode dma test failed
[1080] Panel CMD: command mode dma test failed
[1150] Panel CMD: command mode dma test failed
[1210] Panel CMD: command mode dma test failed
[1280] Panel CMD: command mode dma test failed
[1350] Panel CMD: command mode dma test failed
[1420] Panel CMD: command mode dma test failed
[1480] Panel CMD: command mode dma test failed
[1580] Panel CMD: command mode dma test failed
[1680] dsi panel init error
[1690] Not able to search the panel:
[1750] Logo config doesn't match with fb config. Fall back default logo
[1810] Panel CMD: command mode dma test failed
[1810] dsi panel init error
[1820] partition misc doesn't exist
[1830] error in emmc_recovery_init
[1830] No 'misc' partition found
[1830] Error reading MISC partition
[1840] failed to get ffbm cookieAndroid Bootloader - UART_DM Initialized!!!
[0] welcome to lk

[0] SCM call: 0x2000601 failed with :fffffffc
[0] Failed to initialize SCM
[10] platform_init()
[10] target_init()
[10] Setting up SDC power and drive strength for slot 1
[10] Setting up SDC power and drive strength for slot 1
[30] MMC card: BWBC3R (0.2, 02 1998), manufacturer: 15, OEM: 100, capacity: 31268536320 bytes
[40] SDHC Running in HS200 mode
[50] Done initialization of the card
[50] lk2nd_init()
[50] Booted @ 0x8000, r0=0x0, r1=0x0, r2=0x1e00000
[50] Found valid DTB with 1746 bytes total
[60] Command line from previous bootloader: lk2nd androidboot.emmc=true androidboot.serialno=733bfccd androidboot.baseband=msm mdss_mdp.panel=0:dsi:0:
[70] Detected device: Fairphone 2 (compatible: fairphone,fp2)
[80] keys: 1 keymap overrides applied
[90] Skipping GDSC check for headless boot
[90] usbcon: started (dwc)
[90] 
=== lk2nd ===
[100] Press any key within 10 seconds for the lk2nd shell
[100] Booting in 10 ...  [1100] Booting in  9 ...  [2100] Booting in  8 ...  [3100] Booting in  7 ...  [4100] Booting in  6 ...  [5100] Booting in  5 ...  [6100] Booting in  4 ...  [7100] Booting in  3 ...  [8100] Booting in  2 ...  [9100] Booting in  1 ...  [10100] No key pressed -- continuing normal boot   

[10100] Registering wrapper bio devices...
[10110] Registering mmc_sdhci bio devices...
[10110] Selected SDC slot 2
[10110] Setting up SDC power and drive strength for slot 2
[10130] Error: Command timeout error
[10130] Failure getting OCR response from MMC Card
[10130] MMC card failed to respond, try for SD card
[10140] Error: Command timeout error
[10140] The response for CMD8 does not match the supplied value
[10150] Failed to initialize SD card
[10150] Failed detecting MMC/SDC @ slot2
[10150] SD card MMC is unavailable.
[10160] block devices:
[10160]  | dev        | label           | size       | Leaf |
[10160]  | wrp0p20    | lk2nd           |    512 KiB | Yes  |
[10170]  | wrp0p19p1  |                 |  26433 MiB | Yes  |
[10170]  | wrp0p19p0  |                 |    122 MiB | Yes  |
[10180]  | wrp0p19    | userdata        |  26555 MiB |      |
[10190]  | wrp0p18    | ssd             |      8 KiB | Yes  |
[10190]  | wrp0p17    | fsc             |      1 KiB | Yes  |
[10200]  | wrp0p16    | fsg             |      1 MiB | Yes  |
[10200]  | wrp0p15    | recovery        |     16 MiB | Yes  |
[10210]  | wrp0p14    | cache           |    640 MiB | Yes  |
[10210]  | wrp0p13    | persist         |     32 MiB | Yes  |
[10220]  | wrp0p12    | system          |   2048 MiB | Yes  |
[10220]  | wrp0p11    | modemst2        |      1 MiB | Yes  |
[10230]  | wrp0p10    | modemst1        |      1 MiB | Yes  |
[10230]  | wrp0p9     | pad             |   1024 KiB | Yes  |
[10240]  | wrp0p8     | tz              |    500 KiB | Yes  |
[10250]  | wrp0p7     | boot            |     15 MiB | Yes  |
[10250]  | wrp0p6     | rpm             |    500 KiB | Yes  |
[10260]  | wrp0p5     | splash          |     10 MiB | Yes  |
[10260]  | wrp0p4     | aboot           |   1024 KiB | Yes  |
[10270]  | wrp0p3     | DDR             |     32 KiB | Yes  |
[10270]  | wrp0p2     | dbi             |     32 KiB | Yes  |
[10280]  | wrp0p1     | sbl1            |    512 KiB | Yes  |
[10280]  | wrp0p0     | modem           |     64 MiB | Yes  |
[10290]  | wrp0       |                 |  29820 MiB |      |
[10290] boot: Trying to boot from the file system...
[10300] A/B boot offsets: A=0x100000, B=0x4100000
[10300] A/B boot: Failed to resolve base device 'userdata'
[10310] extlinux: Default label 'Buildroot' not found, using first label 'postmarketOS'
[10320] Trying to boot 'postmarketOS'
[10450] Updating device tree: start
[10460] Custom CPU enable-method detected, skipping SMP spin table
[10470] Updating device tree: done
[10470] booting linux @ 0x8000, ramdisk @ 0x251a000 (13522909), tags/device tree @ 0x231a000
[    0.000000] Booting Linux on physical CPU 0x0
[    0.000000] Linux version 6.18.40-citronics-lime-fp2-gaa55b1b242a1 (runner@runnervmvrwv9) (arm-linux-gnueabihf-gcc (Ubuntu 13.3.0-6ubuntu2~24.04.1) 13.3.0, GNU ld (GNU Binutils for Ubuntu) 2.42) #1 SMP PREEMPT Sun Jul 26 08:08:36 UTC 2026
[    0.000000] CPU: ARMv7 Processor [512f06f1] revision 1 (ARMv7), cr=10c5787d
[    0.000000] CPU: div instructions available: patching division code
[    0.000000] CPU: PIPT / VIPT nonaliasing data cache, PIPT instruction cache
[    0.000000] OF: fdt: Machine model: Fairphone 2
[    0.000000] earlycon: msm_serial_dm0 at MMIO 0xf991e000 (options '')
[    0.000000] printk: legacy bootconsole [msm_serial_dm0] enabled
[    0.000000] Memory policy: Data cache writealloc
[    0.000000] cma: Reserved 256 MiB at 0x70000000
[    0.000000] Zone ranges:
[    0.000000]   Normal   [mem 0x0000000000000000-0x000000002fffffff]
[    0.000000]   HighMem  [mem 0x0000000030000000-0x000000007fffffff]
[    0.000000] Movable zone start for each node
[    0.000000] Early memory node ranges
[    0.000000]   node   0: [mem 0x0000000000000000-0x0000000007ffffff]
[    0.000000]   node   0: [mem 0x0000000008000000-0x000000000fffffff]
[    0.000000]   node   0: [mem 0x0000000010000000-0x000000007fffffff]
[    0.000000] Initmem setup node 0 [mem 0x0000000000000000-0x000000007fffffff]
[    0.000000] OF: reserved mem: 0x08000000..0x0d0fffff (82944 KiB) nomap non-reusable mpss@8000000
[    0.000000] OF: reserved mem: 0x0d100000..0x0d1fffff (1024 KiB) nomap non-reusable mba@d100000
[    0.000000] OF: reserved mem: 0x0d200000..0x0dbfffff (10240 KiB) nomap non-reusable wcnss@d200000
[    0.000000] OF: reserved mem: 0x0dc00000..0x0f4fffff (25600 KiB) nomap non-reusable adsp@dc00000
[    0.000000] OF: reserved mem: 0x0f500000..0x0f9fffff (5120 KiB) nomap non-reusable memory@f500000
[    0.000000] OF: reserved mem: 0x0fa00000..0x0fbfffff (2048 KiB) nomap non-reusable smem@fa00000
[    0.000000] OF: reserved mem: 0x0fc00000..0x0fd5ffff (1408 KiB) nomap non-reusable memory@fc00000
[    0.000000] OF: reserved mem: 0x0fd60000..0x0fd7ffff (128 KiB) nomap non-reusable memory@fd60000
[    0.000000] OF: reserved mem: 0x0fd80000..0x0fefffff (1536 KiB) nomap non-reusable rmtfs@fd80000
[    0.000000] OF: reserved mem: 0x0ff00000..0x0fffffff (1024 KiB) nomap non-reusable ramoops@ff00000
[    0.000000] percpu: Embedded 19 pages/cpu s46796 r8192 d22836 u77824
[    0.000000] Kernel command line: earlycon=msm_serial_dm,0xf991e000 msm.vram=192m msm.allow_vram_carveout=1 fbcon=rotate:1 fbcon=font:TER16x32 rootfs=/dev/mmcblk0p20p2 bootpart=/dev/mmcblk0p20p1 resize_rootfs=1
[    0.000000] Unknown kernel command line parameters "rootfs=/dev/mmcblk0p20p2 bootpart=/dev/mmcblk0p20p1 resize_rootfs=1", will be passed to user space.
[    0.000000] printk: log buffer data + meta data: 131072 + 409600 = 540672 bytes
[    0.000000] Dentry cache hash table entries: 131072 (order: 7, 524288 bytes, linear)
[    0.000000] Inode-cache hash table entries: 65536 (order: 6, 262144 bytes, linear)
[    0.000000] Built 1 zonelists, mobility grouping on.  Total pages: 524288
[    0.000000] mem auto-init: stack:off, heap alloc:off, heap free:off
[    0.000000] SLUB: HWalign=64, Order=0-3, MinObjects=0, CPUs=4, Nodes=1
[    0.000000] ftrace: allocating 40844 entries in 120 pages
[    0.000000] ftrace: allocated 120 pages with 4 groups
[    0.000000] rcu: Preemptible hierarchical RCU implementation.
[    0.000000] 	Trampoline variant of Tasks RCU enabled.
[    0.000000] 	Rude variant of Tasks RCU enabled.
[    0.000000] 	Tracing variant of Tasks RCU enabled.
[    0.000000] rcu: RCU calculated value of scheduler-enlistment delay is 10 jiffies.
[    0.000000] RCU Tasks: Setting shift to 2 and lim to 1 rcu_task_cb_adjust=1 rcu_task_cpu_ids=4.
[    0.000000] RCU Tasks Rude: Setting shift to 2 and lim to 1 rcu_task_cb_adjust=1 rcu_task_cpu_ids=4.
[    0.000000] RCU Tasks Trace: Setting shift to 2 and lim to 1 rcu_task_cb_adjust=1 rcu_task_cpu_ids=4.
[    0.000000] NR_IRQS: 16, nr_irqs: 16, preallocated irqs: 16
[    0.000000] rcu: srcu_init: Setting srcu_struct sizes based on contention.
[    0.000000] clocksource: jiffies: mask: 0xffffffff max_cycles: 0xffffffff, max_idle_ns: 19112604462750000 ns
[    0.000000] arch_timer: cp15 timer running at 19.20MHz (virt).
[    0.000000] clocksource: arch_sys_counter: mask: 0xffffffffffffff max_cycles: 0x46d987e47, max_idle_ns: 440795202767 ns
[    0.000001] sched_clock: 56 bits at 19MHz, resolution 52ns, wraps every 4398046511078ns
[    0.010671] Switching to timer-based delay loop, resolution 52ns
[    0.018883] Console: colour dummy device 80x30
[    0.024908] printk: legacy console [tty0] enabled
[    0.029172] printk: legacy bootconsole [msm_serial_dm0] disabled
[    0.000000] Booting Linux on physical CPU 0x0
[    0.000000] Linux version 6.18.40-citronics-lime-fp2-gaa55b1b242a1 (runner@runnervmvrwv9) (arm-linux-gnueabihf-gcc (Ubuntu 13.3.0-6ubuntu2~24.04.1) 13.3.0, GNU ld (GNU Binutils for Ubuntu) 2.42) #1 SMP PREEMPT Sun Jul 26 08:08:36 UTC 2026
[    0.000000] CPU: ARMv7 Processor [512f06f1] revision 1 (ARMv7), cr=10c5787d
[    0.000000] CPU: div instructions available: patching division code
[    0.000000] CPU: PIPT / VIPT nonaliasing data cache, PIPT instruction cache
[    0.000000] OF: fdt: Machine model: Fairphone 2
[    0.000000] earlycon: msm_serial_dm0 at MMIO 0xf991e000 (options '')
[    0.000000] printk: legacy bootconsole [msm_serial_dm0] enabled
[    0.000000] Memory policy: Data cache writealloc
[    0.000000] cma: Reserved 256 MiB at 0x70000000
[    0.000000] Zone ranges:
[    0.000000]   Normal   [mem 0x0000000000000000-0x000000002fffffff]
[    0.000000]   HighMem  [mem 0x0000000030000000-0x000000007fffffff]
[    0.000000] Movable zone start for each node
[    0.000000] Early memory node ranges
[    0.000000]   node   0: [mem 0x0000000000000000-0x0000000007ffffff]
[    0.000000]   node   0: [mem 0x0000000008000000-0x000000000fffffff]
[    0.000000]   node   0: [mem 0x0000000010000000-0x000000007fffffff]
[    0.000000] Initmem setup node 0 [mem 0x0000000000000000-0x000000007fffffff]
[    0.000000] OF: reserved mem: 0x08000000..0x0d0fffff (82944 KiB) nomap non-reusable mpss@8000000
[    0.000000] OF: reserved mem: 0x0d100000..0x0d1fffff (1024 KiB) nomap non-reusable mba@d100000
[    0.000000] OF: reserved mem: 0x0d200000..0x0dbfffff (10240 KiB) nomap non-reusable wcnss@d200000
[    0.000000] OF: reserved mem: 0x0dc00000..0x0f4fffff (25600 KiB) nomap non-reusable adsp@dc00000
[    0.000000] OF: reserved mem: 0x0f500000..0x0f9fffff (5120 KiB) nomap non-reusable memory@f500000
[    0.000000] OF: reserved mem: 0x0fa00000..0x0fbfffff (2048 KiB) nomap non-reusable smem@fa00000
[    0.000000] OF: reserved mem: 0x0fc00000..0x0fd5ffff (1408 KiB) nomap non-reusable memory@fc00000
[    0.000000] OF: reserved mem: 0x0fd60000..0x0fd7ffff (128 KiB) nomap non-reusable memory@fd60000
[    0.000000] OF: reserved mem: 0x0fd80000..0x0fefffff (1536 KiB) nomap non-reusable rmtfs@fd80000
[    0.000000] OF: reserved mem: 0x0ff00000..0x0fffffff (1024 KiB) nomap non-reusable ramoops@ff00000
[    0.000000] percpu: Embedded 19 pages/cpu s46796 r8192 d22836 u77824
[    0.000000] Kernel command line: earlycon=msm_serial_dm,0xf991e000 msm.vram=192m msm.allow_vram_carveout=1 fbcon=rotate:1 fbcon=font:TER16x32 rootfs=/dev/mmcblk0p20p2 bootpart=/dev/mmcblk0p20p1 resize_rootfs=1
[    0.000000] Unknown kernel command line parameters "rootfs=/dev/mmcblk0p20p2 bootpart=/dev/mmcblk0p20p1 resize_rootfs=1", will be passed to user space.
[    0.000000] printk: log buffer data + meta data: 131072 + 409600 = 540672 bytes
[    0.000000] Dentry cache hash table entries: 131072 (order: 7, 524288 bytes, linear)
[    0.000000] Inode-cache hash table entries: 65536 (order: 6, 262144 bytes, linear)
[    0.000000] Built 1 zonelists, mobility grouping on.  Total pages: 524288
[    0.000000] mem auto-init: stack:off, heap alloc:off, heap free:off
[    0.000000] SLUB: HWalign=64, Order=0-3, MinObjects=0, CPUs=4, Nodes=1
[    0.000000] ftrace: allocating 40844 entries in 120 pages
[    0.000000] ftrace: allocated 120 pages with 4 groups
[    0.000000] rcu: Preemptible hierarchical RCU implementation.
[    0.000000] 	Trampoline variant of Tasks RCU enabled.
[    0.000000] 	Rude variant of Tasks RCU enabled.
[    0.000000] 	Tracing variant of Tasks RCU enabled.
[    0.000000] rcu: RCU calculated value of scheduler-enlistment delay is 10 jiffies.
[    0.000000] RCU Tasks: Setting shift to 2 and lim to 1 rcu_task_cb_adjust=1 rcu_task_cpu_ids=4.
[    0.000000] RCU Tasks Rude: Setting shift to 2 and lim to 1 rcu_task_cb_adjust=1 rcu_task_cpu_ids=4.
[    0.000000] RCU Tasks Trace: Setting shift to 2 and lim to 1 rcu_task_cb_adjust=1 rcu_task_cpu_ids=4.
[    0.000000] NR_IRQS: 16, nr_irqs: 16, preallocated irqs: 16
[    0.000000] rcu: srcu_init: Setting srcu_struct sizes based on contention.
[    0.000000] clocksource: jiffies: mask: 0xffffffff max_cycles: 0xffffffff, max_idle_ns: 19112604462750000 ns
[    0.000000] arch_timer: cp15 timer running at 19.20MHz (virt).
[    0.000000] clocksource: arch_sys_counter: mask: 0xffffffffffffff max_cycles: 0x46d987e47, max_idle_ns: 440795202767 ns
[    0.000001] sched_clock: 56 bits at 19MHz, resolution 52ns, wraps every 4398046511078ns
[    0.010671] Switching to timer-based delay loop, resolution 52ns
[    0.018883] Console: colour dummy device 80x30
[    0.024908] printk: legacy console [tty0] enabled
[    0.029172] printk: legacy bootconsole [msm_serial_dm0] disabled
[    0.033969] Calibrating delay loop (skipped), value calculated using timer frequency.. 38.40 BogoMIPS (lpj=192000)
[    0.034009] CPU: Testing write buffer coherency: ok
[    0.034070] pid_max: default: 32768 minimum: 301
[    0.034293] Mount-cache hash table entries: 2048 (order: 1, 8192 bytes, linear)
[    0.034329] Mountpoint-cache hash table entries: 2048 (order: 1, 8192 bytes, linear)
[    0.035577] CPU0: thread -1, cpu 0, socket 0, mpidr 80000000
[    0.035715] qcom_scm: convention: smc legacy
[    0.037552] Setting up static identity map for 0x100000 - 0x100060
[    0.037791] rcu: Hierarchical SRCU implementation.
[    0.037815] rcu: 	Max phase no-delay instances is 1000.
[    0.038255] Timer migration: 1 hierarchy levels; 8 children per group; 1 crossnode level
[    0.039418] smp: Bringing up secondary CPUs ...
[    0.040572] CPU1: thread -1, cpu 1, socket 0, mpidr 80000001
[    0.042162] CPU2: thread -1, cpu 2, socket 0, mpidr 80000002
[    0.043714] CPU3: thread -1, cpu 3, socket 0, mpidr 80000003
[    0.044186] smp: Brought up 1 node, 4 CPUs
[    0.044248] SMP: Total of 4 processors activated (153.60 BogoMIPS).
[    0.044275] CPU: All CPU(s) started in SVC mode.
[    0.044643] Memory: 1647296K/2097152K available (12288K kernel code, 1382K rwdata, 4588K rodata, 1024K init, 291K bss, 184292K reserved, 262144K cma-reserved, 1048576K highmem)
[    0.045309] devtmpfs: initialized
[    0.075103] VFP support v0.3: implementor 51 architecture 64 part 6f variant 2 rev 1
[    0.076159] posixtimers hash table entries: 2048 (order: 2, 16384 bytes, linear)
[    0.076238] futex hash table entries: 1024 (65536 bytes on 1 NUMA nodes, total 64 KiB, linear).
[    0.081411] pinctrl core: initialized pinctrl subsystem
[    0.083417] NET: Registered PF_NETLINK/PF_ROUTE protocol family
[    0.086299] DMA: preallocated 256 KiB pool for atomic coherent allocations
[    0.087994] thermal_sys: Registered thermal governor 'step_wise'
[    0.088130] cpuidle: using governor ladder
[    0.088236] cpuidle: using governor menu
[    0.088751] hw-breakpoint: found 5 (+1 reserved) breakpoint and 4 watchpoint registers.
[    0.088786] hw-breakpoint: maximum watchpoint size is 8 bytes.
[    0.091858] printk: legacy console [ramoops-1] enabled
[    0.101875] pstore: Registered ramoops as persistent store backend
[    0.101977] ramoops: using 0x100000@0xff00000, ecc: 16
[    0.118024] /soc/usb@f9a55000: Fixed dependency cycle(s) with /soc/usb@f9a55000/ulpi/phy-0
[    0.118226] /soc/usb@f9a55000/ulpi/phy-0: Fixed dependency cycle(s) with /soc/usb@f9a55000
[    0.118560] /soc/etf@fc307000: Fixed dependency cycle(s) with /soc/funnel@fc31b000
[    0.118757] /soc/etf@fc307000: Fixed dependency cycle(s) with /soc/replicator@fc31c000
[    0.118950] /soc/tpiu@fc318000: Fixed dependency cycle(s) with /soc/replicator@fc31c000
[    0.119169] /soc/funnel@fc31a000: Fixed dependency cycle(s) with /soc/funnel@fc31b000
[    0.119374] /soc/funnel@fc31a000: Fixed dependency cycle(s) with /soc/funnel@fc345000
[    0.119621] /soc/funnel@fc31b000: Fixed dependency cycle(s) with /soc/etf@fc307000
[    0.119776] /soc/funnel@fc31b000: Fixed dependency cycle(s) with /soc/funnel@fc31a000
[    0.120018] /soc/replicator@fc31c000: Fixed dependency cycle(s) with /soc/etf@fc307000
[    0.120202] /soc/replicator@fc31c000: Fixed dependency cycle(s) with /soc/tpiu@fc318000
[    0.120326] /soc/replicator@fc31c000: Fixed dependency cycle(s) with /soc/etr@fc322000
[    0.120581] /soc/etr@fc322000: Fixed dependency cycle(s) with /soc/replicator@fc31c000
[    0.120826] /soc/etm@fc33c000: Fixed dependency cycle(s) with /soc/funnel@fc345000
[    0.121013] /soc/etm@fc33d000: Fixed dependency cycle(s) with /soc/funnel@fc345000
[    0.121257] /soc/etm@fc33e000: Fixed dependency cycle(s) with /soc/funnel@fc345000
[    0.121502] /soc/etm@fc33f000: Fixed dependency cycle(s) with /soc/funnel@fc345000
[    0.121667] /soc/funnel@fc345000: Fixed dependency cycle(s) with /soc/funnel@fc31a000
[    0.121848] /soc/funnel@fc345000: Fixed dependency cycle(s) with /soc/etm@fc33f000
[    0.122028] /soc/funnel@fc345000: Fixed dependency cycle(s) with /soc/etm@fc33e000
[    0.122151] /soc/funnel@fc345000: Fixed dependency cycle(s) with /soc/etm@fc33d000
[    0.122331] /soc/funnel@fc345000: Fixed dependency cycle(s) with /soc/etm@fc33c000
[    0.131609] /soc/usb@f9a55000: Fixed dependency cycle(s) with /soc/usb@f9a55000/ulpi/phy-0
[    0.131871] /soc/usb@f9a55000/ulpi/phy-0: Fixed dependency cycle(s) with /soc/usb@f9a55000
[    0.133329] /soc/etf@fc307000: Fixed dependency cycle(s) with /soc/funnel@fc31b000
[    0.133532] /soc/etf@fc307000: Fixed dependency cycle(s) with /soc/replicator@fc31c000
[    0.133938] /soc/tpiu@fc318000: Fixed dependency cycle(s) with /soc/replicator@fc31c000
[    0.134264] /soc/funnel@fc31a000: Fixed dependency cycle(s) with /soc/funnel@fc31b000
[    0.134481] /soc/funnel@fc31a000: Fixed dependency cycle(s) with /soc/funnel@fc345000
[    0.134861] /soc/funnel@fc31a000: Fixed dependency cycle(s) with /soc/funnel@fc31b000
[    0.135122] /soc/etf@fc307000: Fixed dependency cycle(s) with /soc/funnel@fc31b000
[    0.135425] /soc/funnel@fc31b000: Fixed dependency cycle(s) with /soc/etf@fc307000
[    0.135736] /soc/funnel@fc31b000: Fixed dependency cycle(s) with /soc/funnel@fc31a000
[    0.136185] /soc/tpiu@fc318000: Fixed dependency cycle(s) with /soc/replicator@fc31c000
[    0.136477] /soc/etf@fc307000: Fixed dependency cycle(s) with /soc/replicator@fc31c000
[    0.136800] /soc/replicator@fc31c000: Fixed dependency cycle(s) with /soc/etf@fc307000
[    0.137081] /soc/replicator@fc31c000: Fixed dependency cycle(s) with /soc/tpiu@fc318000
[    0.137299] /soc/replicator@fc31c000: Fixed dependency cycle(s) with /soc/etr@fc322000
[    0.137649] /soc/replicator@fc31c000: Fixed dependency cycle(s) with /soc/etr@fc322000
[    0.137992] /soc/etr@fc322000: Fixed dependency cycle(s) with /soc/replicator@fc31c000
[    0.138431] /soc/etm@fc33c000: Fixed dependency cycle(s) with /soc/funnel@fc345000
[    0.138836] /soc/etm@fc33d000: Fixed dependency cycle(s) with /soc/funnel@fc345000
[    0.139244] /soc/etm@fc33e000: Fixed dependency cycle(s) with /soc/funnel@fc345000
[    0.139623] /soc/etm@fc33f000: Fixed dependency cycle(s) with /soc/funnel@fc345000
[    0.140039] /soc/etm@fc33f000: Fixed dependency cycle(s) with /soc/funnel@fc345000
[    0.140395] /soc/etm@fc33e000: Fixed dependency cycle(s) with /soc/funnel@fc345000
[    0.140676] /soc/etm@fc33d000: Fixed dependency cycle(s) with /soc/funnel@fc345000
[    0.141014] /soc/etm@fc33c000: Fixed dependency cycle(s) with /soc/funnel@fc345000
[    0.141317] /soc/funnel@fc31a000: Fixed dependency cycle(s) with /soc/funnel@fc345000
[    0.141576] /soc/funnel@fc345000: Fixed dependency cycle(s) with /soc/funnel@fc31a000
[    0.141795] /soc/funnel@fc345000: Fixed dependency cycle(s) with /soc/etm@fc33f000
[    0.142070] /soc/funnel@fc345000: Fixed dependency cycle(s) with /soc/etm@fc33e000
[    0.142346] /soc/funnel@fc345000: Fixed dependency cycle(s) with /soc/etm@fc33d000
[    0.142567] /soc/funnel@fc345000: Fixed dependency cycle(s) with /soc/etm@fc33c000
[    0.157429] kprobes: kprobe jump-optimization is enabled. All kprobes are optimized if possible.
[    0.162412] iommu: Default domain type: Translated
[    0.162565] iommu: DMA domain TLB invalidation policy: strict mode
[    0.163904] SCSI subsystem initialized
[    0.164851] usbcore: registered new interface driver usbfs
[    0.165084] usbcore: registered new interface driver hub
[    0.165372] usbcore: registered new device driver usb
[    0.167160] Advanced Linux Sound Architecture Driver Initialized.
[    0.169630] clocksource: Switched to clocksource arch_sys_counter
[    0.286210] NET: Registered PF_INET protocol family
[    0.286739] IP idents hash table entries: 16384 (order: 5, 131072 bytes, linear)
[    0.289344] tcp_listen_portaddr_hash hash table entries: 512 (order: 0, 4096 bytes, linear)
[    0.289640] Table-perturb hash table entries: 65536 (order: 6, 262144 bytes, linear)
[    0.289888] TCP established hash table entries: 8192 (order: 3, 32768 bytes, linear)
[    0.290168] TCP bind hash table entries: 8192 (order: 5, 131072 bytes, linear)
[    0.290490] TCP: Hash tables configured (established 8192 bind 8192)
[    0.290809] UDP hash table entries: 512 (order: 3, 28672 bytes, linear)
[    0.290998] UDP-Lite hash table entries: 512 (order: 3, 28672 bytes, linear)
[    0.291471] NET: Registered PF_UNIX/PF_LOCAL protocol family
[    0.292218] Trying to unpack rootfs image as initramfs...
[    0.293994] Initialise system trusted keyrings
[    0.294505] workingset: timestamp_bits=14 max_order=19 bucket_order=5
[    0.410019] Key type asymmetric registered
[    0.410142] Asymmetric key parser 'x509' registered
[    0.410396] Block layer SCSI generic (bsg) driver version 0.4 loaded (major 246)
[    0.410794] io scheduler mq-deadline registered
[    0.410955] io scheduler kyber registered
[    0.428104] ------------[ cut here ]------------
[    0.428270] WARNING: CPU: 0 PID: 1 at drivers/clk/qcom/clk-hfpll.c:101 __clk_hfpll_enable+0x1e0/0x1e8
[    0.428401] hfpll1 failed to lock in 200 us (L_VAL 0)
[    0.428557] Modules linked in:
[    0.428664] CPU: 0 UID: 0 PID: 1 Comm: swapper/0 Not tainted 6.18.40-citronics-lime-fp2-gaa55b1b242a1 #1 PREEMPT 
[    0.428680] Hardware name: Generic DT based system
[    0.428687] Call trace: 
[    0.428697] [<c01018d8>] (unwind_backtrace) from [<c0118870>] (show_stack+0x18/0x1c)
[    0.428727] [<c0118870>] (show_stack) from [<c010d0c8>] (dump_stack_lvl+0x50/0x64)
[    0.428748] [<c010d0c8>] (dump_stack_lvl) from [<c012e574>] (__warn+0x84/0x154)
[    0.428773] [<c012e574>] (__warn) from [<c012e76c>] (warn_slowpath_fmt+0x128/0x1bc)
[    0.428797] [<c012e76c>] (warn_slowpath_fmt) from [<c06557a8>] (__clk_hfpll_enable+0x1e0/0x1e8)
[    0.428828] [<c06557a8>] (__clk_hfpll_enable) from [<c06559b0>] (clk_hfpll_enable+0x90/0x98)
[    0.428858] [<c06559b0>] (clk_hfpll_enable) from [<c063fa00>] (clk_core_enable+0x74/0x1e4)
[    0.428886] [<c063fa00>] (clk_core_enable) from [<c063f9dc>] (clk_core_enable+0x50/0x1e4)
[    0.428905] [<c063f9dc>] (clk_core_enable) from [<c063fb98>] (clk_enable+0x28/0x3c)
[    0.428923] [<c063fb98>] (clk_enable) from [<c065873c>] (krait_add_clks+0x4fc/0x614)
[    0.428941] [<c065873c>] (krait_add_clks) from [<c0658908>] (krait_cc_probe+0xb4/0x330)
[    0.428958] [<c0658908>] (krait_cc_probe) from [<c07aa380>] (platform_probe+0x64/0x98)
[    0.428980] [<c07aa380>] (platform_probe) from [<c07a7474>] (really_probe+0xd8/0x3ac)
[    0.429011] [<c07a7474>] (really_probe) from [<c07a77e8>] (__driver_probe_device+0xa0/0x208)
[    0.429042] [<c07a77e8>] (__driver_probe_device) from [<c07a7a28>] (driver_probe_device+0x38/0xc8)
[    0.429073] [<c07a7a28>] (driver_probe_device) from [<c07a7cac>] (__driver_attach+0xe0/0x1b8)
[    0.429104] [<c07a7cac>] (__driver_attach) from [<c07a4f88>] (bus_for_each_dev+0x78/0xc8)
[    0.429134] [<c07a4f88>] (bus_for_each_dev) from [<c07a648c>] (bus_add_driver+0xf8/0x21c)
[    0.429162] [<c07a648c>] (bus_add_driver) from [<c07a8ca0>] (driver_register+0x84/0x11c)
[    0.429185] [<c07a8ca0>] (driver_register) from [<c010ea34>] (do_one_initcall+0x3c/0x254)
[    0.429207] [<c010ea34>] (do_one_initcall) from [<c1201480>] (kernel_init_freeable+0x20c/0x278)
[    0.429230] [<c1201480>] (kernel_init_freeable) from [<c0c5b500>] (kernel_init+0x24/0x140)
[    0.429250] [<c0c5b500>] (kernel_init) from [<c010014c>] (ret_from_fork+0x14/0x28)
[    0.429267] Exception stack(0xf0819fb0 to 0xf0819ff8)
[    0.429278] 9fa0:                                     00000000 00000000 00000000 00000000
[    0.429288] 9fc0: 00000000 00000000 00000000 00000000 00000000 00000000 00000000 00000000
[    0.429297] 9fe0: 00000000 00000000 00000000 00000000 00000013 00000000
[    0.429305] ---[ end trace 0000000000000000 ]---
[    0.434187] L2 @ 729600 KHz
[    0.434711] CPU0 @ 960000 KHz
[    0.435030] CPU1 @ 960000 KHz
[    0.435291] CPU2 @ 960000 KHz
[    0.435549] CPU3 @ 960000 KHz
[    0.527594] msm_serial: driver initialized
[    0.547923] brd: module loaded
[    0.557223] loop: module loaded
[    0.557963] SCSI Media Changer driver v0.25 
[    0.558879] spmi_pmic_arb fc4cf000.spmi: PMIC arbiter version v1 (0x20000002)
[    0.574683] /soc/spmi@fc4cf000/pm8941@1/regulators: Fixed dependency cycle(s) with /soc/spmi@fc4cf000/pm8941@1/regulators/s4
[    0.577948] SLIP: version 0.8.4-NET3.019-NEWTTY (dynamic channels, max=256) (6 bit encapsulation enabled).
[    0.578119] CSLIP: code copyright 1989 Regents of the University of California.
[    0.580289] usbcore: registered new interface driver cdc_acm
[    0.580392] cdc_acm: USB Abstract Control Model driver for USB modems and ISDN adapters
[    0.582986] UDC core: g_ether: couldn't find an available UDC
[    0.585575] rtc-pm8xxx fc4cf000.spmi:pm8941@0:rtc@6000: registered as rtc0
[    0.585728] rtc-pm8xxx fc4cf000.spmi:pm8941@0:rtc@6000: setting system clock to 1970-01-01T00:20:09 UTC (1209)
[    0.586023] i2c_dev: i2c /dev entries driver
[    0.587193] qcom-pon fc4cf000.spmi:pm8941@0:pon@800: pon=0x80 warm_reset=0x0002 poff=0x0000
[    0.587364] qcom-pon fc4cf000.spmi:pm8941@0:pon@800: power-on: KPD (power key)
[    0.587529] qcom-pon fc4cf000.spmi:pm8941@0:pon@800: previous power-off: none (0x00)
[    0.592861] device-mapper: ioctl: 4.50.0-ioctl (2025-04-28) initialised: dm-devel@lists.linux.dev
[    0.594671] sdhci: Secure Digital Host Controller Interface driver
[    0.594831] sdhci: Copyright(c) Pierre Ossman
[    0.594926] sdhci-pltfm: SDHCI platform and OF driver helper
[    0.595984] clocksource: arch_mmio_counter: mask: 0xffffffffffffff max_cycles: 0x46d987e47, max_idle_ns: 440795202767 ns
[    0.596161] arch-timer-mmio f9020000.timer: mmio timer running at 19.20MHz (virt)
[    0.596737] hid: raw HID events driver (C) Jiri Kosina
[    0.597087] usbcore: registered new interface driver usbhid
[    0.597189] usbhid: USB HID core driver
[    0.599478] hw perfevents: enabled with armv7_krait PMU driver, 5 (8000000f) counters available
[    0.605414] Initializing XFRM netlink socket
[    0.605692] NET: Registered PF_INET6 protocol family
[    0.607208] Segment Routing with IPv6
[    0.607371] In-situ OAM (IOAM) with IPv6
[    0.607605] NET: Registered PF_PACKET protocol family
[    0.607718] NET: Registered PF_KEY protocol family
[    0.607877] 8021q: 802.1Q VLAN Support v1.8
[    0.608051] Key type dns_resolver registered
[    0.608333] Registering SWP/SWPB emulation handler
[    0.624651] Loading compiled-in X.509 certificates
[    0.706939] s1: Bringing 0uV into 675000-675000uV
[    0.707608] s3: Bringing 0uV into 1050000-1050000uV
[    0.735013] ocmem fdd00000.sram: 8 ports, 3 regions, 24 macros, interleaved
[    0.737819] qcom-smsm smsm: mbox_request_channel: can't parse "mboxes" property
[    0.737951] qcom-smsm smsm: mbox_request_channel: can't parse "mboxes" property
[    0.740039] msm_serial f991e000.serial: msm_serial: detected port #0
[    0.740302] msm_serial f991e000.serial: uartclk = 7372800
[    0.740934] f991e000.serial: ttyMSM0 at MMIO 0xf991e000 (irq = 46, base_baud = 460800) is a MSM
[    0.741139] msm_serial: console setup on port #0
[    0.741346] printk: legacy console [ttyMSM0] enabled
[    1.103732] Freeing initrd memory: 13208K
[    1.124294] i2c_qup f9924000.i2c: using default clock-frequency 100000
[    1.124954] s4: Bringing 5100000uV into 5000000-5000000uV
[    2.520124] i2c_qup f9924000.i2c: 
[    2.520124]  tx channel not available
[    2.527108] qcom-smbb fc4cf000.spmi:pm8941@0:charger@1000: Initializing SMBB rev 3
[    2.604924] s1: Bringing 0uV into 1300000-1300000uV
[    2.605796] s2: Bringing 0uV into 2150000-2150000uV
[    2.609293] s3: Bringing 0uV into 1800000-1800000uV
[    2.614333] l1: Bringing 0uV into 1225000-1225000uV
[    2.618892] l2: Bringing 0uV into 1200000-1200000uV
[    2.623861] l3: Bringing 0uV into 1225000-1225000uV
[    2.628659] l4: Bringing 0uV into 1225000-1225000uV
[    2.633672] l5: Bringing 0uV into 1800000-1800000uV
[    2.638817] l6: Bringing 0uV into 1800000-1800000uV
[    2.643671] l7: Bringing 0uV into 1800000-1800000uV
[    2.648331] l8: Bringing 0uV into 1800000-1800000uV
[    2.653082] l9: Bringing 0uV into 1800000-1800000uV
[    2.658435] l10: Bringing 0uV into 1800000-1800000uV
[    2.663065] l11: Bringing 0uV into 1225000-1225000uV
[    2.668012] l12: Bringing 0uV into 1800000-1800000uV
[    2.673165] l13: Bringing 0uV into 1800000-1800000uV
[    2.676751] input: gpio-keys as /devices/platform/gpio-keys/input/input0
[    2.677803] l14: Bringing 0uV into 1800000-1800000uV
[    2.688985] clk: Disabling unused clocks
[    2.690245] l15: Bringing 0uV into 2050000-2050000uV
[    2.695038] PM: genpd: Disabling unused power domains
[    2.698162] l16: Bringing 0uV into 2700000-2700000uV
[    2.705166] ALSA device list:
[    2.708163] l17: Bringing 0uV into 2850000-2850000uV
[    2.712670]   No soundcards found.
[    2.716061] l18: Bringing 0uV into 2850000-2�[    2.729575] l20: Bringing 0uV into 2950000-2950000uV
[    2.730429] l21: Bringing 0uV into 2950000-2950000uV
[    2.734390] l22: Bringing 0uV into 3000000-3000000uV
[    2.739074] l23: Bringing 0uV into 3000000-3000000uV
[    2.744123] l24: Bringing 0uV into 3075000-3075000uV
[    2.760148] Freeing unused kernel image (initmem) memory: 1024K
[    2.761122] Run /init as init process
[    2.772615] g_ether gadget.0: HOST MAC 0e:9f:78:97:3b:8c
[    2.772787] g_ether gadget.0: MAC ae:5c:e2:e6:73:57
[    2.777308] g_ether gadget.0: Ethernet Gadget, version: Memorial Day 2008
[    2.781770] g_ether gadget.0: g_ether ready
[    2.789263] ci_hdrc ci_hdrc.0: EHCI Host Controller
[    2.789321] mmc1: SDHCI controller on f98a4900.mmc [f98a4900.mmc] using ADMA
[    2.793227] ci_hdrc ci_hdrc.0: new USB bus registered, assigned bus number 1
[    2.809316] l24: voltage operation not allowed
[    2.829694] ci_hdrc ci_hdrc.0: USB 2.0 started, EHCI 1.00
[    2.830687] usb usb1: New USB device found, idVendor=1d6b, idProduct=0002, bcdDevice= 6.18
[    2.834073] [Citronics] Setup firmware path...
[    2.834127] usb usb1: New USB device strings: Mfr=3, Product=2, SerialNumber=1
[    2.842774] [Citronics] Launch mdev...
[    2.846759] usb usb1: Product: EHCI Host Controller
[    2.858846] usb usb1: Manufacturer: Linux 6.18.40-citronics-lime-fp2-gaa55b1b242a1 ehci_hcd
[    2.862780] usb usb1: SerialNumber: ci_hdrc.0
[    2.875003] hub 1-0:1.0: USB hub found
[    2.875425] hub 1-0:1.0: 1 port detected
[    3.009751] mmc0: SDHCI controller on f9824900.mmc [f9824900.mmc] using ADMA 64-bit
[    3.075966] mmc0: new HS200 MMC card at address 0001
[    3.080276] mmcblk0: mmc0:0001 BWBC3R 29.1 GiB
[    3.090459]  mmcblk0: p1 p2 p3 p4 p5 p6 p7 p8 p9 p10 p11 p12 p13 p14 p15 p16 p17 p18 p19 p20
[    3.115898] mmcblk0boot0: mmc0:0001 BWBC3R 4.00 MiB
[    3.124112] mmcblk0boot1: mmc0:0001 BWBC3R 4.00 MiB
[    3.132659] mmcblk0rpmb: mmc0:0001 BWBC3R 4.00 MiB, chardev (240:0)
[    3.149864] usb 1-1: new high-speed USB device number 2 using ci_hdrc
[    3.234023] [Citronics] Load relevant modules....
modprobe: ERROR: missing parameters. See -h.
[    3.256266] [Citronics] Kill mdev since it's not needed anymore...
[    3.292449] [Citronics] Attempting to map and if needed, resize rootfs partition...
[    3.341060] usb 1-1: New USB device found, idVendor=0424, idProduct=9514, bcdDevice= 2.00
[    3.341410] usb 1-1: New USB device strings: Mfr=0, Product=0, SerialNumber=0
[    3.353851] hub 1-1:1.0: USB hub found
[    3.354473] [Citronics] Waiting for rootfs device: /dev/mmcblk0p20
[    3.355586] hub 1-1:1.0: 5 ports detected
[    3.362270] [Citronics] Found rootfs device: /dev/mmcblk0p20
[    3.430834] [Citronics] No resizing needed for root partition /dev/mapper/mmcblk0p20p2
[    3.463607] [Citronics] Creating subpartition symlinks for /dev/mmcblk0p20
[    3.485074] [Citronics] Mounting rootfs partition...
[    3.595611] EXT4-fs (dm-1): recovery complete
[    3.597678] EXT4-fs (dm-1): mounted filesystem 608e8df4-d32e-4975-b29e-8819a9f1c13f r/w with ordered data mode. Quota mode: disabled.
[    3.631711] [Citronics] Mounting boot partition...
[    3.669349] EXT4-fs (dm-0): warning: mounting unchecked fs, running e2fsck is recommended
[    3.669849] usb 1-1.1: new high-speed USB device number 3 using ci_hdrc
[    3.680287] EXT4-fs (dm-0): mounted filesystem 4d9c3613-6c4f-496a-9d3d-1431338c68f2 r/w without journal. Quota mode: disabled.
[    3.684720] [Citronics] Switching to /sysroot
[    3.811014] usb 1-1.1: New USB device found, idVendor=0424, idProduct=ec00, bcdDevice= 2.00
[    3.811520] usb 1-1.1: New USB device strings: Mfr=0, Product=0, SerialNumber=0
[    4.015151] systemd[1]: System time advanced to timestamp on /var/lib/systemd/timesync/clock: Sun 2026-07-26 15:48:17 UTC
P+q6E616D65\[    4.404178] systemd[1]: Inserted module 'autofs4'
[6n[32766;32766H[6n[!p]104\[0m[?7h[1G[0J[    4.880178] systemd[1]: systemd 259.5-0ubuntu3 running in system mode (+PAM +AUDIT +SELINUX +APPARMOR +IMA +IPE +SMACK +SECCOMP +GCRYPT -GNUTLS +OPENSSL +ACL +BLKID +CURL +ELFUTILS +FIDO2 +IDN2 -IDN +KMOD +LIBCRYPTSETUP +LIBCRYPTSETUP_PLUGINS +LIBFDISK +PCRE2 +PWQUALITY +P11KIT +QRENCODE +TPM2 +BZIP2 +LZ4 +XZ +ZLIB +ZSTD -BPF_FRAMEWORK -BTF -XKBCOMMON -UTMP +SYSVINIT +LIBARCHIVE)
[    4.891682] systemd[1]: Detected architecture arm.

[0;1;39mWelcome to [0m[1mUbuntu 26.04 LTS[0m[0;1;39m![0m

[    4.955552] systemd[1]: Hostname set to <citronics>.
]3008;start=ac80852d2a834a27a9bd2f7e33f653d2;user=root;hostname=citronics;machineid=65a6dc17f6f2412b95babe5a55e3efdd;bootid=a2e1ec5a5d474d40b6eaee9272b093c3;pid=1;pidfdid=2;comm=systemd;type=boot\[    6.024409] systemd[1]: Queued start job for default target graphical.target.
[    6.152194] systemd[1]: Unnecessary job was removed for dev-mmcblk0p20p1.device - /dev/mmcblk0p20p1.
[    6.158064] systemd[1]: Created slice system-getty.slice - Slice /system/getty.
[[0;32m  OK  [0m] Created slice [0;1;39msystem-getty.slice[0m - Slice /system/getty.
[    6.191979] systemd[1]: Created slice system-modprobe.slice - Slice /system/modprobe.
[[0;32m  OK  [0m] Created slice [0;1;39msystem-modprobe.slice[0m - Slice /system/modprobe.
[    6.222025] systemd[1]: Created slice system-serial\x2dgetty.slice - Slice /system/serial-getty.
[[0;32m  OK  [0m] Created slice [0;1;39msystem-serial\x2dget…slice[0m - Slice /system/serial-getty.
[    6.252207] systemd[1]: Created slice system-systemd\x2dfsck.slice - Slice /system/systemd-fsck.
[[0;32m  OK  [0m] Created slice [0;1;39msystem-systemd\x2dfs…slice[0m - Slice /system/systemd-fsck.
[    6.281397] systemd[1]: Created slice user.slice - User and Session Slice.
[[0;32m  OK  [0m] Created slice [0;1;39muser.slice[0m - User and Session Slice.
[    6.310228] systemd[1]: Started systemd-ask-password-console.path - Dispatch Password Requests to Console Directory Watch.
[[0;32m  OK  [0m] Started [0;1;39msystemd-ask-password-conso…[0mequests to Console Directory Watch.
[    6.340183] systemd[1]: Started systemd-ask-password-wall.path - Forward Password Requests to Wall Directory Watch.
[[0;32m  OK  [0m] Started [0;1;39msystemd-ask-password-wall.…[0md Requests to Wall Directory Watch.
[    6.371106] systemd[1]: Set up automount proc-sys-fs-binfmt_misc.automount - Arbitrary Executable File Formats File System Automount Point.
[[0;32m  OK  [0m] Set up automount [0;1;39mproc-sys-fs-binfm…[0mormats File System Automount Point.
[    6.399943] systemd[1]: Expecting device dev-disk-by\x2duuid-4d9c3613\x2d6c4f\x2d496a\x2d9d3d\x2d1431338c68f2.device - /dev/disk/by-uuid/4d9c3613-6c4f-496a-9d3d-1431338c68f2...
         Expecting device [0;1;39mdev-disk-by\x2duu…[0m3613-6c4f-496a-9d3d-1431338c68f2...
[    6.439913] systemd[1]: Expecting device dev-ttyMSM0.device - /dev/ttyMSM0...
         Expecting device [0;1;39mdev-ttyMSM0.device[0m - /dev/ttyMSM0...
[    6.470122] systemd[1]: Reached target imports.target - Image Downloads.
[[0;32m  OK  [0m] Reached target [0;1;39mimports.target[0m - Image Downloads.
[    6.500672] systemd[1]: Reached target paths.target - Path Units.
[[0;32m  OK  [0m] Reached target [0;1;39mpaths.target[0m - Path Units.
[    6.530602] systemd[1]: Reached target remote-fs.target - Remote File Systems.
[[0;32m  OK  [0m] Reached target [0;1;39mremote-fs.target[0m - Remote File Systems.
[    6.560304] systemd[1]: Reached target slices.target - Slice Units.
[[0;32m  OK  [0m] Reached target [0;1;39mslices.target[0m - Slice Units.
[    6.590724] systemd[1]: Reached target swap.target - Swaps.
[[0;32m  OK  [0m] Reached target [0;1;39mswap.target[0m - Swaps.
[    6.656090] systemd[1]: Listening on systemd-ask-password.socket - Query the User Interactively for a Password.
[[0;32m  OK  [0m] Listening on [0;1;39msystemd-ask-password.…[0m User Interactively for a Password.
[    6.712749] systemd[1]: Listening on systemd-creds.socket - Credential Encryption/Decryption.
[[0;32m  OK  [0m] Listening on [0;1;39msystemd-creds.socket[0m - Credential Encryption/Decryption.
[    6.776497] systemd[1]: Listening on systemd-factory-reset.socket - Factory Reset Management.
[[0;32m  OK  [0m] Listening on [0;1;39msystemd-factory-reset.socket[0m - Factory Reset Management.
[    6.802215] systemd[1]: Listening on systemd-journald-dev-log.socket - Journal Socket (/dev/log).
[[0;32m  OK  [0m] Listening on [0;1;39msystemd-journald-dev-…socket[0m - Journal Socket (/dev/log).
[    6.831913] systemd[1]: Listening on systemd-journald.socket - Journal Sockets.
[[0;32m  OK  [0m] Listening on [0;1;39msystemd-journald.socket[0m - Journal Sockets.
[    6.897058] systemd[1]: Listening on systemd-mute-console.socket - Console Output Muting Service Socket.
[[0;32m  OK  [0m] Listening on [0;1;39msystemd-mute-console.…[0mnsole Output Muting Service Socket.
[    6.930485] systemd[1]: systemd-pcrextend.socket - TPM PCR Measurements skipped, unmet condition check ConditionSecurity=measured-uki
[    6.931521] systemd[1]: systemd-pcrlock.socket - Make TPM PCR Policy skipped, unmet condition check ConditionSecurity=measured-uki
[    6.943833] systemd[1]: Listening on systemd-resolved-monitor.socket - Resolve Monitor Varlink Socket.
[[0;32m  OK  [0m] Listening on [0;1;39msystemd-resolved-moni…t[0m - Resolve Monitor Varlink Socket.
[    6.981745] systemd[1]: Listening on systemd-resolved-varlink.socket - Resolve Service Varlink Socket.
[[0;32m  OK  [0m] Listening on [0;1;39msystemd-resolved-varl…t[0m - Resolve Service Varlink Socket.
[    7.011307] systemd[1]: Listening on systemd-udevd-control.socket - udev Control Socket.
[[0;32m  OK  [0m] Listening on [0;1;39msystemd-udevd-control.socket[0m - udev Control Socket.
[    7.041206] systemd[1]: Listening on systemd-udevd-kernel.socket - udev Kernel Socket.
[[0;32m  OK  [0m] Listening on [0;1;39msystemd-udevd-kernel.socket[0m - udev Kernel Socket.
[    7.071578] systemd[1]: Listening on systemd-udevd-varlink.socket - udev Varlink Socket.
[[0;32m  OK  [0m] Listening on [0;1;39msystemd-udevd-varlink.socket[0m - udev Varlink Socket.
[    7.102447] systemd[1]: dev-hugepages.mount - Huge Pages File System skipped, unmet condition check ConditionPathExists=/sys/kernel/mm/hugepages
[    7.116022] systemd[1]: Mounting dev-mqueue.mount - POSIX Message Queue File System...
         Mounting [0;1;39mdev-mqueue.mount[0m - POSIX Message Queue File System...
[    7.153253] systemd[1]: Mounting sys-kernel-debug.mount - Kernel Debug File System...
         Mounting [0;1;39msys-kernel-debug.mount[0m - Kernel Debug File System...
[    7.192897] systemd[1]: Mounting sys-kernel-tracing.mount - Kernel Trace File System...
         Mounting [0;1;39msys-kernel-tracing.mount[0m - Kernel[    7.196305] systemd[1]: tmp.mount: x-systemd.graceful-option=usrquota specified, but option is not available, suppressing.
 Trace File System...
[    7.237913] systemd[1]: Mounting tmp.mount - Temporary Directory /tmp...
         Mounting [0;1;39mtmp.mount[0m - Temporary Directory /tmp...
[    7.290577] systemd[1]: Starting systemd-journald.service - Journal Service...
         Starting [0;1;39msystemd-journald.service[0m - Journal Service...
[    7.328543] systemd[1]: Starting fake-hwclock-load.service - Restore the current clock...
         Starting [0;1;39mfake-hwclock-load.service[0m - Restore the current clock...
[    7.369380] systemd[1]: Starting kmod-static-nodes.service - Create List of Static Device Nodes...
         Starting [0;1;39mkmod-static-nodes.service[0m…eate List of Static Device Nodes...
[    7.400283] systemd[1]: modprobe@configfs.service - Load Kernel Module configfs skipped, unmet condition check ConditionKernelModuleLoaded=!configfs
[    7.407197] systemd[1]: Mounting sys-kernel-config.mount - Kernel Configuration File System...
         Mounting [0;1;39msys-kernel-config.mount[0m - Kernel Configuration File System...
[    7.460300] systemd[1]: modprobe@drm.service - Load Kernel Module drm skipped, unmet condition check ConditionKernelModuleLoaded=!drm
[    7.471229] systemd[1]: Starting modprobe@efi_pstore.service - Load Kernel Module efi_pstore...
[    7.477825] systemd-journald[192]: Collecting audit messages is disabled.
         Starting [0;1;39mmodprobe@efi_pstore.servi…[0m - Load Kernel Module efi_pstore...
[    7.519701] systemd[1]: Starting modprobe@fuse.service - Load Kernel Module fuse...
         Starting [0;1;39mmodprobe@fuse.service[0m - Load Kernel Module fuse...
[    7.551999] systemd[1]: systemd-hibernate-clear.service - Clear Stale Hibernate Storage Info skipped, unmet condition check ConditionPathExists=/sys/firmware/efi/efivars/HibernateLocation-8cf2644b-4b0b-428f-9387-6d876050dc67
[    7.567017] systemd[1]: Starting systemd-modules-load.service - Load Kernel Modules...
         Starting [0;1;39msystemd-modules-load.service[0m - Load Kernel Modules...
[    7.591797] fuse: init (API version 7.45)
[    7.599925] systemd[1]: systemd-pcrmachine.service - TPM PCR Machine ID Measurement skipped, unmet condition check ConditionSecurity=measured-uki
[    7.600703] systemd[1]: systemd-pcrproduct.service - TPM NvPCR Product ID Measurement skipped, unmet condition check ConditionSecurity=measured-uki
[    7.613264] systemd[1]: systemd-tpm2-setup-early.service - Early TPM SRK Setup skipped, unmet condition check ConditionSecurity=measured-uki
[    7.632780] systemd[1]: Starting systemd-udev-load-credentials.service - Load udev Rules from Credentials...
[    7.639778] systemd-journald[192]: Time jumped backwards, rotating.
         Starting [0;1;39msystemd-udev-load-credent…[0mLoad udev Rules from Credentials...
[    7.665856] systemd[1]: Starting systemd-udev-trigger.service - Coldplug All udev Devices...
         Starting [0;1;39msystemd-udev-trigger.service[0m - Coldplug All udev Devices...
[    7.706114] systemd[1]: Started systemd-journald.service - Journal Service.
[[0;32m  OK  [0m] Started [0;1;39msystemd-journald.service[0m - Journal Service.
[[0;32m  OK  [0m] Mounted [0;1;39mdev-mqueue.mount[0m - POSIX Message Queue File System.
[[0;32m  OK  [0m] Mounted [0;1;39msys-kernel-debug.mount[0m - Kernel Debug File System.
[[0;32m  OK  [0m] Mounted [0;1;39msys-kernel-tracing.mount[0m - Kernel Trace File System.
[[0;32m  OK  [0m] Mounted [0;1;39mtmp.mount[0m - Temporary Directory /tmp.
[[0;32m  OK  [0m] Finished [0;1;39mfake-hwclock-load.service[0m - Restore the current clock.
[[0;32m  OK  [0m] Finished [0;1;39mkmod-static-nodes.service[0m…Create List of Static Device Nodes.
[[0;32m  OK  [0m] Mounted [0;1;39msys-kernel-config.mount[0m - Kernel Configuration File System.
[[0;32m  OK  [0m] Finished [0;1;39mmodprobe@efi_pstore.service[0m - Load Kernel Module efi_pstore.
[[0;32m  OK  [0m] Finished [0;1;39mmodprobe@fuse.service[0m - Load Kernel Module fuse.
[[0;32m  OK  [0m] Finished [0;1;39msystemd-modules-load.service[0m - Load Kernel Modules.
[[0;32m  OK  [0m] Finished [0;1;39msystemd-udev-load-credent…[0m- Load udev Rules from Credentials.
         Mounting [0;1;39msys-fs-fuse-connections.mount[0m - FUSE Control File System...
         Starting [0;1;39msystemd-remount-fs.servic…[0munt Root and Kernel File Systems...
         Starting [0;1;39msystemd-sysctl.service[0m - Apply Kernel Variables...
         Starting [0;1;39msystemd-tmpfiles-setup-de…[0m Device Nodes in /dev gracefully...
[[0;32m  OK  [0m] Mounted [0;1;39msys-fs-fuse-connections.mount[0m - FUSE Control File System.
[[0;32m  OK  [0m] Finished [0;1;39msystemd-sysctl.service[0m - Apply Kernel Variables.
[[0;32m  OK  [0m] Finished [0;1;39msystemd-tmpfiles-setup-de…[0mic Device Nodes in /dev gracefully.
[[0;32m  OK  [0m] Finished [0;1;39msystemd-remount-fs.servic…[0mmount Root and Kernel File Systems.
         Starting [0;1;39msystemd-journal-flush.ser…[0msh Journal to Persistent Storage...
         Starting [0;1;39msystemd-pstore.service[0m - …form Persistent Storage Archival...
         Starting [0;1;39msystemd-random-seed.service[0m - Load/Save OS Random Seed...
         Starting [0;1;39msystemd-resolved.service[0m - Network Name Resolution...
         Starting [0;1;39msystemd-timesyncd.service[0m - Network Time Synchronization...
         Starting [0;1;39msystemd-tmpfiles-setup-de…[0meate Static Device Nodes in /dev...
[[0;32m  OK  [0m] Finished [0;1;39msystemd-pstore.service[0m - …atform Persistent Storage Archival.
[[0;32m  OK  [0m] Finished [0;1;39msystemd-tmpfiles-setup-de…[0mCreate Static Device Nodes in /dev.
[[0;32m  OK  [0m] Reached target [0;1;39mlocal-fs-pre.target[0m…Preparation for Local File Systems.
[[0;32m  OK  [0m] Reached target [0;1;39mlocal-fs.target[0m - Local File Systems.
[[0;32m  OK  [0m] Listening on [0;1;39msystemd-sysext.socket[0m… System Extension Image Management.
         Starting [0;1;39mnetplan-configure.service[0m - Netplan Backend Configuration...
         Starting [0;1;39msystemd-binfmt.service[0m - Set Up Additional Binary Formats...
         Starting [0;1;39msystemd-udevd.service[0m - R…ager for Device Events and Files...
         Starting [0;1;39musb-gadget.service[0m - USB …M network) setup for Fairphone 3...
[[0;32m  OK  [0m] Started [0;1;39msystemd-timesyncd.service[0m - Network Time Synchronization.
[[0;32m  OK  [0m] Reached target [0;1;39mtime-set.target[0m - System Time Set.
         Mounting [0;1;39mproc-sys-fs-binfmt_misc.m…[0mcutable File Formats File System...
[[0;32m  OK  [0m] Mounted [0;1;39mproc-sys-fs-binfmt_misc.mo…[0mxecutable File Formats File System.
[[0;32m  OK  [0m] Finished [0;1;39msystemd-journal-flush.ser…[0mlush Journal to Persistent Storage.
[[0;32m  OK  [0m] Finished [0;1;39msystemd-binfmt.service[0m - Set Up Additional Binary Formats.
         Starting [0;1;39msystemd-tmpfiles-setup.se…[0mate System Files and Directories...
[[0;32m  OK  [0m] Finished [0;1;39msystemd-tmpfiles-setup.se…[0mreate System Files and Directories.
[[0;32m  OK  [0m] Started [0;1;39msystemd-udevd.service[0m - Ru…anager for Device Events and Files.
[[0;32m  OK  [0m] Finished [0;1;39msystemd-random-seed.service[0m - Load/Save OS Random Seed.
[[0;32m  OK  [0m] Started [0;1;39msystemd-resolved.service[0m - Network Name Resolution.
[[0;32m  OK  [0m] Reached target [0;1;39mnss-lookup.target[0m - Host and Network Name Lookups.
[[0;32m  OK  [0m] Finished [0;1;39msystemd-udev-trigger.service[0m - Coldplug All udev Devices.
[[0;32m  OK  [0m] Reached target [0;1;39msysinit.target[0m - System Initialization.
[[0;32m  OK  [0m] Started [0;1;39mapt-daily.timer[0m - Daily apt download activities.
[[0;32m  OK  [0m] Started [0;1;39mapt-daily-upgrade.timer[0m - …y apt upgrade and clean activities.
[[0;32m  OK  [0m] Started [0;1;39mdpkg-db-backup.timer[0m - Daily dpkg database backup timer.
[[0;32m  OK  [0m] Started [0;1;39me2scrub_all.timer[0m - Period…Metadata Check for All Filesystems.
[[0;32m  OK  [0m] Started [0;1;39mfake-hwclock-save.timer[0m - Periodically save current clock.
[[0;32m  OK  [0m] Started [0;1;39mfstrim.timer[0m - Discard unused filesystem blocks once a week.
[[0;32m  OK  [0m] Started [0;1;39mmotd-news.timer[0m - Message of the Day.
[[0;32m  OK  [0m] Started [0;1;39msystemd-tmpfiles-clean.tim…[0my Cleanup of Temporary Directories.
[[0;32m  OK  [0m] Reached target [0;1;39mtimers.target[0m - Timer Units.
[[0;32m  OK  [0m] Listening on [0;1;39mdbus.socket[0m - D-Bus System Message Bus Socket.
[[0;32m  OK  [0m] Listening on [0;1;39mpolkit-agent-helper.s…[0mAuthorization Manager Agent Helper.
[[0;32m  OK  [0m] Listening on [0;1;39mssh.socket[0m - OpenBSD Secure Shell server socket.
[[0;32m  OK  [0m] Listening on [0;1;39msshd-unix-local.socke…[0mtemd-ssh-generator, AF_UNIX Local).
[[0;32m  OK  [0m] Listening on [0;1;39msystemd-hostnamed.socket[0m - Hostname Service Socket.
[[0;32m  OK  [0m] Listening on [0;1;39msystemd-logind-varlin…[0mer Login Management Varlink Socket.
[[0;32m  OK  [0m] Reached target [0;1;39msockets.target[0m - Socket Units.
         Starting [0;1;39mifupdown-pre.service[0m - He…synchronize boot up for ifupdown...
[[0;32m  OK  [0m] Reached target [0;1;39mbasic.target[0m - Basic System.
         Starting [0;1;39mdbus.service[0m - D-Bus System Message Bus...
         Starting [0;1;39me2scrub_reap.service[0m - Re…ne ext4 Metadata Check Snapshots...
         Starting [0;1;39mpolkit.service[0m - Authorization Manager...
[[0;32m  OK  [0m] Started [0;1;39mqrtr-ns.service[0m - QIPCRTR Name Service.
[[0;32m  OK  [0m] Started [0;1;39mrmtfs.service[0m - Qualcomm remotefs service.
         Starting [0;1;39mmsm-modem-uim-selection.s…[0mcation on the embedded QMI modem...
         Starting [0;1;39msystemd-logind.service[0m - User Login Management...
[[0;32m  OK  [0m] Started [0;1;39mdbus.service[0m - D-Bus System Message Bus.
[[0;32m  OK  [0m] Finished [0;1;39musb-gadget.service[0m - USB …NCM network) setup for Fairphone 3.
[[0;32m  OK  [0m] Finished [0;1;39mnetplan-configure.service[0m - Netplan Backend Configuration.
[[0;32m  OK  [0m] Finished [0;1;39me2scrub_reap.service[0m - Re…line ext4 Metadata Check Snapshots.
[[0;32m  OK  [0m] Found device [0;1;39mdev-ttyMSM0.device[0m - /dev/ttyMSM0.
[[0;32m  OK  [0m] Started [0;1;39msystemd-logind.service[0m - User Login Management.
[[0;32m  OK  [0m] Started [0;1;39mpolkit.service[0m - Authorization Manager.
[   12.907325] s1: unsupportable voltage range: 1287500-1050000uV
[[0;32m  OK  [0m] Finished [0;1;39mifupdown-pre.service[0m - He…o synchronize boot up for ifupdown.
[[0;32m  OK  [0m] Reached target [0;1;39mnetwork-pre.target[0m - Preparation for Network.
[[0;32m  OK  [0m] Reached target [0;1;39musb-gadget.target[0m - Hardware activated USB gadget.
[[0;32m  OK  [0m] Listening on [0;1;39msystemd-rfkill.socket[0m…ll Switch Status /dev/rfkill Watch.
         Starting [0;1;39mModemManager.service[0m - Modem Manager...
         Starting [0;1;39mbluetooth.service[0m - Bluetooth service...
[[0;32m  OK  [0m] Started [0;1;39mifup@usb0.service[0m - ifup for usb0.
[[0;32m  OK  [0m] Started [0;1;39mrmtfs.service[0m - Qualcomm remotefs service.

Format: Log Type - Time(microsec) - Message
Log type: B - since boot(excluding boot rom).  D - delta
B -    189771 - SBL1, Start
B -    195047 - scatterload_region && ram_init, Start
D -        30 - scatterload_region && ram_init, Delta
B -    212097 - pm_device_init, Start
D -     27328 - pm_device_init, Delta
B -    239547 - boot_flash_init, Start
D -     12352 - boot_flash_init, Delta
B -    252296 - boot_config_data_table_init, Start
D -    134932 - boot_config_data_table_init, Delta
B -    388814 - sbl1_ddr_set_params, Start
B -    391315 - Pre_DDR_clock_init, Start
D -       274 - Pre_DDR_clock_init, Delta
D -         0 - sbl1_ddr_set_params, Delta
B -    402752 - Detected Samsung SDRAM, Start
B -    406778 - Detected Samsung SDRAM, Start
B -    412177 - pm_driver_init, Start
D -     26535 - pm_driver_init, Delta
B -    440115 - clock_init, Start
D -       183 - clock_init, Delta
B -    443195 - Image Load, Start
B -    465765 - Tz Execution, Start
D -    184921 - Tz Execution, Delta
B -    658830 - Image Load, Start
B -    669048 - Signal PBL to Jump to RPM FW
B -    669322 - sbl1_wait_for_ddr_training, Start
D -     31903 - sbl1_wait_for_ddr_training, Delta
B -    705495 - Image Load, Start
B -    706532 - WDT Execution, Start
D -       213 - WDT Execution, Delta
B -    711046 - Image Load, Start
B -    732061 - sbl1_efs_handle_cookies, Start
D -       152 - sbl1_efs_handle_cookies, Delta
B -    733982 - RPM sync cookie updated
B -    737581 - SBL1, End
Android Bootloader - UART_DM Initialized!!!
[280] Not able to search the panel:
[450] Panel CMD: command mode dma test failed
[450] dsi panel init error
[520] Not able to search the panel:
[690] Panel CMD: command mode dma test failed
[690] dsi panel init error
[760] Not able to search the panel:
[960] Panel CMD: command mode dma test failed
[1010] Panel CMD: command mode dma test failed
[1080] Panel CMD: command mode dma test failed
[1150] Panel CMD: command mode dma test failed
[1210] Panel CMD: command mode dma test failed
[1280] Panel CMD: command mode dma test failed
[1350] Panel CMD: command mode dma test failed
[1410] Panel CMD: command mode dma test failed
[1480] Panel CMD: command mode dma test failed
[1580] Panel CMD: command mode dma test failed
[1680] dsi panel init error
[1690] Not able to search the panel:
[1750] Logo config doesn't match with fb config. Fall back default logo
[1810] Panel CMD: command mode dma test failed
[1810] dsi panel init error
[1820] partition misc doesn't exist
[1820] error in emmc_recovery_init
[1830] No 'misc' partition found
[1830] Error reading MISC partition
[1830] failed to get ffbm cookieAndroid Bootloader - UART_DM Initialized!!!
[0] welcome to lk

[0] SCM call: 0x2000601 failed with :fffffffc
[0] Failed to initialize SCM
[10] platform_init()
[10] target_init()
[10] Setting up SDC power and drive strength for slot 1
[10] Setting up SDC power and drive strength for slot 1
[30] MMC card: BWBC3R (0.2, 02 1998), manufacturer: 15, OEM: 100, capacity: 31268536320 bytes
[40] SDHC Running in HS200 mode
[40] Done initialization of the card
[50] lk2nd_init()
[50] Booted @ 0x8000, r0=0x0, r1=0x0, r2=0x1e00000
[50] Found valid DTB with 1746 bytes total
[60] Command line from previous bootloader: lk2nd androidboot.emmc=true androidboot.serialno=733bfccd androidboot.baseband=msm mdss_mdp.panel=0:dsi:0:
[70] Detected device: Fairphone 2 (compatible: fairphone,fp2)
[80] keys: 1 keymap overrides applied
[90] Skipping GDSC check for headless boot
[90] usbcon: started (dwc)
[90] 
=== lk2nd ===
[100] Press any key within 10 seconds for the lk2nd shell
[100] Booting in 10 ...  [1100] Booting in  9 ...  [2100] Booting in  8 ...  [3100] Booting in  7 ...  [4100] Booting in  6 ...  [5100] Booting in  5 ...  [6100] Booting in  4 ...  [7100] Booting in  3 ...  [8100] Booting in  2 ...  [9100] Booting in  1 ...  [10100] No key pressed -- continuing normal boot   

[10100] Registering wrapper bio devices...
[10110] Registering mmc_sdhci bio devices...
[10110] Selected SDC slot 2
[10120] Setting up SDC power and drive strength for slot 2
[10130] Error: Command timeout error
[10130] Failure getting OCR response from MMC Card
[10130] MMC card failed to respond, try for SD card
[10140] Error: Command timeout error
[10140] The response for CMD8 does not match the supplied value
[10150] Failed to initialize SD card
[10150] Failed detecting MMC/SDC @ slot2
[10150] SD card MMC is unavailable.
[10160] block devices:
[10160]  | dev        | label           | size       | Leaf |
[10160]  | wrp0p20    | lk2nd           |    512 KiB | Yes  |
[10170]  | wrp0p19p1  |                 |  26433 MiB | Yes  |
[10170]  | wrp0p19p0  |                 |    122 MiB | Yes  |
[10180]  | wrp0p19    | userdata        |  26555 MiB |      |
[10190]  | wrp0p18    | ssd             |      8 KiB | Yes  |
[10190]  | wrp0p17    | fsc             |      1 KiB | Yes  |
[10200]  | wrp0p16    | fsg             |      1 MiB | Yes  |
[10200]  | wrp0p15    | recovery        |     16 MiB | Yes  |
[10210]  | wrp0p14    | cache           |    640 MiB | Yes  |
[10210]  | wrp0p13    | persist         |     32 MiB | Yes  |
[10220]  | wrp0p12    | system          |   2048 MiB | Yes  |
[10220]  | wrp0p11    | modemst2        |      1 MiB | Yes  |
[10230]  | wrp0p10    | modemst1        |      1 MiB | Yes  |
[10230]  | wrp0p9     | pad             |   1024 KiB | Yes  |
[10240]  | wrp0p8     | tz              |    500 KiB | Yes  |
[10250]  | wrp0p7     | boot            |     15 MiB | Yes  |
[10250]  | wrp0p6     | rpm             |    500 KiB | Yes  |
[10260]  | wrp0p5     | splash          |     10 MiB | Yes  |
[10260]  | wrp0p4     | aboot           |   1024 KiB | Yes  |
[10270]  | wrp0p3     | DDR             |     32 KiB | Yes  |
[10270]  | wrp0p2     | dbi             |     32 KiB | Yes  |
[10280]  | wrp0p1     | sbl1            |    512 KiB | Yes  |
[10280]  | wrp0p0     | modem           |     64 MiB | Yes  |
[10290]  | wrp0       |                 |  29820 MiB |      |
[10290] boot: Trying to boot from the file system...
[10300] A/B boot offsets: A=0x100000, B=0x4100000
[10300] A/B boot: Failed to resolve base device 'userdata'
[10310] extlinux: Default label 'Buildroot' not found, using first label 'postmarketOS'
[10320] Trying to boot 'postmarketOS'
[10450] Updating device tree: start
[10460] Custom CPU enable-method detected, skipping SMP spin table
[10470] Updating device tree: done
[10470] booting linux @ 0x8000, ramdisk @ 0x251a000 (13522909), tags/device tree @ 0x231a000
[    0.000000] Booting Linux on physical CPU 0x0
[    0.000000] Linux version 6.18.40-citronics-lime-fp2-gaa55b1b242a1 (runner@runnervmvrwv9) (arm-linux-gnueabihf-gcc (Ubuntu 13.3.0-6ubuntu2~24.04.1) 13.3.0, GNU ld (GNU Binutils for Ubuntu) 2.42) #1 SMP PREEMPT Sun Jul 26 08:08:36 UTC 2026
[    0.000000] CPU: ARMv7 Processor [512f06f1] revision 1 (ARMv7), cr=10c5787d
[    0.000000] CPU: div instructions available: patching division code
[    0.000000] CPU: PIPT / VIPT nonaliasing data cache, PIPT instruction cache
[    0.000000] OF: fdt: Machine model: Fairphone 2
[    0.000000] earlycon: msm_serial_dm0 at MMIO 0xf991e000 (options '')
[    0.000000] printk: legacy bootconsole [msm_serial_dm0] enabled
[    0.000000] Memory policy: Data cache writealloc
[    0.000000] cma: Reserved 256 MiB at 0x70000000
[    0.000000] Zone ranges:
[    0.000000]   Normal   [mem 0x0000000000000000-0x000000002fffffff]
[    0.000000]   HighMem  [mem 0x0000000030000000-0x000000007fffffff]
[    0.000000] Movable zone start for each node
[    0.000000] Early memory node ranges
[    0.000000]   node   0: [mem 0x0000000000000000-0x0000000007ffffff]
[    0.000000]   node   0: [mem 0x0000000008000000-0x000000000fffffff]
[    0.000000]   node   0: [mem 0x0000000010000000-0x000000007fffffff]
[    0.000000] Initmem setup node 0 [mem 0x0000000000000000-0x000000007fffffff]
[    0.000000] OF: reserved mem: 0x08000000..0x0d0fffff (82944 KiB) nomap non-reusable mpss@8000000
[    0.000000] OF: reserved mem: 0x0d100000..0x0d1fffff (1024 KiB) nomap non-reusable mba@d100000
[    0.000000] OF: reserved mem: 0x0d200000..0x0dbfffff (10240 KiB) nomap non-reusable wcnss@d200000
[    0.000000] OF: reserved mem: 0x0dc00000..0x0f4fffff (25600 KiB) nomap non-reusable adsp@dc00000
[    0.000000] OF: reserved mem: 0x0f500000..0x0f9fffff (5120 KiB) nomap non-reusable memory@f500000
[    0.000000] OF: reserved mem: 0x0fa00000..0x0fbfffff (2048 KiB) nomap non-reusable smem@fa00000
[    0.000000] OF: reserved mem: 0x0fc00000..0x0fd5ffff (1408 KiB) nomap non-reusable memory@fc00000
[    0.000000] OF: reserved mem: 0x0fd60000..0x0fd7ffff (128 KiB) nomap non-reusable memory@fd60000
[    0.000000] OF: reserved mem: 0x0fd80000..0x0fefffff (1536 KiB) nomap non-reusable rmtfs@fd80000
[    0.000000] OF: reserved mem: 0x0ff00000..0x0fffffff (1024 KiB) nomap non-reusable ramoops@ff00000
[    0.000000] percpu: Embedded 19 pages/cpu s46796 r8192 d22836 u77824
[    0.000000] Kernel command line: earlycon=msm_serial_dm,0xf991e000 msm.vram=192m msm.allow_vram_carveout=1 fbcon=rotate:1 fbcon=font:TER16x32 rootfs=/dev/mmcblk0p20p2 bootpart=/dev/mmcblk0p20p1 resize_rootfs=1
[    0.000000] Unknown kernel command line parameters "rootfs=/dev/mmcblk0p20p2 bootpart=/dev/mmcblk0p20p1 resize_rootfs=1", will be passed to user space.
[    0.000000] printk: log buffer data + meta data: 131072 + 409600 = 540672 bytes
[    0.000000] Dentry cache hash table entries: 131072 (order: 7, 524288 bytes, linear)
[    0.000000] Inode-cache hash table entries: 65536 (order: 6, 262144 bytes, linear)
[    0.000000] Built 1 zonelists, mobility grouping on.  Total pages: 524288
[    0.000000] mem auto-init: stack:off, heap alloc:off, heap free:off
[    0.000000] SLUB: HWalign=64, Order=0-3, MinObjects=0, CPUs=4, Nodes=1
[    0.000000] ftrace: allocating 40844 entries in 120 pages
[    0.000000] ftrace: allocated 120 pages with 4 groups
[    0.000000] rcu: Preemptible hierarchical RCU implementation.
[    0.000000] 	Trampoline variant of Tasks RCU enabled.
[    0.000000] 	Rude variant of Tasks RCU enabled.
[    0.000000] 	Tracing variant of Tasks RCU enabled.
[    0.000000] rcu: RCU calculated value of scheduler-enlistment delay is 10 jiffies.
[    0.000000] RCU Tasks: Setting shift to 2 and lim to 1 rcu_task_cb_adjust=1 rcu_task_cpu_ids=4.
[    0.000000] RCU Tasks Rude: Setting shift to 2 and lim to 1 rcu_task_cb_adjust=1 rcu_task_cpu_ids=4.
[    0.000000] RCU Tasks Trace: Setting shift to 2 and lim to 1 rcu_task_cb_adjust=1 rcu_task_cpu_ids=4.
[    0.000000] NR_IRQS: 16, nr_irqs: 16, preallocated irqs: 16
[    0.000000] rcu: srcu_init: Setting srcu_struct sizes based on contention.
[    0.000000] clocksource: jiffies: mask: 0xffffffff max_cycles: 0xffffffff, max_idle_ns: 19112604462750000 ns
[    0.000000] arch_timer: cp15 timer running at 19.20MHz (virt).
[    0.000000] clocksource: arch_sys_counter: mask: 0xffffffffffffff max_cycles: 0x46d987e47, max_idle_ns: 440795202767 ns
[    0.000001] sched_clock: 56 bits at 19MHz, resolution 52ns, wraps every 4398046511078ns
[    0.010670] Switching to timer-based delay loop, resolution 52ns
[    0.018884] Console: colour dummy device 80x30
[    0.024908] printk: legacy console [tty0] enabled
[    0.029170] printk: legacy bootconsole [msm_serial_dm0] disabled
[    0.000000] Booting Linux on physical CPU 0x0
[    0.000000] Linux version 6.18.40-citronics-lime-fp2-gaa55b1b242a1 (runner@runnervmvrwv9) (arm-linux-gnueabihf-gcc (Ubuntu 13.3.0-6ubuntu2~24.04.1) 13.3.0, GNU ld (GNU Binutils for Ubuntu) 2.42) #1 SMP PREEMPT Sun Jul 26 08:08:36 UTC 2026
[    0.000000] CPU: ARMv7 Processor [512f06f1] revision 1 (ARMv7), cr=10c5787d
[    0.000000] CPU: div instructions available: patching division code
[    0.000000] CPU: PIPT / VIPT nonaliasing data cache, PIPT instruction cache
[    0.000000] OF: fdt: Machine model: Fairphone 2
[    0.000000] earlycon: msm_serial_dm0 at MMIO 0xf991e000 (options '')
[    0.000000] printk: legacy bootconsole [msm_serial_dm0] enabled
[    0.000000] Memory policy: Data cache writealloc
[    0.000000] cma: Reserved 256 MiB at 0x70000000
[    0.000000] Zone ranges:
[    0.000000]   Normal   [mem 0x0000000000000000-0x000000002fffffff]
[    0.000000]   HighMem  [mem 0x0000000030000000-0x000000007fffffff]
[    0.000000] Movable zone start for each node
[    0.000000] Early memory node ranges
[    0.000000]   node   0: [mem 0x0000000000000000-0x0000000007ffffff]
[    0.000000]   node   0: [mem 0x0000000008000000-0x000000000fffffff]
[    0.000000]   node   0: [mem 0x0000000010000000-0x000000007fffffff]
[    0.000000] Initmem setup node 0 [mem 0x0000000000000000-0x000000007fffffff]
[    0.000000] OF: reserved mem: 0x08000000..0x0d0fffff (82944 KiB) nomap non-reusable mpss@8000000
[    0.000000] OF: reserved mem: 0x0d100000..0x0d1fffff (1024 KiB) nomap non-reusable mba@d100000
[    0.000000] OF: reserved mem: 0x0d200000..0x0dbfffff (10240 KiB) nomap non-reusable wcnss@d200000
[    0.000000] OF: reserved mem: 0x0dc00000..0x0f4fffff (25600 KiB) nomap non-reusable adsp@dc00000
[    0.000000] OF: reserved mem: 0x0f500000..0x0f9fffff (5120 KiB) nomap non-reusable memory@f500000
[    0.000000] OF: reserved mem: 0x0fa00000..0x0fbfffff (2048 KiB) nomap non-reusable smem@fa00000
[    0.000000] OF: reserved mem: 0x0fc00000..0x0fd5ffff (1408 KiB) nomap non-reusable memory@fc00000
[    0.000000] OF: reserved mem: 0x0fd60000..0x0fd7ffff (128 KiB) nomap non-reusable memory@fd60000
[    0.000000] OF: reserved mem: 0x0fd80000..0x0fefffff (1536 KiB) nomap non-reusable rmtfs@fd80000
[    0.000000] OF: reserved mem: 0x0ff00000..0x0fffffff (1024 KiB) nomap non-reusable ramoops@ff00000
[    0.000000] percpu: Embedded 19 pages/cpu s46796 r8192 d22836 u77824
[    0.000000] Kernel command line: earlycon=msm_serial_dm,0xf991e000 msm.vram=192m msm.allow_vram_carveout=1 fbcon=rotate:1 fbcon=font:TER16x32 rootfs=/dev/mmcblk0p20p2 bootpart=/dev/mmcblk0p20p1 resize_rootfs=1
[    0.000000] Unknown kernel command line parameters "rootfs=/dev/mmcblk0p20p2 bootpart=/dev/mmcblk0p20p1 resize_rootfs=1", will be passed to user space.
[    0.000000] printk: log buffer data + meta data: 131072 + 409600 = 540672 bytes
[    0.000000] Dentry cache hash table entries: 131072 (order: 7, 524288 bytes, linear)
[    0.000000] Inode-cache hash table entries: 65536 (order: 6, 262144 bytes, linear)
[    0.000000] Built 1 zonelists, mobility grouping on.  Total pages: 524288
[    0.000000] mem auto-init: stack:off, heap alloc:off, heap free:off
[    0.000000] SLUB: HWalign=64, Order=0-3, MinObjects=0, CPUs=4, Nodes=1
[    0.000000] ftrace: allocating 40844 entries in 120 pages
[    0.000000] ftrace: allocated 120 pages with 4 groups
[    0.000000] rcu: Preemptible hierarchical RCU implementation.
[    0.000000] 	Trampoline variant of Tasks RCU enabled.
[    0.000000] 	Rude variant of Tasks RCU enabled.
[    0.000000] 	Tracing variant of Tasks RCU enabled.
[    0.000000] rcu: RCU calculated value of scheduler-enlistment delay is 10 jiffies.
[    0.000000] RCU Tasks: Setting shift to 2 and lim to 1 rcu_task_cb_adjust=1 rcu_task_cpu_ids=4.
[    0.000000] RCU Tasks Rude: Setting shift to 2 and lim to 1 rcu_task_cb_adjust=1 rcu_task_cpu_ids=4.
[    0.000000] RCU Tasks Trace: Setting shift to 2 and lim to 1 rcu_task_cb_adjust=1 rcu_task_cpu_ids=4.
[    0.000000] NR_IRQS: 16, nr_irqs: 16, preallocated irqs: 16
[    0.000000] rcu: srcu_init: Setting srcu_struct sizes based on contention.
[    0.000000] clocksource: jiffies: mask: 0xffffffff max_cycles: 0xffffffff, max_idle_ns: 19112604462750000 ns
[    0.000000] arch_timer: cp15 timer running at 19.20MHz (virt).
[    0.000000] clocksource: arch_sys_counter: mask: 0xffffffffffffff max_cycles: 0x46d987e47, max_idle_ns: 440795202767 ns
[    0.000001] sched_clock: 56 bits at 19MHz, resolution 52ns, wraps every 4398046511078ns
[    0.010670] Switching to timer-based delay loop, resolution 52ns
[    0.018884] Console: colour dummy device 80x30
[    0.024908] printk: legacy console [tty0] enabled
[    0.029170] printk: legacy bootconsole [msm_serial_dm0] disabled
[    0.033968] Calibrating delay loop (skipped), value calculated using timer frequency.. 38.40 BogoMIPS (lpj=192000)
[    0.034008] CPU: Testing write buffer coherency: ok
[    0.034069] pid_max: default: 32768 minimum: 301
[    0.034291] Mount-cache hash table entries: 2048 (order: 1, 8192 bytes, linear)
[    0.034327] Mountpoint-cache hash table entries: 2048 (order: 1, 8192 bytes, linear)
[    0.035576] CPU0: thread -1, cpu 0, socket 0, mpidr 80000000
[    0.035716] qcom_scm: convention: smc legacy
[    0.037544] Setting up static identity map for 0x100000 - 0x100060
[    0.037781] rcu: Hierarchical SRCU implementation.
[    0.037806] rcu: 	Max phase no-delay instances is 1000.
[    0.038247] Timer migration: 1 hierarchy levels; 8 children per group; 1 crossnode level
[    0.039413] smp: Bringing up secondary CPUs ...
[    0.040566] CPU1: thread -1, cpu 1, socket 0, mpidr 80000001
[    0.042156] CPU2: thread -1, cpu 2, socket 0, mpidr 80000002
[    0.043708] CPU3: thread -1, cpu 3, socket 0, mpidr 80000003
[    0.044165] smp: Brought up 1 node, 4 CPUs
[    0.044227] SMP: Total of 4 processors activated (153.60 BogoMIPS).
[    0.044254] CPU: All CPU(s) started in SVC mode.
[    0.044624] Memory: 1647296K/2097152K available (12288K kernel code, 1382K rwdata, 4588K rodata, 1024K init, 291K bss, 184292K reserved, 262144K cma-reserved, 1048576K highmem)
[    0.045290] devtmpfs: initialized
[    0.075073] VFP support v0.3: implementor 51 architecture 64 part 6f variant 2 rev 1
[    0.076128] posixtimers hash table entries: 2048 (order: 2, 16384 bytes, linear)
[    0.076208] futex hash table entries: 1024 (65536 bytes on 1 NUMA nodes, total 64 KiB, linear).
[    0.081393] pinctrl core: initialized pinctrl subsystem
[    0.083399] NET: Registered PF_NETLINK/PF_ROUTE protocol family
[    0.086286] DMA: preallocated 256 KiB pool for atomic coherent allocations
[    0.087982] thermal_sys: Registered thermal governor 'step_wise'
[    0.088118] cpuidle: using governor ladder
[    0.088224] cpuidle: using governor menu
[    0.088739] hw-breakpoint: found 5 (+1 reserved) breakpoint and 4 watchpoint registers.
[    0.088774] hw-breakpoint: maximum watchpoint size is 8 bytes.
[    0.091831] printk: legacy console [ramoops-1] enabled
[    0.101862] pstore: Registered ramoops as persistent store backend
[    0.101965] ramoops: using 0x100000@0xff00000, ecc: 16
[    0.118012] /soc/usb@f9a55000: Fixed dependency cycle(s) with /soc/usb@f9a55000/ulpi/phy-0
[    0.118216] /soc/usb@f9a55000/ulpi/phy-0: Fixed dependency cycle(s) with /soc/usb@f9a55000
[    0.118551] /soc/etf@fc307000: Fixed dependency cycle(s) with /soc/funnel@fc31b000
[    0.118748] /soc/etf@fc307000: Fixed dependency cycle(s) with /soc/replicator@fc31c000
[    0.118942] /soc/tpiu@fc318000: Fixed dependency cycle(s) with /soc/replicator@fc31c000
[    0.119162] /soc/funnel@fc31a000: Fixed dependency cycle(s) with /soc/funnel@fc31b000
[    0.119369] /soc/funnel@fc31a000: Fixed dependency cycle(s) with /soc/funnel@fc345000
[    0.119618] /soc/funnel@fc31b000: Fixed dependency cycle(s) with /soc/etf@fc307000
[    0.119773] /soc/funnel@fc31b000: Fixed dependency cycle(s) with /soc/funnel@fc31a000
[    0.120013] /soc/replicator@fc31c000: Fixed dependency cycle(s) with /soc/etf@fc307000
[    0.120198] /soc/replicator@fc31c000: Fixed dependency cycle(s) with /soc/tpiu@fc318000
[    0.120321] /soc/replicator@fc31c000: Fixed dependency cycle(s) with /soc/etr@fc322000
[    0.120575] /soc/etr@fc322000: Fixed dependency cycle(s) with /soc/replicator@fc31c000
[    0.120821] /soc/etm@fc33c000: Fixed dependency cycle(s) with /soc/funnel@fc345000
[    0.121007] /soc/etm@fc33d000: Fixed dependency cycle(s) with /soc/funnel@fc345000
[    0.121251] /soc/etm@fc33e000: Fixed dependency cycle(s) with /soc/funnel@fc345000
[    0.121495] /soc/etm@fc33f000: Fixed dependency cycle(s) with /soc/funnel@fc345000
[    0.121660] /soc/funnel@fc345000: Fixed dependency cycle(s) with /soc/funnel@fc31a000
[    0.121843] /soc/funnel@fc345000: Fixed dependency cycle(s) with /soc/etm@fc33f000
[    0.122024] /soc/funnel@fc345000: Fixed dependency cycle(s) with /soc/etm@fc33e000
[    0.122147] /soc/funnel@fc345000: Fixed dependency cycle(s) with /soc/etm@fc33d000
[    0.122329] /soc/funnel@fc345000: Fixed dependency cycle(s) with /soc/etm@fc33c000
[    0.131598] /soc/usb@f9a55000: Fixed dependency cycle(s) with /soc/usb@f9a55000/ulpi/phy-0
[    0.131861] /soc/usb@f9a55000/ulpi/phy-0: Fixed dependency cycle(s) with /soc/usb@f9a55000
[    0.133314] /soc/etf@fc307000: Fixed dependency cycle(s) with /soc/funnel@fc31b000
[    0.133517] /soc/etf@fc307000: Fixed dependency cycle(s) with /soc/replicator@fc31c000
[    0.133922] /soc/tpiu@fc318000: Fixed dependency cycle(s) with /soc/replicator@fc31c000
[    0.134247] /soc/funnel@fc31a000: Fixed dependency cycle(s) with /soc/funnel@fc31b000
[    0.134462] /soc/funnel@fc31a000: Fixed dependency cycle(s) with /soc/funnel@fc345000
[    0.134842] /soc/funnel@fc31a000: Fixed dependency cycle(s) with /soc/funnel@fc31b000
[    0.135104] /soc/etf@fc307000: Fixed dependency cycle(s) with /soc/funnel@fc31b000
[    0.135407] /soc/funnel@fc31b000: Fixed dependency cycle(s) with /soc/etf@fc307000
[    0.135716] /soc/funnel@fc31b000: Fixed dependency cycle(s) with /soc/funnel@fc31a000
[    0.136167] /soc/tpiu@fc318000: Fixed dependency cycle(s) with /soc/replicator@fc31c000
[    0.136460] /soc/etf@fc307000: Fixed dependency cycle(s) with /soc/replicator@fc31c000
[    0.136783] /soc/replicator@fc31c000: Fixed dependency cycle(s) with /soc/etf@fc307000
[    0.137062] /soc/replicator@fc31c000: Fixed dependency cycle(s) with /soc/tpiu@fc318000
[    0.137279] /soc/replicator@fc31c000: Fixed dependency cycle(s) with /soc/etr@fc322000
[    0.137629] /soc/replicator@fc31c000: Fixed dependency cycle(s) with /soc/etr@fc322000
[    0.137973] /soc/etr@fc322000: Fixed dependency cycle(s) with /soc/replicator@fc31c000
[    0.138412] /soc/etm@fc33c000: Fixed dependency cycle(s) with /soc/funnel@fc345000
[    0.138818] /soc/etm@fc33d000: Fixed dependency cycle(s) with /soc/funnel@fc345000
[    0.139225] /soc/etm@fc33e000: Fixed dependency cycle(s) with /soc/funnel@fc345000
[    0.139568] /soc/etm@fc33f000: Fixed dependency cycle(s) with /soc/funnel@fc345000
[    0.140016] /soc/etm@fc33f000: Fixed dependency cycle(s) with /soc/funnel@fc345000
[    0.140373] /soc/etm@fc33e000: Fixed dependency cycle(s) with /soc/funnel@fc345000
[    0.140654] /soc/etm@fc33d000: Fixed dependency cycle(s) with /soc/funnel@fc345000
[    0.140991] /soc/etm@fc33c000: Fixed dependency cycle(s) with /soc/funnel@fc345000
[    0.141293] /soc/funnel@fc31a000: Fixed dependency cycle(s) with /soc/funnel@fc345000
[    0.141553] /soc/funnel@fc345000: Fixed dependency cycle(s) with /soc/funnel@fc31a000
[    0.141771] /soc/funnel@fc345000: Fixed dependency cycle(s) with /soc/etm@fc33f000
[    0.142047] /soc/funnel@fc345000: Fixed dependency cycle(s) with /soc/etm@fc33e000
[    0.142321] /soc/funnel@fc345000: Fixed dependency cycle(s) with /soc/etm@fc33d000
[    0.142544] /soc/funnel@fc345000: Fixed dependency cycle(s) with /soc/etm@fc33c000
[    0.157402] kprobes: kprobe jump-optimization is enabled. All kprobes are optimized if possible.
[    0.162393] iommu: Default domain type: Translated
[    0.162547] iommu: DMA domain TLB invalidation policy: strict mode
[    0.163887] SCSI subsystem initialized
[    0.164837] usbcore: registered new interface driver usbfs
[    0.165071] usbcore: registered new interface driver hub
[    0.165359] usbcore: registered new device driver usb
[    0.167146] Advanced Linux Sound Architecture Driver Initialized.
[    0.169626] clocksource: Switched to clocksource arch_sys_counter
[    0.286164] NET: Registered PF_INET protocol family
[    0.286693] IP idents hash table entries: 16384 (order: 5, 131072 bytes, linear)
[    0.289299] tcp_listen_portaddr_hash hash table entries: 512 (order: 0, 4096 bytes, linear)
[    0.289566] Table-perturb hash table entries: 65536 (order: 6, 262144 bytes, linear)
[    0.289850] TCP established hash table entries: 8192 (order: 3, 32768 bytes, linear)
[    0.290128] TCP bind hash table entries: 8192 (order: 5, 131072 bytes, linear)
[    0.290450] TCP: Hash tables configured (established 8192 bind 8192)
[    0.290770] UDP hash table entries: 512 (order: 3, 28672 bytes, linear)
[    0.290957] UDP-Lite hash table entries: 512 (order: 3, 28672 bytes, linear)
[    0.291431] NET: Registered PF_UNIX/PF_LOCAL protocol family
[    0.292184] Trying to unpack rootfs image as initramfs...
[    0.293964] Initialise system trusted keyrings
[    0.294445] workingset: timestamp_bits=14 max_order=19 bucket_order=5
[    0.410109] Key type asymmetric registered
[    0.410234] Asymmetric key parser 'x509' registered
[    0.410490] Block layer SCSI generic (bsg) driver version 0.4 loaded (major 246)
[    0.410886] io scheduler mq-deadline registered
[    0.411048] io scheduler kyber registered
[    0.428058] ------------[ cut here ]------------
[    0.428225] WARNING: CPU: 0 PID: 1 at drivers/clk/qcom/clk-hfpll.c:101 __clk_hfpll_enable+0x1e0/0x1e8
[    0.428355] hfpll1 failed to lock in 200 us (L_VAL 0)
[    0.428511] Modules linked in:
[    0.428618] CPU: 0 UID: 0 PID: 1 Comm: swapper/0 Not tainted 6.18.40-citronics-lime-fp2-gaa55b1b242a1 #1 PREEMPT 
[    0.428634] Hardware name: Generic DT based system
[    0.428642] Call trace: 
[    0.428651] [<c01018d8>] (unwind_backtrace) from [<c0118870>] (show_stack+0x18/0x1c)
[    0.428680] [<c0118870>] (show_stack) from [<c010d0c8>] (dump_stack_lvl+0x50/0x64)
[    0.428701] [<c010d0c8>] (dump_stack_lvl) from [<c012e574>] (__warn+0x84/0x154)
[    0.428727] [<c012e574>] (__warn) from [<c012e76c>] (warn_slowpath_fmt+0x128/0x1bc)
[    0.428750] [<c012e76c>] (warn_slowpath_fmt) from [<c06557a8>] (__clk_hfpll_enable+0x1e0/0x1e8)
[    0.428781] [<c06557a8>] (__clk_hfpll_enable) from [<c06559b0>] (clk_hfpll_enable+0x90/0x98)
[    0.428811] [<c06559b0>] (clk_hfpll_enable) from [<c063fa00>] (clk_core_enable+0x74/0x1e4)
[    0.428839] [<c063fa00>] (clk_core_enable) from [<c063f9dc>] (clk_core_enable+0x50/0x1e4)
[    0.428858] [<c063f9dc>] (clk_core_enable) from [<c063fb98>] (clk_enable+0x28/0x3c)
[    0.428876] [<c063fb98>] (clk_enable) from [<c065873c>] (krait_add_clks+0x4fc/0x614)
[    0.428894] [<c065873c>] (krait_add_clks) from [<c0658908>] (krait_cc_probe+0xb4/0x330)
[    0.428911] [<c0658908>] (krait_cc_probe) from [<c07aa380>] (platform_probe+0x64/0x98)
[    0.428933] [<c07aa380>] (platform_probe) from [<c07a7474>] (really_probe+0xd8/0x3ac)
[    0.428964] [<c07a7474>] (really_probe) from [<c07a77e8>] (__driver_probe_device+0xa0/0x208)
[    0.428995] [<c07a77e8>] (__driver_probe_device) from [<c07a7a28>] (driver_probe_device+0x38/0xc8)
[    0.429027] [<c07a7a28>] (driver_probe_device) from [<c07a7cac>] (__driver_attach+0xe0/0x1b8)
[    0.429058] [<c07a7cac>] (__driver_attach) from [<c07a4f88>] (bus_for_each_dev+0x78/0xc8)
[    0.429088] [<c07a4f88>] (bus_for_each_dev) from [<c07a648c>] (bus_add_driver+0xf8/0x21c)
[    0.429116] [<c07a648c>] (bus_add_driver) from [<c07a8ca0>] (driver_register+0x84/0x11c)
[    0.429139] [<c07a8ca0>] (driver_register) from [<c010ea34>] (do_one_initcall+0x3c/0x254)
[    0.429161] [<c010ea34>] (do_one_initcall) from [<c1201480>] (kernel_init_freeable+0x20c/0x278)
[    0.429184] [<c1201480>] (kernel_init_freeable) from [<c0c5b500>] (kernel_init+0x24/0x140)
[    0.429204] [<c0c5b500>] (kernel_init) from [<c010014c>] (ret_from_fork+0x14/0x28)
[    0.429221] Exception stack(0xf0819fb0 to 0xf0819ff8)
[    0.429233] 9fa0:                                     00000000 00000000 00000000 00000000
[    0.429243] 9fc0: 00000000 00000000 00000000 00000000 00000000 00000000 00000000 00000000
[    0.429253] 9fe0: 00000000 00000000 00000000 00000000 00000013 00000000
[    0.429261] ---[ end trace 0000000000000000 ]---
[    0.434143] L2 @ 729600 KHz
[    0.434668] CPU0 @ 960000 KHz
[    0.434987] CPU1 @ 960000 KHz
[    0.435249] CPU2 @ 960000 KHz
[    0.435506] CPU3 @ 960000 KHz
[    0.527674] msm_serial: driver initialized
[    0.547983] brd: module loaded
[    0.557277] loop: module loaded
[    0.558020] SCSI Media Changer driver v0.25 
[    0.558938] spmi_pmic_arb fc4cf000.spmi: PMIC arbiter version v1 (0x20000002)
[    0.574779] /soc/spmi@fc4cf000/pm8941@1/regulators: Fixed dependency cycle(s) with /soc/spmi@fc4cf000/pm8941@1/regulators/s4
[    0.578041] SLIP: version 0.8.4-NET3.019-NEWTTY (dynamic channels, max=256) (6 bit encapsulation enabled).
[    0.578212] CSLIP: code copyright 1989 Regents of the University of California.
[    0.580393] usbcore: registered new interface driver cdc_acm
[    0.580497] cdc_acm: USB Abstract Control Model driver for USB modems and ISDN adapters
[    0.583092] UDC core: g_ether: couldn't find an available UDC
[    0.585684] rtc-pm8xxx fc4cf000.spmi:pm8941@0:rtc@6000: registered as rtc0
[    0.585836] rtc-pm8xxx fc4cf000.spmi:pm8941@0:rtc@6000: setting system clock to 1970-01-01T00:20:39 UTC (1239)
[    0.586129] i2c_dev: i2c /dev entries driver
[    0.587300] qcom-pon fc4cf000.spmi:pm8941@0:pon@800: pon=0x80 warm_reset=0x0002 poff=0x0000
[    0.587472] qcom-pon fc4cf000.spmi:pm8941@0:pon@800: power-on: KPD (power key)
[    0.587636] qcom-pon fc4cf000.spmi:pm8941@0:pon@800: previous power-off: none (0x00)
[    0.592972] device-mapper: ioctl: 4.50.0-ioctl (2025-04-28) initialised: dm-devel@lists.linux.dev
[    0.594784] sdhci: Secure Digital Host Controller Interface driver
[    0.594946] sdhci: Copyright(c) Pierre Ossman
[    0.595040] sdhci-pltfm: SDHCI platform and OF driver helper
[    0.596094] clocksource: arch_mmio_counter: mask: 0xffffffffffffff max_cycles: 0x46d987e47, max_idle_ns: 440795202767 ns
[    0.596271] arch-timer-mmio f9020000.timer: mmio timer running at 19.20MHz (virt)
[    0.596853] hid: raw HID events driver (C) Jiri Kosina
[    0.597204] usbcore: registered new interface driver usbhid
[    0.597304] usbhid: USB HID core driver
[    0.599632] hw perfevents: enabled with armv7_krait PMU driver, 5 (8000000f) counters available
[    0.605529] Initializing XFRM netlink socket
[    0.605811] NET: Registered PF_INET6 protocol family
[    0.607328] Segment Routing with IPv6
[    0.607489] In-situ OAM (IOAM) with IPv6
[    0.607724] NET: Registered PF_PACKET protocol family
[    0.607837] NET: Registered PF_KEY protocol family
[    0.607997] 8021q: 802.1Q VLAN Support v1.8
[    0.608171] Key type dns_resolver registered
[    0.608457] Registering SWP/SWPB emulation handler
[    0.624774] Loading compiled-in X.509 certificates
[    0.706983] s1: Bringing 0uV into 675000-675000uV
[    0.707657] s3: Bringing 0uV into 1050000-1050000uV
[    0.735006] ocmem fdd00000.sram: 8 ports, 3 regions, 24 macros, interleaved
[    0.737788] qcom-smsm smsm: mbox_request_channel: can't parse "mboxes" property
[    0.737920] qcom-smsm smsm: mbox_request_channel: can't parse "mboxes" property
[    0.739859] msm_serial f991e000.serial: msm_serial: detected port #0
[    0.740100] msm_serial f991e000.serial: uartclk = 7372800
[    0.740669] f991e000.serial: ttyMSM0 at MMIO 0xf991e000 (irq = 46, base_baud = 460800) is a MSM
[    0.740871] msm_serial: console setup on port #0
[    0.741045] printk: legacy console [ttyMSM0] enabled
[    1.104109] Freeing initrd memory: 13208K
[    1.122971] i2c_qup f9924000.i2c: using default clock-frequency 100000
[    1.123630] s4: Bringing 5100000uV into 5000000-5000000uV
[    2.519823] i2c_qup f9924000.i2c: 
[    2.519823]  tx channel not available
[    2.526849] qcom-smbb fc4cf000.spmi:pm8941@0:charger@1000: Initializing SMBB rev 3
[    2.609642] s1: Bringing 0uV into 1300000-1300000uV
[    2.610551] s2: Bringing 0uV into 2150000-2150000uV
[    2.614109] s3: Bringing 0uV into 1800000-1800000uV
[    2.618951] l1: Bringing 0uV into 1225000-1225000uV
[    2.623848] l2: Bringing 0uV into 1200000-1200000uV
[    2.628751] l3: Bringing 0uV into 1225000-1225000uV
[    2.633450] l4: Bringing 0uV into 1225000-1225000uV
[    2.638493] l5: Bringing 0uV into 1800000-1800000uV
[    2.643643] l6: Bringing 0uV into 1800000-1800000uV
[    2.648193] l7: Bringing 0uV into 1800000-1800000uV
[    2.652963] l8: Bringing 0uV into 1800000-1800000uV
[    2.657963] l9: Bringing 0uV into 1800000-1800000uV
[    2.663005] l10: Bringing 0uV into 1800000-1800000uV
[    2.667305] l11: Bringing 0uV into 1225000-1225000uV
[    2.672701] l12: Bringing 0uV into 1800000-1800000uV
[    2.677630] l13: Bringing 0uV into 1800000-1800000uV
[    2.682249] input: gpio-keys as /devices/platform/gpio-keys/input/input0
[    2.682598] l14: Bringing 0uV into 1800000-1800000uV
[    2.689211] clk: Disabling unused clocks
[    2.694381] l15: Bringing 0uV into 2050000-2050000uV
[    2.700364] PM: genpd: Disabling unused power domains
[    2.702815] l16: Bringing 0uV into 2700000-2700000uV
[    2.709313] ALSA device list:
[    2.712792] l17: Bringing 0uV into 2850000-2850000uV
[    2.717336]   No soundcards found.
[    2.720594] l18: Bringing 0uV into 2850000-2�[    2.734137] l20: Bringing 0uV into 2950000-2950000uV
[    2.734770] l21: Bringing 0uV into 2950000-2950000uV
[    2.738779] l22: Bringing 0uV into 3000000-3000000uV
[    2.743700] l23: Bringing 0uV into 3000000-3000000uV
[    2.748488] l24: Bringing 0uV into 3075000-3075000uV
[    2.760125] Freeing unused kernel image (initmem) memory: 1024K
[    2.760859] Run /init as init process
[    2.774982] g_ether gadget.0: HOST MAC 0e:e5:48:76:ee:bc
[    2.775093] g_ether gadget.0: MAC 7a:ec:e9:5e:9e:bf
[    2.779675] g_ether gadget.0: Ethernet Gadget, version: Memorial Day 2008
[    2.784095] g_ether gadget.0: g_ether ready
[    2.791687] ci_hdrc ci_hdrc.0: EHCI Host Controller
[    2.795338] ci_hdrc ci_hdrc.0: new USB bus registered, assigned bus number 1
[    2.802800] l24: voltage operation not allowed
[    2.819640] ci_hdrc ci_hdrc.0: USB 2.0 started, EHCI 1.00
[    2.820102] usb usb1: New USB device found, idVendor=1d6b, idProduct=0002, bcdDevice= 6.18
[    2.824094] usb usb1: New USB device strings: Mfr=3, Product=2, SerialNumber=1
[    2.832357] usb usb1: Product: EHCI Host Controller
[    2.837557] [Citronics] Setup firmware path...
[    2.839385] usb usb1: Manufacturer: Linux 6.18.40-citronics-lime-fp2-gaa55b1b242a1 ehci_hcd
[    2.839798] mmc1: SDHCI controller on f98a4900.mmc [f98a4900.mmc] using ADMA
[    2.842569] mmc0: SDHCI controller on f9824900.mmc [f9824900.mmc] using ADMA 64-bit
[    2.844645] [Citronics] Launch mdev...
[    2.848707] usb usb1: SerialNumber: ci_hdrc.0
[    2.876912] hub 1-0:1.0: USB hub found
[    2.879971] hub 1-0:1.0: 1 port detected
[    2.914982] mmc0: new HS200 MMC card at address 0001
[    2.916423] mmcblk0: mmc0:0001 BWBC3R 29.1 GiB
[    2.933024]  mmcblk0: p1 p2 p3 p4 p5 p6 p7 p8 p9 p10 p11 p12 p13 p14 p15 p16 p17 p18 p19 p20
[    2.940427] mmcblk0boot0: mmc0:0001 BWBC3R 4.00 MiB
[    2.943121] mmcblk0boot1: mmc0:0001 BWBC3R 4.00 MiB
[    2.947882] mmcblk0rpmb: mmc0:0001 BWBC3R 4.00 MiB, chardev (240:0)
[    3.169646] usb 1-1: new high-speed USB device number 2 using ci_hdrc
[    3.340533] usb 1-1: New USB device found, idVendor=0424, idProduct=9514, bcdDevice= 2.00
[    3.340679] usb 1-1: New USB device strings: Mfr=0, Product=0, SerialNumber=0
[    3.354859] hub 1-1:1.0: USB hub found
[    3.355292] hub 1-1:1.0: 5 ports detected
[    3.356035] [Citronics] Load relevant modules....
modprobe: ERROR: missing parameters. See -h.
[    3.399644] [Citronics] Kill mdev since it's not needed anymore...
[    3.440805] [Citronics] Attempting to map and if needed, resize rootfs partition...
[    3.493571] [Citronics] Waiting for rootfs device: /dev/mmcblk0p20
[    3.499932] [Citronics] Found rootfs device: /dev/mmcblk0p20
[    3.536286] [Citronics] No resizing needed for root partition /dev/mapper/mmcblk0p20p2
[    3.568429] [Citronics] Creating subpartition symlinks for /dev/mmcblk0p20
[    3.590233] [Citronics] Mounting rootfs partition...
[    3.659734] usb 1-1.1: new high-speed USB device number 3 using ci_hdrc
[    3.687703] EXT4-fs (dm-1): recovery complete
[    3.689486] EXT4-fs (dm-1): mounted filesystem 608e8df4-d32e-4975-b29e-8819a9f1c13f r/w with ordered data mode. Quota mode: disabled.
[    3.719804] [Citronics] Mounting boot partition...
[    3.756056] EXT4-fs (dm-0): warning: mounting unchecked fs, running e2fsck is recommended
[    3.759926] EXT4-fs (dm-0): mounted filesystem 4d9c3613-6c4f-496a-9d3d-1431338c68f2 r/w without journal. Quota mode: disabled.
[    3.765250] [Citronics] Switching to /sysroot
[    3.790541] usb 1-1.1: New USB device found, idVendor=0424, idProduct=ec00, bcdDevice= 2.00
[    3.790786] usb 1-1.1: New USB device strings: Mfr=0, Product=0, SerialNumber=0
[    4.026633] systemd[1]: System time advanced to timestamp on /var/lib/systemd/timesync/clock: Sun 2026-07-26 15:48:17 UTC
P+q6E616D65\[    4.416946] systemd[1]: Inserted module 'autofs4'
[6n[32766;32766H[6n[!p]104\[0m[?7h[1G[0J[    4.899995] systemd[1]: systemd 259.5-0ubuntu3 running in system mode (+PAM +AUDIT +SELINUX +APPARMOR +IMA +IPE +SMACK +SECCOMP +GCRYPT -GNUTLS +OPENSSL +ACL +BLKID +CURL +ELFUTILS +FIDO2 +IDN2 -IDN +KMOD +LIBCRYPTSETUP +LIBCRYPTSETUP_PLUGINS +LIBFDISK +PCRE2 +PWQUALITY +P11KIT +QRENCODE +TPM2 +BZIP2 +LZ4 +XZ +ZLIB +ZSTD -BPF_FRAMEWORK -BTF -XKBCOMMON -UTMP +SYSVINIT +LIBARCHIVE)
[    4.911334] systemd[1]: Detected architecture arm.

[0;1;39mWelcome to [0m[1mUbuntu 26.04 LTS[0m[0;1;39m![0m

[    4.965280] systemd[1]: Hostname set to <citronics>.
]3008;start=cb8a507621004375a6c97cfdcea7d8d0;user=root;hostname=citronics;machineid=65a6dc17f6f2412b95babe5a55e3efdd;bootid=7aca6988c53d4fcc976f63e7c68de101;pid=1;pidfdid=2;comm=systemd;type=boot\[    5.935489] systemd[1]: Queued start job for default target graphical.target.
[    6.052046] systemd[1]: Unnecessary job was removed for dev-mmcblk0p20p1.device - /dev/mmcblk0p20p1.
[    6.057579] systemd[1]: Created slice system-getty.slice - Slice /system/getty.
[[0;32m  OK  [0m] Created slice [0;1;39msystem-getty.slice[0m - Slice /system/getty.
[    6.102207] systemd[1]: Created slice system-modprobe.slice - Slice /system/modprobe.
[[0;32m  OK  [0m] Created slice [0;1;39msystem-modprobe.slice[0m - Slice /system/modprobe.
[    6.148711] systemd[1]: Created slice system-serial\x2dgetty.slice - Slice /system/serial-getty.
[[0;32m  OK  [0m] Created slice [0;1;39msystem-serial\x2dget…slice[0m - Slice /system/serial-getty.
[    6.188791] systemd[1]: Created slice system-systemd\x2dfsck.slice - Slice /system/systemd-fsck.
[[0;32m  OK  [0m] Created slice [0;1;39msystem-systemd\x2dfs…slice[0m - Slice /system/systemd-fsck.
[    6.225138] systemd[1]: Created slice user.slice - User and Session Slice.
[[0;32m  OK  [0m] Created slice [0;1;39muser.slice[0m - User and Session Slice.
[    6.261200] systemd[1]: Started systemd-ask-password-console.path - Dispatch Password Requests to Console Directory Watch.
[[0;32m  OK  [0m] Started [0;1;39msystemd-ask-password-conso…[0mequests to Console Directory Watch.
[    6.291099] systemd[1]: Started systemd-ask-password-wall.path - Forward Password Requests to Wall Directory Watch.
[[0;32m  OK  [0m] Started [0;1;39msystemd-ask-password-wall.…[0md Requests to Wall Directory Watch.
[    6.322920] systemd[1]: Set up automount proc-sys-fs-binfmt_misc.automount - Arbitrary Executable File Formats File System Automount Point.
[[0;32m  OK  [0m] Set up automount [0;1;39mproc-sys-fs-binfm…[0mormats File System Automount Point.
[    6.360375] systemd[1]: Expecting device dev-disk-by\x2duuid-4d9c3613\x2d6c4f\x2d496a\x2d9d3d\x2d1431338c68f2.device - /dev/disk/by-uuid/4d9c3613-6c4f-496a-9d3d-1431338c68f2...
         Expecting device [0;1;39mdev-disk-by\x2duu…[0m3613-6c4f-496a-9d3d-1431338c68f2...
[    6.400188] systemd[1]: Expecting device dev-ttyMSM0.device - /dev/ttyMSM0...
         Expecting device [0;1;39mdev-ttyMSM0.device[0m - /dev/ttyMSM0...
[    6.430576] systemd[1]: Reached target imports.target - Image Downloads.
[[0;32m  OK  [0m] Reached target [0;1;39mimports.target[0m - Image Downloads.
[    6.461015] systemd[1]: Reached target paths.target - Path Units.
[[0;32m  OK  [0m] Reached target [0;1;39mpaths.target[0m - Path Units.
[    6.490567] systemd[1]: Reached target remote-fs.target - Remote File Systems.
[[0;32m  OK  [0m] Reached target [0;1;39mremote-fs.target[0m - Remote File Systems.
[    6.520282] systemd[1]: Reached target slices.target - Slice Units.
[[0;32m  OK  [0m] Reached target [0;1;39mslices.target[0m - Slice Units.
[    6.550594] systemd[1]: Reached target swap.target - Swaps.
[[0;32m  OK  [0m] Reached target [0;1;39mswap.target[0m - Swaps.
[    6.616270] systemd[1]: Listening on systemd-ask-password.socket - Query the User Interactively for a Password.
[[0;32m  OK  [0m] Listening on [0;1;39msystemd-ask-password.…[0m User Interactively for a Password.
[    6.672599] systemd[1]: Listening on systemd-creds.socket - Credential Encryption/Decryption.
[[0;32m  OK  [0m] Listening on [0;1;39msystemd-creds.socket[0m - Credential Encryption/Decryption.
[    6.737352] systemd[1]: Listening on systemd-factory-reset.socket - Factory Reset Management.
[[0;32m  OK  [0m] Listening on [0;1;39msystemd-factory-reset.socket[0m - Factory Reset Management.
[    6.771939] systemd[1]: Listening on systemd-journald-dev-log.socket - Journal Socket (/dev/log).
[[0;32m  OK  [0m] Listening on [0;1;39msystemd-journald-dev-…socket[0m - Journal Socket (/dev/log).
[    6.801977] systemd[1]: Listening on systemd-journald.socket - Journal Sockets.
[[0;32m  OK  [0m] Listening on [0;1;39msystemd-journald.socket[0m - Journal Sockets.
[    6.867065] systemd[1]: Listening on systemd-mute-console.socket - Console Output Muting Service Socket.
[[0;32m  OK  [0m] Listening on [0;1;39msystemd-mute-console.…[0mnsole Output Muting Service Socket.
[    6.900430] systemd[1]: systemd-pcrextend.socket - TPM PCR Measurements skipped, unmet condition check ConditionSecurity=measured-uki
[    6.901412] systemd[1]: systemd-pcrlock.socket - Make TPM PCR Policy skipped, unmet condition check ConditionSecurity=measured-uki
[    6.913642] systemd[1]: Listening on systemd-resolved-monitor.socket - Resolve Monitor Varlink Socket.
[[0;32m  OK  [0m] Listening on [0;1;39msystemd-resolved-moni…t[0m - Resolve Monitor Varlink Socket.
[    6.951159] systemd[1]: Listening on systemd-resolved-varlink.socket - Resolve Service Varlink Socket.
[[0;32m  OK  [0m] Listening on [0;1;39msystemd-resolved-varl…t[0m - Resolve Service Varlink Socket.
[    6.981726] systemd[1]: Listening on systemd-udevd-control.socket - udev Control Socket.
[[0;32m  OK  [0m] Listening on [0;1;39msystemd-udevd-control.socket[0m - udev Control Socket.
[    7.011250] systemd[1]: Listening on systemd-udevd-kernel.socket - udev Kernel Socket.
[[0;32m  OK  [0m] Listening on [0;1;39msystemd-udevd-kernel.socket[0m - udev Kernel Socket.
[    7.041515] systemd[1]: Listening on systemd-udevd-varlink.socket - udev Varlink Socket.
[[0;32m  OK  [0m] Listening on [0;1;39msystemd-udevd-varlink.socket[0m - udev Varlink Socket.
[    7.072372] systemd[1]: dev-hugepages.mount - Huge Pages File System skipped, unmet condition check ConditionPathExists=/sys/kernel/mm/hugepages
[    7.086327] systemd[1]: Mounting dev-mqueue.mount - POSIX Message Queue File System...
         Mounting [0;1;39mdev-mqueue.mount[0m - POSIX Message Queue File System...
[    7.123113] systemd[1]: Mounting sys-kernel-debug.mount - Kernel Debug File System...
         Mounting [0;1;39msys-kernel-debug.mount[0m - Kernel Debug File System...
[    7.162831] systemd[1]: Mounting sys-kernel-tracing.mount - Kernel Trace File System...
         Mounting [0;1;39msys-kernel-tracing.mount[0m - Kernel[    7.166290] systemd[1]: tmp.mount: x-systemd.graceful-option=usrquota specified, but option is not available, suppressing.
 Trace File System...
[    7.226563] systemd[1]: Mounting tmp.mount - Temporary Directory /tmp...
         Mounting [0;1;39mtmp.mount[0m - Temporary Directory /tmp...
[    7.283842] systemd[1]: Starting systemd-journald.service - Journal Service...
         Starting [0;1;39msystemd-journald.service[0m - Journal Service...
[    7.325558] systemd[1]: Starting fake-hwclock-load.service - Restore the current clock...
         Starting [0;1;39mfake-hwclock-load.service[0m - Restore the current clock...
[    7.368212] systemd[1]: Starting kmod-static-nodes.service - Create List of Static Device Nodes...
         Starting [0;1;39mkmod-static-nodes.service[0m…eate List of Static Device Nodes...
[    7.400286] systemd[1]: modprobe@configfs.service - Load Kernel Module configfs skipped, unmet condition check ConditionKernelModuleLoaded=!configfs
[    7.406540] systemd[1]: Mounting sys-kernel-config.mount - Kernel Configuration File System...
[    7.414405] systemd[1]: modprobe@drm.service - Load Kernel Module drm skipped, unmet condition check ConditionKernelModuleLoaded=!drm
         Mounting [0;1;39msys-kernel-config.mount[0m - Kernel [    7.433268] systemd[1]: Starting modprobe@efi_pstore.service - Load Kernel Module efi_pstore...
Configuration File System...
         Starting [0;1;39mmodprobe@efi_pstore.servi…[0m - Lo[    7.471672] systemd-journald[192]: Collecting audit messages is disabled.
ad Kernel Module efi_pstore...
[    7.531244] systemd[1]: Starting modprobe@fuse.service - Load Kernel Module fuse...
         Starting [0;1;39mmodprobe@fuse.service[0m - Load Kernel Module fuse...
[    7.562773] systemd[1]: systemd-hibernate-clear.service - Clear Stale Hibernate Storage Info skipped, unmet condition check ConditionPathExists=/sys/firmware/efi/efivars/HibernateLocation-8cf2644b-4b0b-428f-9387-6d876050dc67
[    7.578638] systemd[1]: Starting systemd-modules-load.service - Load Kernel Modules...
         Starting [0;1;39msystemd-modules-load.service[0m - Load Kernel Modules...
[    7.603346] fuse: init (API version 7.45)
[    7.609845] systemd[1]: systemd-pcrmachine.service - TPM PCR Machine ID Measurement skipped, unmet condition check ConditionSecurity=measured-uki
[    7.610324] systemd[1]: systemd-pcrproduct.service - TPM NvPCR Product ID Measurement skipped, unmet condition check ConditionSecurity=measured-uki
[    7.622897] systemd[1]: systemd-tpm2-setup-early.service - Early TPM SRK Setup skipped, unmet condition check ConditionSecurity=measured-uki
[    7.643332] systemd[1]: Starting systemd-udev-load-credentials.service - Load udev Rules from Credentials...
         Starting [0;1;39msystemd-udev-load-credent…[0mLoad udev Rules from Credentials...
[    7.721465] systemd[1]: Starting systemd-udev-trigger.service - Coldplug All udev Devices...
         Starting [0;1;39msystemd-udev-trigger.service[0m - Co[    7.729785] systemd-journald[192]: Time jumped backwards, rotating.
ldplug All udev Devices...
[    7.786208] systemd[1]: Started systemd-journald.service - Journal Service.
[[0;32m  OK  [0m] Started [0;1;39msystemd-journald.service[0m - Journal Service.
[[0;32m  OK  [0m] Mounted [0;1;39mdev-mqueue.mount[0m - POSIX Message Queue File System.
[[0;32m  OK  [0m] Mounted [0;1;39msys-kernel-debug.mount[0m - Kernel Debug File System.
[[0;32m  OK  [0m] Mounted [0;1;39msys-kernel-tracing.mount[0m - Kernel Trace File System.
[[0;32m  OK  [0m] Mounted [0;1;39mtmp.mount[0m - Temporary Directory /tmp.
[[0;32m  OK  [0m] Finished [0;1;39mfake-hwclock-load.service[0m - Restore the current clock.
[[0;32m  OK  [0m] Finished [0;1;39mkmod-static-nodes.service[0m…Create List of Static Device Nodes.
[[0;32m  OK  [0m] Mounted [0;1;39msys-kernel-config.mount[0m - Kernel Configuration File System.
[[0;32m  OK  [0m] Finished [0;1;39mmodprobe@efi_pstore.service[0m - Load Kernel Module efi_pstore.
[[0;32m  OK  [0m] Finished [0;1;39mmodprobe@fuse.service[0m - Load Kernel Module fuse.
[[0;32m  OK  [0m] Finished [0;1;39msystemd-modules-load.service[0m - Load Kernel Modules.
[[0;32m  OK  [0m] Finished [0;1;39msystemd-udev-load-credent…[0m- Load udev Rules from Credentials.
         Mounting [0;1;39msys-fs-fuse-connections.mount[0m - FUSE Control File System...
         Starting [0;1;39msystemd-remount-fs.servic…[0munt Root and Kernel File Systems...
         Starting [0;1;39msystemd-sysctl.service[0m - Apply Kernel Variables...
         Starting [0;1;39msystemd-tmpfiles-setup-de…[0m Device Nodes in /dev gracefully...
[[0;32m  OK  [0m] Mounted [0;1;39msys-fs-fuse-connections.mount[0m - FUSE Control File System.
[[0;32m  OK  [0m] Finished [0;1;39msystemd-sysctl.service[0m - Apply Kernel Variables.
[[0;32m  OK  [0m] Finished [0;1;39msystemd-tmpfiles-setup-de…[0mic Device Nodes in /dev gracefully.
[[0;32m  OK  [0m] Finished [0;1;39msystemd-remount-fs.servic…[0mmount Root and Kernel File Systems.
         Starting [0;1;39msystemd-journal-flush.ser…[0msh Journal to Persistent Storage...
         Starting [0;1;39msystemd-pstore.service[0m - …form Persistent Storage Archival...
         Starting [0;1;39msystemd-random-seed.service[0m - Load/Save OS Random Seed...
         Starting [0;1;39msystemd-resolved.service[0m - Network Name Resolution...
         Starting [0;1;39msystemd-timesyncd.service[0m - Network Time Synchronization...
         Starting [0;1;39msystemd-tmpfiles-setup-de…[0meate Static Device Nodes in /dev...
[[0;32m  OK  [0m] Finished [0;1;39msystemd-pstore.service[0m - …atform Persistent Storage Archival.
[[0;32m  OK  [0m] Finished [0;1;39msystemd-tmpfiles-setup-de…[0mCreate Static Device Nodes in /dev.
[[0;32m  OK  [0m] Reached target [0;1;39mlocal-fs-pre.target[0m…Preparation for Local File Systems.
[[0;32m  OK  [0m] Reached target [0;1;39mlocal-fs.target[0m - Local File Systems.
[[0;32m  OK  [0m] Listening on [0;1;39msystemd-sysext.socket[0m… System Extension Image Management.
         Starting [0;1;39mnetplan-configure.service[0m - Netplan Backend Configuration...
         Starting [0;1;39msystemd-binfmt.service[0m - Set Up Additional Binary Formats...
         Starting [0;1;39msystemd-udevd.service[0m - R…ager for Device Events and Files...
         Starting [0;1;39musb-gadget.service[0m - USB …M network) setup for Fairphone 3...
[[0;32m  OK  [0m] Started [0;1;39msystemd-timesyncd.service[0m - Network Time Synchronization.
[[0;32m  OK  [0m] Reached target [0;1;39mtime-set.target[0m - System Time Set.
         Mounting [0;1;39mproc-sys-fs-binfmt_misc.m…[0mcutable File Formats File System...
[[0;32m  OK  [0m] Mounted [0;1;39mproc-sys-fs-binfmt_misc.mo…[0mxecutable File Formats File System.
[[0;32m  OK  [0m] Finished [0;1;39msystemd-journal-flush.ser…[0mlush Journal to Persistent Storage.
[[0;32m  OK  [0m] Finished [0;1;39msystemd-binfmt.service[0m - Set Up Additional Binary Formats.
         Starting [0;1;39msystemd-tmpfiles-setup.se…[0mate System Files and Directories...
[[0;32m  OK  [0m] Started [0;1;39msystemd-udevd.service[0m - Ru…anager for Device Events and Files.
[[0;32m  OK  [0m] Finished [0;1;39msystemd-tmpfiles-setup.se…[0mreate System Files and Directories.
[[0;32m  OK  [0m] Finished [0;1;39msystemd-random-seed.service[0m - Load/Save OS Random Seed.
[[0;32m  OK  [0m] Started [0;1;39msystemd-resolved.service[0m - Network Name Resolution.
[[0;32m  OK  [0m] Reached target [0;1;39mnss-lookup.target[0m - Host and Network Name Lookups.
[[0;32m  OK  [0m] Finished [0;1;39msystemd-udev-trigger.service[0m - Coldplug All udev Devices.
[[0;32m  OK  [0m] Reached target [0;1;39msysinit.target[0m - System Initialization.
[[0;32m  OK  [0m] Started [0;1;39mapt-daily.timer[0m - Daily apt download activities.
[[0;32m  OK  [0m] Started [0;1;39mapt-daily-upgrade.timer[0m - …y apt upgrade and clean activities.
[[0;32m  OK  [0m] Started [0;1;39mdpkg-db-backup.timer[0m - Daily dpkg database backup timer.
[[0;32m  OK  [0m] Started [0;1;39me2scrub_all.timer[0m - Period…Metadata Check for All Filesystems.
[[0;32m  OK  [0m] Started [0;1;39mfake-hwclock-save.timer[0m - Periodically save current clock.
[[0;32m  OK  [0m] Started [0;1;39mfstrim.timer[0m - Discard unused filesystem blocks once a week.
[[0;32m  OK  [0m] Started [0;1;39mmotd-news.timer[0m - Message of the Day.
[[0;32m  OK  [0m] Started [0;1;39msystemd-tmpfiles-clean.tim…[0my Cleanup of Temporary Directories.
[[0;32m  OK  [0m] Reached target [0;1;39mtimers.target[0m - Timer Units.
[[0;32m  OK  [0m] Listening on [0;1;39mdbus.socket[0m - D-Bus System Message Bus Socket.
[[0;32m  OK  [0m] Listening on [0;1;39mpolkit-agent-helper.s…[0mAuthorization Manager Agent Helper.
[[0;32m  OK  [0m] Listening on [0;1;39mssh.socket[0m - OpenBSD Secure Shell server socket.
[[0;32m  OK  [0m] Listening on [0;1;39msshd-unix-local.socke…[0mtemd-ssh-generator, AF_UNIX Local).
[[0;32m  OK  [0m] Listening on [0;1;39msystemd-hostnamed.socket[0m - Hostname Service Socket.
[[0;32m  OK  [0m] Listening on [0;1;39msystemd-logind-varlin…[0mer Login Management Varlink Socket.
[[0;32m  OK  [0m] Reached target [0;1;39msockets.target[0m - Socket Units.
         Starting [0;1;39mifupdown-pre.service[0m - He…synchronize boot up for ifupdown...
[[0;32m  OK  [0m] Reached target [0;1;39mbasic.target[0m - Basic System.
         Starting [0;1;39mdbus.service[0m - D-Bus System Message Bus...
         Starting [0;1;39me2scrub_reap.service[0m - Re…ne ext4 Metadata Check Snapshots...
         Starting [0;1;39mpolkit.service[0m - Authorization Manager...
[[0;32m  OK  [0m] Started [0;1;39mqrtr-ns.service[0m - QIPCRTR Name Service.
[[0;32m  OK  [0m] Started [0;1;39mrmtfs.service[0m - Qualcomm remotefs service.
         Starting [0;1;39mmsm-modem-uim-selection.s…[0mcation on the embedded QMI modem...
         Starting [0;1;39msystemd-logind.service[0m - User Login Management...
[[0;32m  OK  [0m] Started [0;1;39mdbus.service[0m - D-Bus System Message Bus.
[[0;32m  OK  [0m] Finished [0;1;39musb-gadget.service[0m - USB …NCM network) setup for Fairphone 3.
[[0;32m  OK  [0m] Finished [0;1;39mnetplan-configure.service[0m - Netplan Backend Configuration.
[[0;32m  OK  [0m] Finished [0;1;39me2scrub_reap.service[0m - Re…line ext4 Metadata Check Snapshots.
[[0;32m  OK  [0m] Found device [0;1;39mdev-ttyMSM0.device[0m - /dev/ttyMSM0.
[[0;32m  OK  [0m] Started [0;1;39mpolkit.service[0m - Authorization Manager.
[[0;32m  OK  [0m] Started [0;1;39msystemd-logind.service[0m - User Login Management.
[   13.087347] s1: unsupportable voltage range: 1287500-1050000uV
[[0;32m  OK  [0m] Finished [0;1;39mifupdown-pre.service[0m - He…o synchronize boot up for ifupdown.
[[0;32m  OK  [0m] Reached target [0;1;39mnetwork-pre.target[0m - Preparation for Network.
[[0;32m  OK  [0m] Reached target [0;1;39musb-gadget.target[0m - Hardware activated USB gadget.
[[0;32m  OK  [0m] Listening on [0;1;39msystemd-rfkill.socket[0m…ll Switch Status /dev/rfkill Watch.
         Starting [0;1;39mModemManager.service[0m - Modem Manager...
         Starting [0;1;39mbluetooth.service[0m - Bluetooth service...
[[0;32m  OK  [0m] Started [0;1;39mifup@usb0.service[0m - ifup for usb0.
[[0;32m  OK  [0m] Started [0;1;39mrmtfs.service[0m - Qualcomm remotefs service.
         Starting [0;1;39mset-mac-from-serial.servi…[0mss for usb0 and eth0 from Serial...
         Starting [0;1;39mwpa_supplicant.service[0m - WPA supplicant...
         Starting [0;1;39msystemd-rfkill.service[0m - Load/Save RF Kill Switch Status...
[[0;32m  OK  [0m] Started [0;1;39mbluetooth.service[0m - Bluetooth service.
[[0;32m  OK  [0m] Reached target [0;1;39mbluetooth.target[0m - Bluetooth Support.
[[0;32m  OK  [0m] Started [0;1;39msystemd-rfkill.service[0m - Load/Save RF Kill Switch Status.
[[0;32m  OK  [0m] Started [0;1;39mwpa_supplicant.service[0m - WPA supplicant.
         Starting [0;1;39msystemd-hostnamed.service[0m - Hostname Service...
[[0;32m  OK  [0m] Started [0;1;39mModemManager.service[0m - Modem Manager.
[[0;32m  OK  [0m] Started [0;1;39msystemd-hostnamed.service[0m - Hostname Service.
[[0m[0;31m*     [0m] (1 of 3) Job dev-disk-by\x2duuid-4d…ice/start running (12s / 1min 30s)
M[K[[0;32m  OK  [0m] Started [0;1;39mmsm-modem-uim-selection.se…[0mlication on the embedded QMI modem.
[K[[0;1;31m*[0m[0;31m*    [0m] (1 of 2) Job dev-disk-by\x2duuid-4d…ice/start running (15s / 1min 30s)
M[K[[0;31m*[0;1;31m*[0m[0;31m*   [0m] (1 of 2) Job dev-disk-by\x2duuid-4d…ice/start running (15s / 1min 30s)
M[K[ [0;31m*[0;1;31m*[0m[0;31m*  [0m] (2 of 2) Job set-mac-from-serial.se…ice/start running (16s / no limit)
M[K[  [0;31m*[0;1;31m*[0m[0;31m* [0m] (2 of 2) Job set-mac-from-serial.se…ice/start running (17s / no limit)
M[K[   [0;31m*[0;1;31m*[0m[0;31m*[0m] (2 of 2) Job set-mac-from-serial.se…ice/start running (17s / no limit)
M[K[    [0;31m*[0;1;31m*[0m] (1 of 2) Job dev-disk-by\x2duuid-4d…ice/start running (18s / 1min 30s)
M[K[     [0;31m*[0m] (1 of 2) Job dev-disk-by\x2duuid-4d…ice/start running (18s / 1min 30s)
M[K[    [0;31m*[0;1;31m*[0m] (1 of 2) Job dev-disk-by\x2duuid-4d…ice/start running (19s / 1min 30s)
M[K[   [0;31m*[0;1;31m*[0m[0;31m*[0m] (2 of 2) Job set-mac-from-serial.se…ice/start running (19s / no limit)
M[K[  [0;31m*[0;1;31m*[0m[0;31m* [0m] (2 of 2) Job set-mac-from-serial.se…ice/start running (20s / no limit)
M[K[[0;32m  OK  [0m] Finished [0;1;39mset-mac-from-serial.servi…[0mress for usb0 and eth0 from Serial.
[K         Starting [0;1;39mNetworkManager.service[0m - Network Manager...
         Starting [0;1;39mnetworking.service[0m - Raise network interfaces...
         Starting [0;1;39mNetworkManager-dispatcher…[0manager Script Dispatcher Service...
[[0;32m  OK  [0m] Finished [0;1;39mnetworking.service[0m - Raise network interfaces.
[[0;32m  OK  [0m] Started [0;1;39mNetworkManager-dispatcher.…[0m Manager Script Dispatcher Service.
[[0;32m  OK  [0m] Started [0;1;39mNetworkManager.service[0m - Network Manager.
[[0;32m  OK  [0m] Reached target [0;1;39mnetwork.target[0m - Network.
         Starting [0;1;39mNetworkManager-wait-onlin…ce[0m - Network Manager Wait Online...
         Starting [0;1;39msystemd-user-sessions.service[0m - Permit User Sessions...
[[0;32m  OK  [0m] Finished [0;1;39msystemd-user-sessions.service[0m - Permit User Sessions.
[[0;32m  OK  [0m] Started [0;1;39mgetty@tty1.service[0m - Getty on tty1.
[[0;32m  OK  [0m] Started [0;1;39mserial-getty@ttyMSM0.service[0m - Serial Getty on ttyMSM0.
[[0;32m  OK  [0m] Reached target [0;1;39mgetty.target[0m - Login Prompts.
[[0;32m  OK  [0m] Finished [0;1;39mNetworkManager-wait-onlin…vice[0m - Network Manager Wait Online.
[[0;32m  OK  [0m] Reached target [0;1;39mnetwork-online.target[0m - Network is Online.
         Starting [0;1;39minetutils-inetd.service[0m -…k Utilities internet superserver...
[[0;32m  OK  [0m] Started [0;1;39misc-dhcp-server.service[0m - ISC DHCP IPv4 server.
[[0;32m  OK  [0m] Started [0;1;39misc-dhcp-server6.service[0m - ISC DHCP IPv6 server.
[[0;32m  OK  [0m] Reached target [0;1;39mmulti-user.target[0m - Multi-User System.
[[0;32m  OK  [0m] Reached target [0;1;39mgraphical.target[0m - Graphical Interface.
[[0;32m  OK  [0m] Started [0;1;39mmsm8974-soak-logger.servic…[0mc vitals, survives a silent reset).
[[0;32m  OK  [0m] Started [0;1;39mmsm8974-thermal-guard.serv…[0mves load, never touches frequency).
[[0;32m  OK  [0m] Started [0;1;39mmsm8974-vbat-trace.service[0m…C voltage trace (fsync per sample).
[!p]104\[0m[?7h[1G[0J[6n[32766;32766H[6n[!p]104\[0m[?7h[1G[0J[6n[32766;32766H[6n]3008;start=53915834211e40539917ba1828f03768;user=root;hostname=citronics;machineid=65a6dc17f6f2412b95babe5a55e3efdd;bootid=7aca6988c53d4fcc976f63e7c68de101;pid=973;pidfdid=974;comm=(agetty);servicename=serial-getty@ttyMSM0.service;invocationid=312f2179807645b9b9fb4a87cfcc71a0;type=service\P+q6E616D65\
Ubuntu 26.04 LTS citronics ttyMSM0

citronics login: sudo sh -c "tail -c +$((0x85a*9+1)) /sys/kernel/debug/regmap/0-00/registers | head -c 18; echo; echo warm > /sys/kernel/reboot/mode; echo 8 > /proc/sys/kernel/printk"
[!p]104\[0m[?7h[1G[0J[6n[32766;32766H[6n]3008;end=53915834211e40539917ba1828f03768\[!p]104\[0m[?7h[1G[0J[6n[32766;32766H[6n[!p]104\[0m[?7h[1G[0J[6n[32766;32766H[6n]3008;start=d6b06a4c91c64a26b9b0ecf90897e45a;user=root;hostname=citronics;machineid=65a6dc17f6f2412b95babe5a55e3efdd;bootid=7aca6988c53d4fcc976f63e7c68de101;pid=7843;pidfdid=7844;comm=(agetty);servicename=serial-getty@ttyMSM0.service;invocationid=9f0f292c50f44482ba1fd346fd140b78;type=service\P+q6E616D65\
Ubuntu 26.04 LTS citronics ttyMSM0

citronics login: 
citronics login: citro
Password: 
Welcome to Ubuntu 26.04 LTS (GNU/Linux 6.18.40-citronics-lime-fp2-gaa55b1b242a1 armv7l)

 * Documentation:  https://docs.ubuntu.com
 * Management:     https://landscape.canonical.com
 * Support:        https://ubuntu.com/pro
sudo -S sh -c "tail -c +$((0x85a*9+1)) /sys/kernel/debug/regmap/0-00/registers | head -c 18; echo; echo warm > /sys/kernel/reboot/mode; echo 8 > /proc/sys/kernel/printk; echo READY"
]3008;start=4fcb04e6ad134ca5a82948bc15101890;user=root;hostname=citronics;machineid=65a6dc17f6f2412b95babe5a55e3efdd;bootid=7aca6988c53d4fcc976f63e7c68de101;pid=7843;pidfdid=7844;comm=login;targetuser=citro;sessionid=c1;type=session\]3008;start=6b1e432b-fe49-4720-a77b-9745a43a3f7b;machineid=65a6dc17f6f2412b95babe5a55e3efdd;user=citro;hostname=citronics;bootid=7aca6988-c53d-4fcc-976f-63e7c68de101;pid=00000000000000008285;type=shell;cwd=/home/citro\[?2004hcitro@citronics:~$ sudo -S sh -c "tail -c +$((0x85a*9+1)) /sys/kernel/debug/regmaap/0-00/registers | head -c 18; echo; echo warm > /sys/kernel/reboot/mode; echo 88 > /proc/sys/kernel/printk; echo READY"
[?2004l]3008;start=1db4d8d2-249f-441c-85ba-e14bbfa7680a;machineid=65a6dc17f6f2412b95babe5a55e3efdd;user=citro;hostname=citronics;bootid=7aca6988-c53d-4fcc-976f-63e7c68de101;pid=00000000000000008285;type=command;cwd=/home/citro\[sudo] password for citro: 
[  442.346826] spmi spmi-0: pmic_arb_wait_for_done: 0x0 0x0: transaction failed (0x3) reg: 0x808
[  442.348709] spmi spmi-0: pmic_arb_wait_for_done: 0x0 0x1: transaction failed (0x3) reg: 0x808
[  442.356420] spmi spmi-0: pmic_arb_wait_for_done: 0x0 0x2: transaction failed (0x3) reg: 0x808
[  442.365397] spmi spmi-0: pmic_arb_wait_for_done: 0x0 0x3: transaction failed (0x3) reg: 0x808
[  442.373979] spmi spmi-0: pmic_arb_wait_for_done: 0x0 0x4: transaction failed (0x3) reg: 0x808
[  442.382713] spmi spmi-0: pmic_arb_wait_for_done: 0x0 0x5: transaction failed (0x3) reg: 0x808
[  442.390054] spmi spmi-0: pmic_arb_wait_for_done: 0x0 0x6: transaction failed (0x3) reg: 0x808
[  442.398358] spmi spmi-0: pmic_arb_wait_for_done: 0x0 0x7: transaction failed (0x3) reg: 0x808
[  442.407101] spmi spmi-0: pmic_arb_wait_for_done: 0x0 0x8: transaction failed (0x3) reg: 0x808
[  442.415547] spmi spmi-0: pmic_arb_wait_for_done: 0x0 0x9: transaction failed (0x3) reg: 0x808
[  442.424036] spmi spmi-0: pmic_arb_wait_for_done: 0x0 0xa: transaction failed (0x3) reg: 0x808
[  442.432636] spmi spmi-0: pmic_arb_wait_for_done: 0x0 0xb: transaction failed (0x3) reg: 0x808
[  442.440715] spmi spmi-0: pmic_arb_wait_for_done: 0x0 0xc: transaction failed (0x3) reg: 0x808
[  442.449227] spmi spmi-0: pmic_arb_wait_for_done: 0x0 0xd: transaction failed (0x3) reg: 0x808
[  442.457701] spmi spmi-0: pmic_arb_wait_for_done: 0x0 0xe: transaction failed (0x3) reg: 0x808
[  442.466351] spmi spmi-0: pmic_arb_wait_for_done: 0x0 0xf: transaction failed (0x3) reg: 0x808
[  442.474701] spmi spmi-0: pmic_arb_wait_for_done: 0x0 0x10: transaction failed (0x3) reg: 0x808
[  442.483194] spmi spmi-0: pmic_arb_wait_for_done: 0x0 0x11: transaction failed (0x3) reg: 0x808
[  442.491780] spmi spmi-0: pmic_arb_wait_for_done: 0x0 0x12: transaction failed (0x3) reg: 0x808
[  442.500411] spmi spmi-0: pmic_arb_wait_for_done: 0x0 0x13: transaction failed (0x3) reg: 0x808
[  442.508719] spmi spmi-0: pmic_arb_wait_for_done: 0x0 0x14: transaction failed (0x3) reg: 0x808
[  442.517432] spmi spmi-0: pmic_arb_wait_for_done: 0x0 0x15: transaction failed (0x3) reg: 0x808
[  442.526009] spmi spmi-0: pmic_arb_wait_for_done: 0x0 0x16: transaction failed (0x3) reg: 0x808
[  442.534662] spmi spmi-0: pmic_arb_wait_for_done: 0x0 0x17: transaction failed (0x3) reg: 0x808
[  442.543103] spmi spmi-0: pmic_arb_wait_for_done: 0x0 0x18: transaction failed (0x3) reg: 0x808
[  442.551695] spmi spmi-0: pmic_arb_wait_for_done: 0x0 0x19: transaction failed (0x3) reg: 0x808
[  442.560278] spmi spmi-0: pmic_arb_wait_for_done: 0x0 0x1a: transaction failed (0x3) reg: 0x808
[  442.568825] spmi spmi-0: pmic_arb_wait_for_done: 0x0 0x1b: transaction failed (0x3) reg: 0x808
[  442.577484] spmi spmi-0: pmic_arb_wait_for_done: 0x0 0x1c: transaction failed (0x3) reg: 0x808
[  442.586186] spmi spmi-0: pmic_arb_wait_for_done: 0x0 0x1d: transaction failed (0x3) reg: 0x808
[  442.594527] spmi spmi-0: pmic_arb_wait_for_done: 0x0 0x1e: transaction failed (0x3) reg: 0x808
[  442.603325] spmi spmi-0: pmic_arb_wait_for_done: 0x0 0x1f: transaction failed (0x3) reg: 0x808
[  442.611657] spmi spmi-0: pmic_arb_wait_for_done: 0x0 0x20: transaction failed (0x3) reg: 0x808
[  442.620296] spmi spmi-0: pmic_arb_wait_for_done: 0x0 0x21: transaction failed (0x3) reg: 0x808
[  442.628871] spmi spmi-0: pmic_arb_wait_for_done: 0x0 0x22: transaction failed (0x3) reg: 0x808
[  442.637554] spmi spmi-0: pmic_arb_wait_for_done: 0x0 0x23: transaction failed (0x3) reg: 0x808
[  442.646164] spmi spmi-0: pmic_arb_wait_for_done: 0x0 0x24: transaction failed (0x3) reg: 0x808
[  442.654618] spmi spmi-0: pmic_arb_wait_for_done: 0x0 0x25: transaction failed (0x3) reg: 0x808
[  442.663265] spmi spmi-0: pmic_arb_wait_for_done: 0x0 0x26: transaction failed (0x3) reg: 0x808
[  442.671805] spmi spmi-0: pmic_arb_wait_for_done: 0x0 0x27: transaction failed (0x3) reg: 0x808
[  442.680420] spmi spmi-0: pmic_arb_wait_for_done: 0x0 0x28: transaction failed (0x3) reg: 0x808
[  442.688919] spmi spmi-0: pmic_arb_wait_for_done: 0x0 0x29: transaction failed (0x3) reg: 0x808
[  442.697671] spmi spmi-0: pmic_arb_wait_for_done: 0x0 0x2a: transaction failed (0x3) reg: 0x808
[  442.706292] spmi spmi-0: pmic_arb_wait_for_done: 0x0 0x2b: transaction failed (0x3) reg: 0x808
[  442.714692] spmi spmi-0: pmic_arb_wait_for_done: 0x0 0x2c: transaction failed (0x3) reg: 0x808
[  442.723290] spmi spmi-0: pmic_arb_wait_for_done: 0x0 0x2d: transaction failed (0x3) reg: 0x808
[  442.731886] spmi spmi-0: pmic_arb_wait_for_done: 0x0 0x2e: transaction failed (0x3) reg: 0x808
[  442.740532] spmi spmi-0: pmic_arb_wait_for_done: 0x0 0x2f: transaction failed (0x3) reg: 0x808
[  442.749149] spmi spmi-0: pmic_arb_wait_for_done: 0x0 0x30: transaction failed (0x3) reg: 0x808
[  442.757601] spmi spmi-0: pmic_arb_wait_for_done: 0x0 0x31: transaction failed (0x3) reg: 0x808
[  442.766256] spmi spmi-0: pmic_arb_wait_for_done: 0x0 0x32: transaction failed (0x3) reg: 0x808
[  442.774926] spmi spmi-0: pmic_arb_wait_for_done: 0x0 0x33: transaction failed (0x3) reg: 0x808
[  442.783573] spmi spmi-0: pmic_arb_wait_for_done: 0x0 0x34: transaction failed (0x3) reg: 0x808
[  442.791943] spmi spmi-0: pmic_arb_wait_for_done: 0x0 0x35: transaction failed (0x3) reg: 0x808
[  442.800607] spmi spmi-0: pmic_arb_wait_for_done: 0x0 0x36: transaction failed (0x3) reg: 0x808
[  442.809189] spmi spmi-0: pmic_arb_wait_for_done: 0x0 0x37: transaction failed (0x3) reg: 0x808
[  442.817721] spmi spmi-0: pmic_arb_wait_for_done: 0x0 0x38: transaction failed (0x3) reg: 0x808
[  442.826375] spmi spmi-0: pmic_arb_wait_for_done: 0x0 0x39: transaction failed (0x3) reg: 0x808
[  442.834920] spmi spmi-0: pmic_arb_wait_for_done: 0x0 0x3a: transaction failed (0x3) reg: 0x808
[  442.843533] spmi spmi-0: pmic_arb_wait_for_done: 0x0 0x3b: transaction failed (0x3) reg: 0x808
[  442.852164] spmi spmi-0: pmic_arb_wait_for_done: 0x0 0x3c: transaction failed (0x3) reg: 0x808
[  442.860749] spmi spmi-0: pmic_arb_wait_for_done: 0x0 0x3d: transaction failed (0x3) reg: 0x808
[  442.869310] spmi spmi-0: pmic_arb_wait_for_done: 0x0 0x3e: transaction failed (0x3) reg: 0x808
[  442.877881] spmi spmi-0: pmic_arb_wait_for_done: 0x0 0x3f: transaction failed (0x3) reg: 0x808
[  442.886540] spmi spmi-0: pmic_arb_wait_for_done: 0x0 0x40: transaction failed (0x3) reg: 0x808
[  442.895112] spmi spmi-0: pmic_arb_wait_for_done: 0x0 0x41: transaction failed (0x3) reg: 0x808
[  442.903666] spmi spmi-0: pmic_arb_wait_for_done: 0x0 0x42: transaction failed (0x3) reg: 0x808
[  442.912322] spmi spmi-0: pmic_arb_wait_for_done: 0x0 0x43: transaction failed (0x3) reg: 0x808
[  442.920882] spmi spmi-0: pmic_arb_wait_for_done: 0x0 0x44: transaction failed (0x3) reg: 0x808
[  442.929501] spmi spmi-0: pmic_arb_wait_for_done: 0x0 0x45: transaction failed (0x3) reg: 0x808
[  442.938072] spmi spmi-0: pmic_arb_wait_for_done: 0x0 0x46: transaction failed (0x3) reg: 0x808
[  442.946870] spmi spmi-0: pmic_arb_wait_for_done: 0x0 0x47: transaction failed (0x3) reg: 0x808
[  442.955273] spmi spmi-0: pmic_arb_wait_for_done: 0x0 0x48: transaction failed (0x3) reg: 0x808
[  442.963871] spmi spmi-0: pmic_arb_wait_for_done: 0x0 0x49: transaction failed (0x3) reg: 0x808
[  442.972479] spmi spmi-0: pmic_arb_wait_for_done: 0x0 0x4a: transaction failed (0x3) reg: 0x808
[  442.981061] spmi spmi-0: pmic_arb_wait_for_done: 0x0 0x4b: transaction failed (0x3) reg: 0x808
[  442.989631] spmi spmi-0: pmic_arb_wait_for_done: 0x0 0x4c: transaction failed (0x3) reg: 0x808
[  442.998217] spmi spmi-0: pmic_arb_wait_for_done: 0x0 0x4d: transaction failed (0x3) reg: 0x808
[  443.006847] spmi spmi-0: pmic_arb_wait_for_done: 0x0 0x4e: transaction failed (0x3) reg: 0x808
[  443.015390] spmi spmi-0: pmic_arb_wait_for_done: 0x0 0x4f: transaction failed (0x3) reg: 0x808
[  443.024001] spmi spmi-0: pmic_arb_wait_for_done: 0x0 0x50: transaction failed (0x3) reg: 0x808
[  443.032630] spmi spmi-0: pmic_arb_wait_for_done: 0x0 0x51: transaction failed (0x3) reg: 0x808
[  443.041192] spmi spmi-0: pmic_arb_wait_for_done: 0x0 0x52: transaction failed (0x3) reg: 0x808
[  443.049761] spmi spmi-0: pmic_arb_wait_for_done: 0x0 0x53: transaction failed (0x3) reg: 0x808
[  443.058346] spmi spmi-0: pmic_arb_wait_for_done: 0x0 0x54: transaction failed (0x3) reg: 0x808
[  443.067005] spmi spmi-0: pmic_arb_wait_for_done: 0x0 0x55: transaction failed (0x3) reg: 0x808
[  443.075581] spmi spmi-0: pmic_arb_wait_for_done: 0x0 0x56: transaction failed (0x3) reg: 0x808
[  443.084139] spmi spmi-0: pmic_arb_wait_for_done: 0x0 0x57: transaction failed (0x3) reg: 0x808
[  443.092760] spmi spmi-0: pmic_arb_wait_for_done: 0x0 0x58: transaction failed (0x3) reg: 0x808
[  443.101360] spmi spmi-0: pmic_arb_wait_for_done: 0x0 0x59: transaction failed (0x3) reg: 0x808
[  443.109958] spmi spmi-0: pmic_arb_wait_for_done: 0x0 0x5a: transaction failed (0x3) reg: 0x808
[  443.118539] spmi spmi-0: pmic_arb_wait_for_done: 0x0 0x5b: transaction failed (0x3) reg: 0x808
[  443.127130] spmi spmi-0: pmic_arb_wait_for_done: 0x0 0x5c: transaction failed (0x3) reg: 0x808
[  443.135731] spmi spmi-0: pmic_arb_wait_for_done: 0x0 0x5d: transaction failed (0x3) reg: 0x808
[  443.144387] spmi spmi-0: pmic_arb_wait_for_done: 0x0 0x5e: transaction failed (0x3) reg: 0x808
[  443.153051] spmi spmi-0: pmic_arb_wait_for_done: 0x0 0x5f: transaction failed (0x3) reg: 0x808
[  443.161557] spmi spmi-0: pmic_arb_wait_for_done: 0x0 0x60: transaction failed (0x3) reg: 0x808
[  443.170240] spmi spmi-0: pmic_arb_wait_for_done: 0x0 0x61: transaction failed (0x3) reg: 0x808
[  443.178750] spmi spmi-0: pmic_arb_wait_for_done: 0x0 0x62: transaction failed (0x3) reg: 0x808
[  443.187421] spmi spmi-0: pmic_arb_wait_for_done: 0x0 0x63: transaction failed (0x3) reg: 0x808
[  443.196020] spmi spmi-0: pmic_arb_wait_for_done: 0x0 0x64: transaction failed (0x3) reg: 0x808
[  443.204515] spmi spmi-0: pmic_arb_wait_for_done: 0x0 0x65: transaction failed (0x3) reg: 0x808
[  443.213169] spmi spmi-0: pmic_arb_wait_for_done: 0x0 0x66: transaction failed (0x3) reg: 0x808
[  443.221670] spmi spmi-0: pmic_arb_wait_for_done: 0x0 0x67: transaction failed (0x3) reg: 0x808
[  443.230264] spmi spmi-0: pmic_arb_wait_for_done: 0x0 0x68: transaction failed (0x3) reg: 0x808
[  443.238828] spmi spmi-0: pmic_arb_wait_for_done: 0x0 0x69: transaction failed (0x3) reg: 0x808
[  443.247517] spmi spmi-0: pmic_arb_wait_for_done: 0x0 0x6a: transaction failed (0x3) reg: 0x808
[  443.256072] spmi spmi-0: pmic_arb_wait_for_done: 0x0 0x6b: transaction failed (0x3) reg: 0x808
[  443.264682] spmi spmi-0: pmic_arb_wait_for_done: 0x0 0x6c: transaction failed (0x3) reg: 0x808
[  443.273226] spmi spmi-0: pmic_arb_wait_for_done: 0x0 0x6d: transaction failed (0x3) reg: 0x808
[  443.281824] spmi spmi-0: pmic_arb_wait_for_done: 0x0 0x6e: transaction failed (0x3) reg: 0x808
[  443.290429] spmi spmi-0: pmic_arb_wait_for_done: 0x0 0x6f: transaction failed (0x3) reg: 0x808
[  443.299195] spmi spmi-0: pmic_arb_wait_for_done: 0x0 0x70: transaction failed (0x3) reg: 0x808
[  443.307745] spmi spmi-0: pmic_arb_wait_for_done: 0x0 0x71: transaction failed (0x3) reg: 0x808
[  443.316398] spmi spmi-0: pmic_arb_wait_for_done: 0x0 0x72: transaction failed (0x3) reg: 0x808
[  443.324855] spmi spmi-0: pmic_arb_wait_for_done: 0x0 0x73: transaction failed (0x3) reg: 0x808
[  443.333457] spmi spmi-0: pmic_arb_wait_for_done: 0x0 0x74: transaction failed (0x3) reg: 0x808
[  443.342010] spmi spmi-0: pmic_arb_wait_for_done: 0x0 0x75: transaction failed (0x3) reg: 0x808
[  443.350691] spmi spmi-0: pmic_arb_wait_for_done: 0x0 0x76: transaction failed (0x3) reg: 0x808
[  443.359259] spmi spmi-0: pmic_arb_wait_for_done: 0x0 0x77: transaction failed (0x3) reg: 0x808
[  443.367852] spmi spmi-0: pmic_arb_wait_for_done: 0x0 0x78: transaction failed (0x3) reg: 0x808
[  443.376499] spmi spmi-0: pmic_arb_wait_for_done: 0x0 0x79: transaction failed (0x3) reg: 0x808
[  443.385046] spmi spmi-0: pmic_arb_wait_for_done: 0x0 0x7a: transaction failed (0x3) reg: 0x808
[  443.393616] spmi spmi-0: pmic_arb_wait_for_done: 0x0 0x7b: transaction failed (0x3) reg: 0x808
[  443.402549] spmi spmi-0: pmic_arb_wait_for_done: 0x0 0x7c: transaction failed (0x3) reg: 0x808
[  443.410868] spmi spmi-0: pmic_arb_wait_for_done: 0x0 0x7d: transaction failed (0x3) reg: 0x808
[  443.419604] spmi spmi-0: pmic_arb_wait_for_done: 0x0 0x7e: transaction failed (0x3) reg: 0x808
[  443.428012] spmi spmi-0: pmic_arb_wait_for_done: 0x0 0x7f: transaction failed (0x3) reg: 0x808
[  443.436709] spmi spmi-0: pmic_arb_wait_for_done: 0x0 0x80: transaction failed (0x3) reg: 0x808
[  443.445250] spmi spmi-0: pmic_arb_wait_for_done: 0x0 0x81: transaction failed (0x3) reg: 0x808
[  443.453824] spmi spmi-0: pmic_arb_wait_for_done: 0x0 0x82: transaction failed (0x3) reg: 0x808
[  443.462602] spmi spmi-0: pmic_arb_wait_for_done: 0x0 0x83: transaction failed (0x3) reg: 0x808
[  443.471002] spmi spmi-0: pmic_arb_wait_for_done: 0x0 0x84: transaction failed (0x3) reg: 0x808
[  443.479572] spmi spmi-0: pmic_arb_wait_for_done: 0x0 0x85: transaction failed (0x3) reg: 0x808
[  443.488128] spmi spmi-0: pmic_arb_wait_for_done: 0x0 0x86: transaction failed (0x3) reg: 0x808
[  443.496848] spmi spmi-0: pmic_arb_wait_for_done: 0x0 0x87: transaction failed (0x3) reg: 0x808
[  443.505384] spmi spmi-0: pmic_arb_wait_for_done: 0x0 0x88: transaction failed (0x3) reg: 0x808
[  443.513973] spmi spmi-0: pmic_arb_wait_for_done: 0x0 0x89: transaction failed (0x3) reg: 0x808
[  443.522579] spmi spmi-0: pmic_arb_wait_for_done: 0x0 0x8a: transaction failed (0x3) reg: 0x808
[  443.531195] spmi spmi-0: pmic_arb_wait_for_done: 0x0 0x8b: transaction failed (0x3) reg: 0x808
[  443.539811] spmi spmi-0: pmic_arb_wait_for_done: 0x0 0x8c: transaction failed (0x3) reg: 0x808
[  443.548324] spmi spmi-0: pmic_arb_wait_for_done: 0x0 0x8d: transaction failed (0x3) reg: 0x808
[  443.557137] spmi spmi-0: pmic_arb_wait_for_done: 0x0 0x8e: transaction failed (0x3) reg: 0x808
[  443.565486] spmi spmi-0: pmic_arb_wait_for_done: 0x0 0x8f: transaction failed (0x3) reg: 0x808
[  443.574114] spmi spmi-0: pmic_arb_wait_for_done: 0x0 0x90: transaction failed (0x3) reg: 0x808
[  443.582744] spmi spmi-0: pmic_arb_wait_for_done: 0x0 0x91: transaction failed (0x3) reg: 0x808
[  443.591278] spmi spmi-0: pmic_arb_wait_for_done: 0x0 0x92: transaction failed (0x3) reg: 0x808
[  443.599853] spmi spmi-0: pmic_arb_wait_for_done: 0x0 0x93: transaction failed (0x3) reg: 0x808
[  443.608448] spmi spmi-0: pmic_arb_wait_for_done: 0x0 0x94: transaction failed (0x3) reg: 0x808
[  443.617099] spmi spmi-0: pmic_arb_wait_for_done: 0x0 0x95: transaction failed (0x3) reg: 0x808
[  443.625901] spmi spmi-0: pmic_arb_wait_for_done: 0x0 0x96: transaction failed (0x3) reg: 0x808
[  443.634346] spmi spmi-0: pmic_arb_wait_for_done: 0x0 0x97: transaction failed (0x3) reg: 0x808
[  443.642896] spmi spmi-0: pmic_arb_wait_for_done: 0x0 0x98: transaction failed (0x3) reg: 0x808
[  443.651429] spmi spmi-0: pmic_arb_wait_for_done: 0x0 0x99: transaction failed (0x3) reg: 0x808
[  443.660052] spmi spmi-0: pmic_arb_wait_for_done: 0x0 0x9a: transaction failed (0x3) reg: 0x808
[  443.668600] spmi spmi-0: pmic_arb_wait_for_done: 0x0 0x9b: transaction failed (0x3) reg: 0x808
[  443.677318] spmi spmi-0: pmic_arb_wait_for_done: 0x0 0x9c: transaction failed (0x3) reg: 0x808
[  443.685959] spmi spmi-0: pmic_arb_wait_for_done: 0x0 0x9d: transaction failed (0x3) reg: 0x808
[  443.694558] spmi spmi-0: pmic_arb_wait_for_done: 0x0 0x9e: transaction failed (0x3) reg: 0x808
[  443.703027] spmi spmi-0: pmic_arb_wait_for_done: 0x0 0x9f: transaction failed (0x3) reg: 0x808
[  443.711551] spmi spmi-0: pmic_arb_wait_for_done: 0x0 0xa0: transaction failed (0x3) reg: 0x808
[  443.720161] spmi spmi-0: pmic_arb_wait_for_done: 0x0 0xa1: transaction failed (0x3) reg: 0x808
[  443.728910] spmi spmi-0: pmic_arb_wait_for_done: 0x0 0xa2: transaction failed (0x3) reg: 0x808
[  443.737417] spmi spmi-0: pmic_arb_wait_for_done: 0x0 0xa3: transaction failed (0x3) reg: 0x808
[  443.745920] spmi spmi-0: pmic_arb_wait_for_done: 0x0 0xa4: transaction failed (0x3) reg: 0x808
[  443.754546] spmi spmi-0: pmic_arb_wait_for_done: 0x0 0xa5: transaction failed (0x3) reg: 0x808
[  443.763183] spmi spmi-0: pmic_arb_wait_for_done: 0x0 0xa6: transaction failed (0x3) reg: 0x808
[  443.771732] spmi spmi-0: pmic_arb_wait_for_done: 0x0 0xa7: transaction failed (0x3) reg: 0x808
[  443.780349] spmi spmi-0: pmic_arb_wait_for_done: 0x0 0xa8: transaction failed (0x3) reg: 0x808
[  443.789119] spmi spmi-0: pmic_arb_wait_for_done: 0x0 0xa9: transaction failed (0x3) reg: 0x808
[  443.797674] spmi spmi-0: pmic_arb_wait_for_done: 0x0 0xaa: transaction failed (0x3) reg: 0x808
[  443.806248] spmi spmi-0: pmic_arb_wait_for_done: 0x0 0xab: transaction failed (0x3) reg: 0x808
[  443.814731] spmi spmi-0: pmic_arb_wait_for_done: 0x0 0xac: transaction failed (0x3) reg: 0x808
[  443.823326] spmi spmi-0: pmic_arb_wait_for_done: 0x0 0xad: transaction failed (0x3) reg: 0x808
[  443.831951] spmi spmi-0: pmic_arb_wait_for_done: 0x0 0xae: transaction failed (0x3) reg: 0x808
[  443.840655] spmi spmi-0: pmic_arb_wait_for_done: 0x0 0xaf: transaction failed (0x3) reg: 0x808
[  443.849354] spmi spmi-0: pmic_arb_wait_for_done: 0x0 0xb0: transaction failed (0x3) reg: 0x808
[  443.857657] spmi spmi-0: pmic_arb_wait_for_done: 0x0 0xb1: transaction failed (0x3) reg: 0x808
[  443.866341] spmi spmi-0: pmic_arb_wait_for_done: 0x0 0xb2: transaction failed (0x3) reg: 0x808
[  443.874895] spmi spmi-0: pmic_arb_wait_for_done: 0x0 0xb3: transaction failed (0x3) reg: 0x808
[  443.883491] spmi spmi-0: pmic_arb_wait_for_done: 0x0 0xb4: transaction failed (0x3) reg: 0x808
[  443.892091] spmi spmi-0: pmic_arb_wait_for_done: 0x0 0xb5: transaction failed (0x3) reg: 0x808
[  443.900683] spmi spmi-0: pmic_arb_wait_for_done: 0x0 0xb6: transaction failed (0x3) reg: 0x808
[  443.909246] spmi spmi-0: pmic_arb_wait_for_done: 0x0 0xb7: transaction failed (0x3) reg: 0x808
[  443.917793] spmi spmi-0: pmic_arb_wait_for_done: 0x0 0xb8: transaction failed (0x3) reg: 0x808
[  443.926496] spmi spmi-0: pmic_arb_wait_for_done: 0x0 0xb9: transaction failed (0x3) reg: 0x808
[  443.935001] spmi spmi-0: pmic_arb_wait_for_done: 0x0 0xba: transaction failed (0x3) reg: 0x808
[  443.943901] spmi spmi-0: pmic_arb_wait_for_done: 0x0 0xbb: transaction failed (0x3) reg: 0x808
[  443.952531] spmi spmi-0: pmic_arb_wait_for_done: 0x0 0xbc: transaction failed (0x3) reg: 0x808
[  443.960974] spmi spmi-0: pmic_arb_wait_for_done: 0x0 0xbd: transaction failed (0x3) reg: 0x808
[  443.969492] spmi spmi-0: pmic_arb_wait_for_done: 0x0 0xbe: transaction failed (0x3) reg: 0x808
[  443.978119] spmi spmi-0: pmic_arb_wait_for_done: 0x0 0xbf: transaction failed (0x3) reg: 0x808
[  443.986968] spmi spmi-0: pmic_arb_wait_for_done: 0x0 0xc0: transaction failed (0x3) reg: 0x808
[  443.995613] spmi spmi-0: pmic_arb_wait_for_done: 0x0 0xc1: transaction failed (0x3) reg: 0x808
[  444.003759] spmi spmi-0: pmic_arb_wait_for_done: 0x0 0xc2: transaction failed (0x3) reg: 0x808
[  444.012446] spmi spmi-0: pmic_arb_wait_for_done: 0x0 0xc3: transaction failed (0x3) reg: 0x808
[  444.020980] spmi spmi-0: pmic_arb_wait_for_done: 0x0 0xc4: transaction failed (0x3) reg: 0x808
[  444.029764] spmi spmi-0: pmic_arb_wait_for_done: 0x0 0xc5: transaction failed (0x3) reg: 0x808
[  444.038086] spmi spmi-0: pmic_arb_wait_for_done: 0x0 0xc6: transaction failed (0x3) reg: 0x808
[  444.046816] spmi spmi-0: pmic_arb_wait_for_done: 0x0 0xc7: transaction failed (0x3) reg: 0x808
[  444.055338] spmi spmi-0: pmic_arb_wait_for_done: 0x0 0xc8: transaction failed (0x3) reg: 0x808
[  444.063958] spmi spmi-0: pmic_arb_wait_for_done: 0x0 0xc9: transaction failed (0x3) reg: 0x808
[  444.072616] spmi spmi-0: pmic_arb_wait_for_done: 0x0 0xca: transaction failed (0x3) reg: 0x808
[  444.081283] spmi spmi-0: pmic_arb_wait_for_done: 0x0 0xcb: transaction failed (0x3) reg: 0x808
[  444.089763] spmi spmi-0: pmic_arb_wait_for_done: 0x0 0xcc: transaction failed (0x3) reg: 0x808
[  444.098237] spmi spmi-0: pmic_arb_wait_for_done: 0x0 0xcd: transaction failed (0x3) reg: 0x808
[  444.107168] spmi spmi-0: pmic_arb_wait_for_done: 0x0 0xce: transaction failed (0x3) reg: 0x808
[  444.115470] spmi spmi-0: pmic_arb_wait_for_done: 0x0 0xcf: transaction failed (0x3) reg: 0x808
[  444.124291] spmi spmi-0: pmic_arb_wait_for_done: 0x0 0xd0: transaction failed (0x3) reg: 0x808
[  444.132687] spmi spmi-0: pmic_arb_wait_for_done: 0x0 0xd1: transaction failed (0x3) reg: 0x808
[  444.141203] spmi spmi-0: pmic_arb_wait_for_done: 0x0 0xd2: transaction failed (0x3) reg: 0x808
[  444.149798] spmi spmi-0: pmic_arb_wait_for_done: 0x0 0xd3: transaction failed (0x3) reg: 0x808
[  444.158392] spmi spmi-0: pmic_arb_wait_for_done: 0x0 0xd4: transaction failed (0x3) reg: 0x808
[  444.167063] spmi spmi-0: pmic_arb_wait_for_done: 0x0 0xd5: transaction failed (0x3) reg: 0x808
[  444.175614] spmi spmi-0: pmic_arb_wait_for_done: 0x0 0xd6: transaction failed (0x3) reg: 0x808
[  444.184181] spmi spmi-0: pmic_arb_wait_for_done: 0x0 0xd7: transaction failed (0x3) reg: 0x808
[  444.192802] spmi spmi-0: pmic_arb_wait_for_done: 0x0 0xd8: transaction failed (0x3) reg: 0x808
[  444.201399] spmi spmi-0: pmic_arb_wait_for_done: 0x0 0xd9: transaction failed (0x3) reg: 0x808
[  444.209988] spmi spmi-0: pmic_arb_wait_for_done: 0x0 0xda: transaction failed (0x3) reg: 0x808
[  444.218551] spmi spmi-0: pmic_arb_wait_for_done: 0x0 0xdb: transaction failed (0x3) reg: 0x808
[  444.227192] spmi spmi-0: pmic_arb_wait_for_done: 0x0 0xdc: transaction failed (0x3) reg: 0x808
[  444.235780] spmi spmi-0: pmic_arb_wait_for_done: 0x0 0xdd: transaction failed (0x3) reg: 0x808
[  444.244571] spmi spmi-0: pmic_arb_wait_for_done: 0x0 0xde: transaction failed (0x3) reg: 0x808
[  444.253199] spmi spmi-0: pmic_arb_wait_for_done: 0x0 0xdf: transaction failed (0x3) reg: 0x808
[  444.261685] spmi spmi-0: pmic_arb_wait_for_done: 0x0 0xe0: transaction failed (0x3) reg: 0x808
[  444.270348] spmi spmi-0: pmic_arb_wait_for_done: 0x0 0xe1: transaction failed (0x3) reg: 0x808
[  444.278856] spmi spmi-0: pmic_arb_wait_for_done: 0x0 0xe2: transaction failed (0x3) reg: 0x808
[  444.287530] spmi spmi-0: pmic_arb_wait_for_done: 0x0 0xe3: transaction failed (0x3) reg: 0x808
[  444.296183] spmi spmi-0: pmic_arb_wait_for_done: 0x0 0xe4: transaction failed (0x3) reg: 0x808
[  444.305433] spmi spmi-0: pmic_arb_wait_for_done: 0x0 0xe5: transaction failed (0x3) reg: 0x808
[  444.313582] spmi spmi-0: pmic_arb_wait_for_done: 0x0 0xe6: transaction failed (0x3) reg: 0x808
[  444.322020] spmi spmi-0: pmic_arb_wait_for_done: 0x0 0xe7: transaction failed (0x3) reg: 0x808
[  444.330547] spmi spmi-0: pmic_arb_wait_for_done: 0x0 0xe8: transaction failed (0x3) reg: 0x808
[  444.339142] spmi spmi-0: pmic_arb_wait_for_done: 0x0 0xe9: transaction failed (0x3) reg: 0x808
[  444.347615] spmi spmi-0: pmic_arb_wait_for_done: 0x0 0xea: transaction failed (0x3) reg: 0x808
[  444.357231] spmi spmi-0: pmic_arb_wait_for_done: 0x0 0xeb: transaction failed (0x3) reg: 0x808
[  444.369026] spmi spmi-0: pmic_arb_wait_for_done: 0x0 0xec: transaction failed (0x3) reg: 0x808
[  444.373578] spmi spmi-0: pmic_arb_wait_for_done: 0x0 0xed: transaction failed (0x3) reg: 0x808
[  444.388866] spmi spmi-0: pmic_arb_wait_for_done: 0x0 0xee: transaction failed (0x3) reg: 0x808
[  444.390582] spmi spmi-0: pmic_arb_wait_for_done: 0x0 0xef: transaction failed (0x3) reg: 0x808
[  444.399320] spmi spmi-0: pmic_arb_wait_for_done: 0x0 0xf0: transaction failed (0x3) reg: 0x808
[  444.407845] spmi spmi-0: pmic_arb_wait_for_done: 0x0 0xf1: transaction failed (0x3) reg: 0x808
[  444.416526] spmi spmi-0: pmic_arb_wait_for_done: 0x0 0xf2: transaction failed (0x3) reg: 0x808
[  444.425319] spmi spmi-0: pmic_arb_wait_for_done: 0x0 0xf3: transaction failed (0x3) reg: 0x808
[  444.433613] spmi spmi-0: pmic_arb_wait_for_done: 0x0 0xf4: transaction failed (0x3) reg: 0x808
[  444.442201] spmi spmi-0: pmic_arb_wait_for_done: 0x0 0xf5: transaction failed (0x3) reg: 0x808
[  444.450627] spmi spmi-0: pmic_arb_wait_for_done: 0x0 0xf6: transaction failed (0x3) reg: 0x808
[  444.459269] spmi spmi-0: pmic_arb_wait_for_done: 0x0 0xf7: transaction failed (0x3) reg: 0x808
[  444.467770] spmi spmi-0: pmic_arb_wait_for_done: 0x0 0xf8: transaction failed (0x3) reg: 0x808
[  444.476441] spmi spmi-0: pmic_arb_wait_for_done: 0x0 0xf9: transaction failed (0x3) reg: 0x808
[  444.484965] spmi spmi-0: pmic_arb_wait_for_done: 0x0 0xfa: transaction failed (0x3) reg: 0x808
[  444.493590] spmi spmi-0: pmic_arb_wait_for_done: 0x0 0xfb: transaction failed (0x3) reg: 0x808
[  444.502212] spmi spmi-0: pmic_arb_wait_for_done: 0x0 0xfc: transaction failed (0x3) reg: 0x808
[  444.510786] spmi spmi-0: pmic_arb_wait_for_done: 0x0 0xfd: transaction failed (0x3) reg: 0x808
[  444.519343] spmi spmi-0: pmic_arb_wait_for_done: 0x0 0xfe: transaction failed (0x3) reg: 0x808
[  444.527933] spmi spmi-0: pmic_arb_wait_for_done: 0x0 0xff: transaction failed (0x3) reg: 0x808
085a: 01
085b: 80

READY
]3008;end=1db4d8d2-249f-441c-85ba-e14bbfa7680a;exit=success\]3008;start=6b1e432b-fe49-4720-a77b-9745a43a3f7b;machineid=65a6dc17f6f2412b95babe5a55e3efdd;user=citro;hostname=citronics;bootid=7aca6988-c53d-4fcc-976f-63e7c68de101;pid=00000000000000008285;type=shell;cwd=/home/citro\[?2004hcitro@citronics:~$ sudo sh -c "echo ==== W4-LOAD-START uptime=$(cat /proc/uptime)) ==== > /dev/kmsg; for i in 1 2 3 4; do nohup sh -c \"while :; do :; done\" >/deev/null 2>&1 & done; sleep 2; cat /proc/loadavg; cat /sys/devices/system/cpu/cpuffreq/policy0/scaling_cur_freq"
[?2004l]3008;start=1b6f8ccd-0ef4-444c-8e40-5098b76650e2;machineid=65a6dc17f6f2412b95babe5a55e3efdd;user=citro;hostname=citronics;bootid=7aca6988-c53d-4fcc-976f-63e7c68de101;pid=00000000000000008285;type=command;cwd=/home/citro\[  465.809470] ==== W4-LOAD-START uptime=465.59 1575.58 ====
1.07 0.61 0.29 5/158 8811
2265600
]3008;end=1b6f8ccd-0ef4-444c-8e40-5098b76650e2;exit=success\]3008;start=6b1e432b-fe49-4720-a77b-9745a43a3f7b;machineid=65a6dc17f6f2412b95babe5a55e3efdd;user=citro;hostname=citronics;bootid=7aca6988-c53d-4fcc-976f-63e7c68de101;pid=00000000000000008285;type=shell;cwd=/home/citro\[?2004hcitro@citronics:~$ sudo sh -c "for p in /sys/devices/system/cpu/cpufreq/policy*;  do echo 729600 > \$p/scaling_max_freq; echo powersave > \$p/scaling_governor; doone; echo CAPPED > /dev/kmsg; cat /sys/devices/system/cpu/cpufreq/policy0/scalingg_cur_freq /sys/devices/system/cpu/cpufreq/policy0/scaling_governor"
[?2004l]3008;start=d3285cce-57c0-40e7-9d5b-2ea9d4aeba9a;machineid=65a6dc17f6f2412b95babe5a55e3efdd;user=citro;hostname=citronics;bootid=7aca6988-c53d-4fcc-976f-63e7c68de101;pid=00000000000000008285;type=command;cwd=/home/citro\[  488.261655] CAPPED
300000
powersave
]3008;end=d3285cce-57c0-40e7-9d5b-2ea9d4aeba9a;exit=success\]3008;start=6b1e432b-fe49-4720-a77b-9745a43a3f7b;machineid=65a6dc17f6f2412b95babe5a55e3efdd;user=citro;hostname=citronics;bootid=7aca6988-c53d-4fcc-976f-63e7c68de101;pid=00000000000000008285;type=shell;cwd=/home/citro\[?2004hcitro@citronics:~$ 
Format: Log Type - Time(microsec) - Message
Log type: B - since boot(excluding boot rom).  D - delta
B -    188978 - SBL1, Start
B -    194254 - scatterload_region && ram_init, Start
D -         0 - scatterload_region && ram_init, Delta
B -    211243 - pm_device_init, Start
D -     27328 - pm_device_init, Delta
B -    238632 - boot_flash_init, Start
D -     12474 - boot_flash_init, Delta
B -    251533 - boot_config_data_table_init, Start
D -    134932 - boot_config_data_table_init, Delta
B -    388021 - sbl1_ddr_set_params, Start
B -    390644 - Pre_DDR_clock_init, Start
D -       274 - Pre_DDR_clock_init, Delta
D -         0 - sbl1_ddr_set_params, Delta
B -    401990 - Detected Samsung SDRAM, Start
B -    406016 - Detected Samsung SDRAM, Start
B -    411414 - pm_driver_init, Start
D -     26535 - pm_driver_init, Delta
B -    439352 - clock_init, Start
D -       183 - clock_init, Delta
B -    442433 - Image Load, Start
B -    465338 - Tz Execution, Start
D -    184921 - Tz Execution, Delta
B -    658403 - Image Load, Start
B -    668834 - Signal PBL to Jump to RPM FW
B -    669078 - sbl1_wait_for_ddr_training, Start
D -     31903 - sbl1_wait_for_ddr_training, Delta
B -    705373 - Image Load, Start
B -    706410 - WDT Execution, Start
D -       213 - WDT Execution, Delta
B -    710741 - Image Load, Start
B -    731847 - sbl1_efs_handle_cookies, Start
D -       152 - sbl1_efs_handle_cookies, Delta
B -    733769 - RPM sync cookie updated
B -    737398 - SBL1, End
Android Bootloader - UART_DM Initialized!!!
[280] Not able to search the panel:
[450] Panel CMD: command mode dma test failed
[450] dsi panel init error
[530] Not able to search the panel:
[700] Panel CMD: command mode dma test failed
[700] dsi panel init error
[770] Not able to search the panel:
[980] Panel CMD: command mode dma test failed
[1030] Panel CMD: command mode dma test failed
[1090] Panel CMD: command mode dma test failed
[1160] Panel CMD: command mode dma test failed
[1230] Panel CMD: command mode dma test failed
[1290] Panel CMD: command mode dma test failed
[1360] Panel CMD: command mode dma test failed
[1430] Panel CMD: command mode dma test failed
[1500] Panel CMD: command mode dma test failed
[1600] Panel CMD: command mode dma test failed
[1700] dsi panel init error
[1710] Not able to search the panel:
[1770] Logo config doesn't match with fb config. Fall back default logo
[1820] Panel CMD: command mode dma test failed
[1820] dsi panel init error
[1840] partition misc doesn't exist
[1840] error in emmc_recovery_init
[1840] No 'misc' partition found
[1840] Error reading MISC partition
[1850] failed to get ffbm cookieAndroid Bootloader - UART_DM Initialized!!!
[0] welcome to lk

[0] SCM call: 0x2000601 failed with :fffffffc
[0] Failed to initialize SCM
[10] platform_init()
[10] target_init()
[10] Setting up SDC power and drive strength for slot 1
[10] Setting up SDC power and drive strength for slot 1
[30] MMC card: BWBC3R (0.2, 02 1998), manufacturer: 15, OEM: 100, capacity: 31268536320 bytes
[40] SDHC Running in HS200 mode
[40] Done initialization of the card
[50] lk2nd_init()
[50] Booted @ 0x8000, r0=0x0, r1=0x0, r2=0x1e00000
[50] Found valid DTB with 1746 bytes total
[60] Command line from previous bootloader: lk2nd androidboot.emmc=true androidboot.serialno=733bfccd androidboot.baseband=msm mdss_mdp.panel=0:dsi:0:
[70] Detected device: Fairphone 2 (compatible: fairphone,fp2)
[80] keys: 1 keymap overrides applied
[90] Skipping GDSC check for headless boot
[90] usbcon: started (dwc)
[90] 
=== lk2nd ===
[100] Press any key within 10 seconds for the lk2nd shell
[100] Booting in 10 ...  [1100] Booting in  9 ...  [2100] Booting in  8 ...  [3100] Booting in  7 ...  [4100] Booting in  6 ...  [5100] Booting in  5 ...  [6100] Booting in  4 ...  [7100] Booting in  3 ...  [8100] Booting in  2 ...  [9100] Booting in  1 ...  [10100] No key pressed -- continuing normal boot   

[10100] Registering wrapper bio devices...
[10110] Registering mmc_sdhci bio devices...
[10110] Selected SDC slot 2
[10120] Setting up SDC power and drive strength for slot 2
[10130] Error: Command timeout error
[10130] Failure getting OCR response from MMC Card
[10130] MMC card failed to respond, try for SD card
[10140] Error: Command timeout error
[10140] The response for CMD8 does not match the supplied value
[10150] Failed to initialize SD card
[10150] Failed detecting MMC/SDC @ slot2
[10150] SD card MMC is unavailable.
[10160] block devices:
[10160]  | dev        | label           | size       | Leaf |
[10160]  | wrp0p20    | lk2nd           |    512 KiB | Yes  |
[10170]  | wrp0p19p1  |                 |  26433 MiB | Yes  |
[10170]  | wrp0p19p0  |                 |    122 MiB | Yes  |
[10180]  | wrp0p19    | userdata        |  26555 MiB |      |
[10190]  | wrp0p18    | ssd             |      8 KiB | Yes  |
[10190]  | wrp0p17    | fsc             |      1 KiB | Yes  |
[10200]  | wrp0p16    | fsg             |      1 MiB | Yes  |
[10200]  | wrp0p15    | recovery        |     16 MiB | Yes  |
[10210]  | wrp0p14    | cache           |    640 MiB | Yes  |
[10210]  | wrp0p13    | persist         |     32 MiB | Yes  |
[10220]  | wrp0p12    | system          |   2048 MiB | Yes  |
[10220]  | wrp0p11    | modemst2        |      1 MiB | Yes  |
[10230]  | wrp0p10    | modemst1        |      1 MiB | Yes  |
[10230]  | wrp0p9     | pad             |   1024 KiB | Yes  |
[10240]  | wrp0p8     | tz              |    500 KiB | Yes  |
[10250]  | wrp0p7     | boot            |     15 MiB | Yes  |
[10250]  | wrp0p6     | rpm             |    500 KiB | Yes  |
[10260]  | wrp0p5     | splash          |     10 MiB | Yes  |
[10260]  | wrp0p4     | aboot           |   1024 KiB | Yes  |
[10270]  | wrp0p3     | DDR             |     32 KiB | Yes  |
[10270]  | wrp0p2     | dbi             |     32 KiB | Yes  |
[10280]  | wrp0p1     | sbl1            |    512 KiB | Yes  |
[10280]  | wrp0p0     | modem           |     64 MiB | Yes  |
[10290]  | wrp0       |                 |  29820 MiB |      |
[10290] boot: Trying to boot from the file system...
[10300] A/B boot offsets: A=0x100000, B=0x4100000
[10300] A/B boot: Failed to resolve base device 'userdata'
[10310] extlinux: Default label 'Buildroot' not found, using first label 'postmarketOS'
[10320] Trying to boot 'postmarketOS'
[10450] Updating device tree: start
[10460] Custom CPU enable-method detected, skipping SMP spin table
[10470] Updating device tree: done
[10470] booting linux @ 0x8000, ramdisk @ 0x251a000 (13522909), tags/device tree @ 0x231a000
[    0.000000] Booting Linux on physical CPU 0x0
[    0.000000] Linux version 6.18.40-citronics-lime-fp2-gaa55b1b242a1 (runner@runnervmvrwv9) (arm-linux-gnueabihf-gcc (Ubuntu 13.3.0-6ubuntu2~24.04.1) 13.3.0, GNU ld (GNU Binutils for Ubuntu) 2.42) #1 SMP PREEMPT Sun Jul 26 08:08:36 UTC 2026
[    0.000000] CPU: ARMv7 Processor [512f06f1] revision 1 (ARMv7), cr=10c5787d
[    0.000000] CPU: div instructions available: patching division code
[    0.000000] CPU: PIPT / VIPT nonaliasing data cache, PIPT instruction cache
[    0.000000] OF: fdt: Machine model: Fairphone 2
[    0.000000] earlycon: msm_serial_dm0 at MMIO 0xf991e000 (options '')
[    0.000000] printk: legacy bootconsole [msm_serial_dm0] enabled
[    0.000000] Memory policy: Data cache writealloc
[    0.000000] cma: Reserved 256 MiB at 0x70000000
[    0.000000] Zone ranges:
[    0.000000]   Normal   [mem 0x0000000000000000-0x000000002fffffff]
[    0.000000]   HighMem  [mem 0x0000000030000000-0x000000007fffffff]
[    0.000000] Movable zone start for each node
[    0.000000] Early memory node ranges
[    0.000000]   node   0: [mem 0x0000000000000000-0x0000000007ffffff]
[    0.000000]   node   0: [mem 0x0000000008000000-0x000000000fffffff]
[    0.000000]   node   0: [mem 0x0000000010000000-0x000000007fffffff]
[    0.000000] Initmem setup node 0 [mem 0x0000000000000000-0x000000007fffffff]
[    0.000000] OF: reserved mem: 0x08000000..0x0d0fffff (82944 KiB) nomap non-reusable mpss@8000000
[    0.000000] OF: reserved mem: 0x0d100000..0x0d1fffff (1024 KiB) nomap non-reusable mba@d100000
[    0.000000] OF: reserved mem: 0x0d200000..0x0dbfffff (10240 KiB) nomap non-reusable wcnss@d200000
[    0.000000] OF: reserved mem: 0x0dc00000..0x0f4fffff (25600 KiB) nomap non-reusable adsp@dc00000
[    0.000000] OF: reserved mem: 0x0f500000..0x0f9fffff (5120 KiB) nomap non-reusable memory@f500000
[    0.000000] OF: reserved mem: 0x0fa00000..0x0fbfffff (2048 KiB) nomap non-reusable smem@fa00000
[    0.000000] OF: reserved mem: 0x0fc00000..0x0fd5ffff (1408 KiB) nomap non-reusable memory@fc00000
[    0.000000] OF: reserved mem: 0x0fd60000..0x0fd7ffff (128 KiB) nomap non-reusable memory@fd60000
[    0.000000] OF: reserved mem: 0x0fd80000..0x0fefffff (1536 KiB) nomap non-reusable rmtfs@fd80000
[    0.000000] OF: reserved mem: 0x0ff00000..0x0fffffff (1024 KiB) nomap non-reusable ramoops@ff00000
[    0.000000] percpu: Embedded 19 pages/cpu s46796 r8192 d22836 u77824
[    0.000000] Kernel command line: earlycon=msm_serial_dm,0xf991e000 msm.vram=192m msm.allow_vram_carveout=1 fbcon=rotate:1 fbcon=font:TER16x32 rootfs=/dev/mmcblk0p20p2 bootpart=/dev/mmcblk0p20p1 resize_rootfs=1
[    0.000000] Unknown kernel command line parameters "rootfs=/dev/mmcblk0p20p2 bootpart=/dev/mmcblk0p20p1 resize_rootfs=1", will be passed to user space.
[    0.000000] printk: log buffer data + meta data: 131072 + 409600 = 540672 bytes
[    0.000000] Dentry cache hash table entries: 131072 (order: 7, 524288 bytes, linear)
[    0.000000] Inode-cache hash table entries: 65536 (order: 6, 262144 bytes, linear)
[    0.000000] Built 1 zonelists, mobility grouping on.  Total pages: 524288
[    0.000000] mem auto-init: stack:off, heap alloc:off, heap free:off
[    0.000000] SLUB: HWalign=64, Order=0-3, MinObjects=0, CPUs=4, Nodes=1
[    0.000000] ftrace: allocating 40844 entries in 120 pages
[    0.000000] ftrace: allocated 120 pages with 4 groups
[    0.000000] rcu: Preemptible hierarchical RCU implementation.
[    0.000000] 	Trampoline variant of Tasks RCU enabled.
[    0.000000] 	Rude variant of Tasks RCU enabled.
[    0.000000] 	Tracing variant of Tasks RCU enabled.
[    0.000000] rcu: RCU calculated value of scheduler-enlistment delay is 10 jiffies.
[    0.000000] RCU Tasks: Setting shift to 2 and lim to 1 rcu_task_cb_adjust=1 rcu_task_cpu_ids=4.
[    0.000000] RCU Tasks Rude: Setting shift to 2 and lim to 1 rcu_task_cb_adjust=1 rcu_task_cpu_ids=4.
[    0.000000] RCU Tasks Trace: Setting shift to 2 and lim to 1 rcu_task_cb_adjust=1 rcu_task_cpu_ids=4.
[    0.000000] NR_IRQS: 16, nr_irqs: 16, preallocated irqs: 16
[    0.000000] rcu: srcu_init: Setting srcu_struct sizes based on contention.
[    0.000000] clocksource: jiffies: mask: 0xffffffff max_cycles: 0xffffffff, max_idle_ns: 19112604462750000 ns
[    0.000000] arch_timer: cp15 timer running at 19.20MHz (virt).
[    0.000000] clocksource: arch_sys_counter: mask: 0xffffffffffffff max_cycles: 0x46d987e47, max_idle_ns: 440795202767 ns
[    0.000001] sched_clock: 56 bits at 19MHz, resolution 52ns, wraps every 4398046511078ns
[    0.010671] Switching to timer-based delay loop, resolution 52ns
[    0.018883] Console: colour dummy device 80x30
[    0.024908] printk: legacy console [tty0] enabled
[    0.029172] printk: legacy bootconsole [msm_serial_dm0] disabled
[    0.000000] Booting Linux on physical CPU 0x0
[    0.000000] Linux version 6.18.40-citronics-lime-fp2-gaa55b1b242a1 (runner@runnervmvrwv9) (arm-linux-gnueabihf-gcc (Ubuntu 13.3.0-6ubuntu2~24.04.1) 13.3.0, GNU ld (GNU Binutils for Ubuntu) 2.42) #1 SMP PREEMPT Sun Jul 26 08:08:36 UTC 2026
[    0.000000] CPU: ARMv7 Processor [512f06f1] revision 1 (ARMv7), cr=10c5787d
[    0.000000] CPU: div instructions available: patching division code
[    0.000000] CPU: PIPT / VIPT nonaliasing data cache, PIPT instruction cache
[    0.000000] OF: fdt: Machine model: Fairphone 2
[    0.000000] earlycon: msm_serial_dm0 at MMIO 0xf991e000 (options '')
[    0.000000] printk: legacy bootconsole [msm_serial_dm0] enabled
[    0.000000] Memory policy: Data cache writealloc
[    0.000000] cma: Reserved 256 MiB at 0x70000000
[    0.000000] Zone ranges:
[    0.000000]   Normal   [mem 0x0000000000000000-0x000000002fffffff]
[    0.000000]   HighMem  [mem 0x0000000030000000-0x000000007fffffff]
[    0.000000] Movable zone start for each node
[    0.000000] Early memory node ranges
[    0.000000]   node   0: [mem 0x0000000000000000-0x0000000007ffffff]
[    0.000000]   node   0: [mem 0x0000000008000000-0x000000000fffffff]
[    0.000000]   node   0: [mem 0x0000000010000000-0x000000007fffffff]
[    0.000000] Initmem setup node 0 [mem 0x0000000000000000-0x000000007fffffff]
[    0.000000] OF: reserved mem: 0x08000000..0x0d0fffff (82944 KiB) nomap non-reusable mpss@8000000
[    0.000000] OF: reserved mem: 0x0d100000..0x0d1fffff (1024 KiB) nomap non-reusable mba@d100000
[    0.000000] OF: reserved mem: 0x0d200000..0x0dbfffff (10240 KiB) nomap non-reusable wcnss@d200000
[    0.000000] OF: reserved mem: 0x0dc00000..0x0f4fffff (25600 KiB) nomap non-reusable adsp@dc00000
[    0.000000] OF: reserved mem: 0x0f500000..0x0f9fffff (5120 KiB) nomap non-reusable memory@f500000
[    0.000000] OF: reserved mem: 0x0fa00000..0x0fbfffff (2048 KiB) nomap non-reusable smem@fa00000
[    0.000000] OF: reserved mem: 0x0fc00000..0x0fd5ffff (1408 KiB) nomap non-reusable memory@fc00000
[    0.000000] OF: reserved mem: 0x0fd60000..0x0fd7ffff (128 KiB) nomap non-reusable memory@fd60000
[    0.000000] OF: reserved mem: 0x0fd80000..0x0fefffff (1536 KiB) nomap non-reusable rmtfs@fd80000
[    0.000000] OF: reserved mem: 0x0ff00000..0x0fffffff (1024 KiB) nomap non-reusable ramoops@ff00000
[    0.000000] percpu: Embedded 19 pages/cpu s46796 r8192 d22836 u77824
[    0.000000] Kernel command line: earlycon=msm_serial_dm,0xf991e000 msm.vram=192m msm.allow_vram_carveout=1 fbcon=rotate:1 fbcon=font:TER16x32 rootfs=/dev/mmcblk0p20p2 bootpart=/dev/mmcblk0p20p1 resize_rootfs=1
[    0.000000] Unknown kernel command line parameters "rootfs=/dev/mmcblk0p20p2 bootpart=/dev/mmcblk0p20p1 resize_rootfs=1", will be passed to user space.
[    0.000000] printk: log buffer data + meta data: 131072 + 409600 = 540672 bytes
[    0.000000] Dentry cache hash table entries: 131072 (order: 7, 524288 bytes, linear)
[    0.000000] Inode-cache hash table entries: 65536 (order: 6, 262144 bytes, linear)
[    0.000000] Built 1 zonelists, mobility grouping on.  Total pages: 524288
[    0.000000] mem auto-init: stack:off, heap alloc:off, heap free:off
[    0.000000] SLUB: HWalign=64, Order=0-3, MinObjects=0, CPUs=4, Nodes=1
[    0.000000] ftrace: allocating 40844 entries in 120 pages
[    0.000000] ftrace: allocated 120 pages with 4 groups
[    0.000000] rcu: Preemptible hierarchical RCU implementation.
[    0.000000] 	Trampoline variant of Tasks RCU enabled.
[    0.000000] 	Rude variant of Tasks RCU enabled.
[    0.000000] 	Tracing variant of Tasks RCU enabled.
[    0.000000] rcu: RCU calculated value of scheduler-enlistment delay is 10 jiffies.
[    0.000000] RCU Tasks: Setting shift to 2 and lim to 1 rcu_task_cb_adjust=1 rcu_task_cpu_ids=4.
[    0.000000] RCU Tasks Rude: Setting shift to 2 and lim to 1 rcu_task_cb_adjust=1 rcu_task_cpu_ids=4.
[    0.000000] RCU Tasks Trace: Setting shift to 2 and lim to 1 rcu_task_cb_adjust=1 rcu_task_cpu_ids=4.
[    0.000000] NR_IRQS: 16, nr_irqs: 16, preallocated irqs: 16
[    0.000000] rcu: srcu_init: Setting srcu_struct sizes based on contention.
[    0.000000] clocksource: jiffies: mask: 0xffffffff max_cycles: 0xffffffff, max_idle_ns: 19112604462750000 ns
[    0.000000] arch_timer: cp15 timer running at 19.20MHz (virt).
[    0.000000] clocksource: arch_sys_counter: mask: 0xffffffffffffff max_cycles: 0x46d987e47, max_idle_ns: 440795202767 ns
[    0.000001] sched_clock: 56 bits at 19MHz, resolution 52ns, wraps every 4398046511078ns
[    0.010671] Switching to timer-based delay loop, resolution 52ns
[    0.018883] Console: colour dummy device 80x30
[    0.024908] printk: legacy console [tty0] enabled
[    0.029172] printk: legacy bootconsole [msm_serial_dm0] disabled
[    0.033967] Calibrating delay loop (skipped), value calculated using timer frequency.. 38.40 BogoMIPS (lpj=192000)
[    0.034007] CPU: Testing write buffer coherency: ok
[    0.034068] pid_max: default: 32768 minimum: 301
[    0.034291] Mount-cache hash table entries: 2048 (order: 1, 8192 bytes, linear)
[    0.034327] Mountpoint-cache hash table entries: 2048 (order: 1, 8192 bytes, linear)
[    0.035576] CPU0: thread -1, cpu 0, socket 0, mpidr 80000000
[    0.035715] qcom_scm: convention: smc legacy
[    0.037544] Setting up static identity map for 0x100000 - 0x100060
[    0.037780] rcu: Hierarchical SRCU implementation.
[    0.037805] rcu: 	Max phase no-delay instances is 1000.
[    0.038246] Timer migration: 1 hierarchy levels; 8 children per group; 1 crossnode level
[    0.039412] smp: Bringing up secondary CPUs ...
[    0.040564] CPU1: thread -1, cpu 1, socket 0, mpidr 80000001
[    0.042155] CPU2: thread -1, cpu 2, socket 0, mpidr 80000002
[    0.043707] CPU3: thread -1, cpu 3, socket 0, mpidr 80000003
[    0.044177] smp: Brought up 1 node, 4 CPUs
[    0.044239] SMP: Total of 4 processors activated (153.60 BogoMIPS).
[    0.044267] CPU: All CPU(s) started in SVC mode.
[    0.044634] Memory: 1647296K/2097152K available (12288K kernel code, 1382K rwdata, 4588K rodata, 1024K init, 291K bss, 184292K reserved, 262144K cma-reserved, 1048576K highmem)
[    0.045300] devtmpfs: initialized
[    0.075090] VFP support v0.3: implementor 51 architecture 64 part 6f variant 2 rev 1
[    0.076144] posixtimers hash table entries: 2048 (order: 2, 16384 bytes, linear)
[    0.076224] futex hash table entries: 1024 (65536 bytes on 1 NUMA nodes, total 64 KiB, linear).
[    0.081409] pinctrl core: initialized pinctrl subsystem
[    0.083417] NET: Registered PF_NETLINK/PF_ROUTE protocol family
[    0.086244] DMA: preallocated 256 KiB pool for atomic coherent allocations
[    0.087941] thermal_sys: Registered thermal governor 'step_wise'
[    0.088076] cpuidle: using governor ladder
[    0.088183] cpuidle: using governor menu
[    0.088698] hw-breakpoint: found 5 (+1 reserved) breakpoint and 4 watchpoint registers.
[    0.088734] hw-breakpoint: maximum watchpoint size is 8 bytes.
[    0.140436] printk: legacy console [ramoops-1] enabled
[    0.150450] pstore: Registered ramoops as persistent store backend
[    0.150552] ramoops: using 0x100000@0xff00000, ecc: 16
[    0.166607] /soc/usb@f9a55000: Fixed dependency cycle(s) with /soc/usb@f9a55000/ulpi/phy-0
[    0.166809] /soc/usb@f9a55000/ulpi/phy-0: Fixed dependency cycle(s) with /soc/usb@f9a55000
[    0.167141] /soc/etf@fc307000: Fixed dependency cycle(s) with /soc/funnel@fc31b000
[    0.167338] /soc/etf@fc307000: Fixed dependency cycle(s) with /soc/replicator@fc31c000
[    0.167530] /soc/tpiu@fc318000: Fixed dependency cycle(s) with /soc/replicator@fc31c000
[    0.167751] /soc/funnel@fc31a000: Fixed dependency cycle(s) with /soc/funnel@fc31b000
[    0.167956] /soc/funnel@fc31a000: Fixed dependency cycle(s) with /soc/funnel@fc345000
[    0.168176] /soc/funnel@fc31b000: Fixed dependency cycle(s) with /soc/etf@fc307000
[    0.168329] /soc/funnel@fc31b000: Fixed dependency cycle(s) with /soc/funnel@fc31a000
[    0.168570] /soc/replicator@fc31c000: Fixed dependency cycle(s) with /soc/etf@fc307000
[    0.168752] /soc/replicator@fc31c000: Fixed dependency cycle(s) with /soc/tpiu@fc318000
[    0.168876] /soc/replicator@fc31c000: Fixed dependency cycle(s) with /soc/etr@fc322000
[    0.169131] /soc/etr@fc322000: Fixed dependency cycle(s) with /soc/replicator@fc31c000
[    0.169376] /soc/etm@fc33c000: Fixed dependency cycle(s) with /soc/funnel@fc345000
[    0.169588] /soc/etm@fc33d000: Fixed dependency cycle(s) with /soc/funnel@fc345000
[    0.169835] /soc/etm@fc33e000: Fixed dependency cycle(s) with /soc/funnel@fc345000
[    0.170081] /soc/etm@fc33f000: Fixed dependency cycle(s) with /soc/funnel@fc345000
[    0.170245] /soc/funnel@fc345000: Fixed dependency cycle(s) with /soc/funnel@fc31a000
[    0.170425] /soc/funnel@fc345000: Fixed dependency cycle(s) with /soc/etm@fc33f000
[    0.170604] /soc/funnel@fc345000: Fixed dependency cycle(s) with /soc/etm@fc33e000
[    0.170727] /soc/funnel@fc345000: Fixed dependency cycle(s) with /soc/etm@fc33d000
[    0.170907] /soc/funnel@fc345000: Fixed dependency cycle(s) with /soc/etm@fc33c000
[    0.180176] /soc/usb@f9a55000: Fixed dependency cycle(s) with /soc/usb@f9a55000/ulpi/phy-0
[    0.180437] /soc/usb@f9a55000/ulpi/phy-0: Fixed dependency cycle(s) with /soc/usb@f9a55000
[    0.181892] /soc/etf@fc307000: Fixed dependency cycle(s) with /soc/funnel@fc31b000
[    0.182095] /soc/etf@fc307000: Fixed dependency cycle(s) with /soc/replicator@fc31c000
[    0.182503] /soc/tpiu@fc318000: Fixed dependency cycle(s) with /soc/replicator@fc31c000
[    0.182829] /soc/funnel@fc31a000: Fixed dependency cycle(s) with /soc/funnel@fc31b000
[    0.183046] /soc/funnel@fc31a000: Fixed dependency cycle(s) with /soc/funnel@fc345000
[    0.183426] /soc/funnel@fc31a000: Fixed dependency cycle(s) with /soc/funnel@fc31b000
[    0.183689] /soc/etf@fc307000: Fixed dependency cycle(s) with /soc/funnel@fc31b000
[    0.183992] /soc/funnel@fc31b000: Fixed dependency cycle(s) with /soc/etf@fc307000
[    0.184302] /soc/funnel@fc31b000: Fixed dependency cycle(s) with /soc/funnel@fc31a000
[    0.184753] /soc/tpiu@fc318000: Fixed dependency cycle(s) with /soc/replicator@fc31c000
[    0.185046] /soc/etf@fc307000: Fixed dependency cycle(s) with /soc/replicator@fc31c000
[    0.185371] /soc/replicator@fc31c000: Fixed dependency cycle(s) with /soc/etf@fc307000
[    0.185652] /soc/replicator@fc31c000: Fixed dependency cycle(s) with /soc/tpiu@fc318000
[    0.185869] /soc/replicator@fc31c000: Fixed dependency cycle(s) with /soc/etr@fc322000
[    0.186219] /soc/replicator@fc31c000: Fixed dependency cycle(s) with /soc/etr@fc322000
[    0.186563] /soc/etr@fc322000: Fixed dependency cycle(s) with /soc/replicator@fc31c000
[    0.186995] /soc/etm@fc33c000: Fixed dependency cycle(s) with /soc/funnel@fc345000
[    0.187404] /soc/etm@fc33d000: Fixed dependency cycle(s) with /soc/funnel@fc345000
[    0.187812] /soc/etm@fc33e000: Fixed dependency cycle(s) with /soc/funnel@fc345000
[    0.188155] /soc/etm@fc33f000: Fixed dependency cycle(s) with /soc/funnel@fc345000
[    0.188574] /soc/etm@fc33f000: Fixed dependency cycle(s) with /soc/funnel@fc345000
[    0.188927] /soc/etm@fc33e000: Fixed dependency cycle(s) with /soc/funnel@fc345000
[    0.189209] /soc/etm@fc33d000: Fixed dependency cycle(s) with /soc/funnel@fc345000
[    0.189547] /soc/etm@fc33c000: Fixed dependency cycle(s) with /soc/funnel@fc345000
[    0.189883] /soc/funnel@fc31a000: Fixed dependency cycle(s) with /soc/funnel@fc345000
[    0.190145] /soc/funnel@fc345000: Fixed dependency cycle(s) with /soc/funnel@fc31a000
[    0.190364] /soc/funnel@fc345000: Fixed dependency cycle(s) with /soc/etm@fc33f000
[    0.190639] /soc/funnel@fc345000: Fixed dependency cycle(s) with /soc/etm@fc33e000
[    0.190915] /soc/funnel@fc345000: Fixed dependency cycle(s) with /soc/etm@fc33d000
[    0.191138] /soc/funnel@fc345000: Fixed dependency cycle(s) with /soc/etm@fc33c000
[    0.205991] kprobes: kprobe jump-optimization is enabled. All kprobes are optimized if possible.
[    0.210968] iommu: Default domain type: Translated
[    0.211120] iommu: DMA domain TLB invalidation policy: strict mode
[    0.220901] SCSI subsystem initialized
[    0.221853] usbcore: registered new interface driver usbfs
[    0.222086] usbcore: registered new interface driver hub
[    0.222375] usbcore: registered new device driver usb
[    0.224158] Advanced Linux Sound Architecture Driver Initialized.
[    0.226644] clocksource: Switched to clocksource arch_sys_counter
[    0.334647] NET: Registered PF_INET protocol family
[    0.335176] IP idents hash table entries: 16384 (order: 5, 131072 bytes, linear)
[    0.337828] tcp_listen_portaddr_hash hash table entries: 512 (order: 0, 4096 bytes, linear)
[    0.338090] Table-perturb hash table entries: 65536 (order: 6, 262144 bytes, linear)
[    0.338333] TCP established hash table entries: 8192 (order: 3, 32768 bytes, linear)
[    0.338611] TCP bind hash table entries: 8192 (order: 5, 131072 bytes, linear)
[    0.338933] TCP: Hash tables configured (established 8192 bind 8192)
[    0.339250] UDP hash table entries: 512 (order: 3, 28672 bytes, linear)
[    0.339438] UDP-Lite hash table entries: 512 (order: 3, 28672 bytes, linear)
[    0.339912] NET: Registered PF_UNIX/PF_LOCAL protocol family
[    0.340657] Trying to unpack rootfs image as initramfs...
[    0.342445] Initialise system trusted keyrings
[    0.342916] workingset: timestamp_bits=14 max_order=19 bucket_order=5
[    0.458689] Key type asymmetric registered
[    0.458813] Asymmetric key parser 'x509' registered
[    0.459071] Block layer SCSI generic (bsg) driver version 0.4 loaded (major 246)
[    0.459472] io scheduler mq-deadline registered
[    0.459634] io scheduler kyber registered
[    0.468351] ------------[ cut here ]------------
[    0.468514] WARNING: CPU: 0 PID: 1 at drivers/clk/qcom/clk-hfpll.c:101 __clk_hfpll_enable+0x1e0/0x1e8
[    0.468644] hfpll1 failed to lock in 200 us (L_VAL 0)
[    0.468800] Modules linked in:
[    0.468907] CPU: 0 UID: 0 PID: 1 Comm: swapper/0 Not tainted 6.18.40-citronics-lime-fp2-gaa55b1b242a1 #1 PREEMPT 
[    0.468923] Hardware name: Generic DT based system
[    0.468930] Call trace: 
[    0.468940] [<c01018d8>] (unwind_backtrace) from [<c0118870>] (show_stack+0x18/0x1c)
[    0.468970] [<c0118870>] (show_stack) from [<c010d0c8>] (dump_stack_lvl+0x50/0x64)
[    0.468991] [<c010d0c8>] (dump_stack_lvl) from [<c012e574>] (__warn+0x84/0x154)
[    0.469017] [<c012e574>] (__warn) from [<c012e76c>] (warn_slowpath_fmt+0x128/0x1bc)
[    0.469040] [<c012e76c>] (warn_slowpath_fmt) from [<c06557a8>] (__clk_hfpll_enable+0x1e0/0x1e8)
[    0.469071] [<c06557a8>] (__clk_hfpll_enable) from [<c06559b0>] (clk_hfpll_enable+0x90/0x98)
[    0.469101] [<c06559b0>] (clk_hfpll_enable) from [<c063fa00>] (clk_core_enable+0x74/0x1e4)
[    0.469128] [<c063fa00>] (clk_core_enable) from [<c063f9dc>] (clk_core_enable+0x50/0x1e4)
[    0.469146] [<c063f9dc>] (clk_core_enable) from [<c063fb98>] (clk_enable+0x28/0x3c)
[    0.469165] [<c063fb98>] (clk_enable) from [<c065873c>] (krait_add_clks+0x4fc/0x614)
[    0.469183] [<c065873c>] (krait_add_clks) from [<c0658908>] (krait_cc_probe+0xb4/0x330)
[    0.469200] [<c0658908>] (krait_cc_probe) from [<c07aa380>] (platform_probe+0x64/0x98)
[    0.469223] [<c07aa380>] (platform_probe) from [<c07a7474>] (really_probe+0xd8/0x3ac)
[    0.469253] [<c07a7474>] (really_probe) from [<c07a77e8>] (__driver_probe_device+0xa0/0x208)
[    0.469284] [<c07a77e8>] (__driver_probe_device) from [<c07a7a28>] (driver_probe_device+0x38/0xc8)
[    0.469315] [<c07a7a28>] (driver_probe_device) from [<c07a7cac>] (__driver_attach+0xe0/0x1b8)
[    0.469347] [<c07a7cac>] (__driver_attach) from [<c07a4f88>] (bus_for_each_dev+0x78/0xc8)
[    0.469376] [<c07a4f88>] (bus_for_each_dev) from [<c07a648c>] (bus_add_driver+0xf8/0x21c)
[    0.469404] [<c07a648c>] (bus_add_driver) from [<c07a8ca0>] (driver_register+0x84/0x11c)
[    0.469427] [<c07a8ca0>] (driver_register) from [<c010ea34>] (do_one_initcall+0x3c/0x254)
[    0.469449] [<c010ea34>] (do_one_initcall) from [<c1201480>] (kernel_init_freeable+0x20c/0x278)
[    0.469472] [<c1201480>] (kernel_init_freeable) from [<c0c5b500>] (kernel_init+0x24/0x140)
[    0.469492] [<c0c5b500>] (kernel_init) from [<c010014c>] (ret_from_fork+0x14/0x28)
[    0.469509] Exception stack(0xf0819fb0 to 0xf0819ff8)
[    0.469520] 9fa0:                                     00000000 00000000 00000000 00000000
[    0.469531] 9fc0: 00000000 00000000 00000000 00000000 00000000 00000000 00000000 00000000
[    0.469540] 9fe0: 00000000 00000000 00000000 00000000 00000013 00000000
[    0.469549] ---[ end trace 0000000000000000 ]---
[    0.474372] L2 @ 729600 KHz
[    0.474894] CPU0 @ 960000 KHz
[    0.475217] CPU1 @ 960000 KHz
[    0.475477] CPU2 @ 960000 KHz
[    0.475733] CPU3 @ 960000 KHz
[    0.567831] msm_serial: driver initialized
[    0.588205] brd: module loaded
[    0.597571] loop: module loaded
[    0.598310] SCSI Media Changer driver v0.25 
[    0.599230] spmi_pmic_arb fc4cf000.spmi: PMIC arbiter version v1 (0x20000002)
[    0.614959] /soc/spmi@fc4cf000/pm8941@1/regulators: Fixed dependency cycle(s) with /soc/spmi@fc4cf000/pm8941@1/regulators/s4
[    0.618260] SLIP: version 0.8.4-NET3.019-NEWTTY (dynamic channels, max=256) (6 bit encapsulation enabled).
[    0.618431] CSLIP: code copyright 1989 Regents of the University of California.
[    0.620568] usbcore: registered new interface driver cdc_acm
[    0.620671] cdc_acm: USB Abstract Control Model driver for USB modems and ISDN adapters
[    0.623263] UDC core: g_ether: couldn't find an available UDC
[    0.625841] rtc-pm8xxx fc4cf000.spmi:pm8941@0:rtc@6000: registered as rtc0
[    0.625995] rtc-pm8xxx fc4cf000.spmi:pm8941@0:rtc@6000: setting system clock to 1970-01-01T00:29:38 UTC (1778)
[    0.626288] i2c_dev: i2c /dev entries driver
[    0.627512] qcom-pon fc4cf000.spmi:pm8941@0:pon@800: pon=0x80 warm_reset=0x0002 poff=0x0000
[    0.627685] qcom-pon fc4cf000.spmi:pm8941@0:pon@800: power-on: KPD (power key)
[    0.627850] qcom-pon fc4cf000.spmi:pm8941@0:pon@800: previous power-off: none (0x00)
[    0.633116] device-mapper: ioctl: 4.50.0-ioctl (2025-04-28) initialised: dm-devel@lists.linux.dev
[    0.634921] sdhci: Secure Digital Host Controller Interface driver
[    0.635081] sdhci: Copyright(c) Pierre Ossman
[    0.635176] sdhci-pltfm: SDHCI platform and OF driver helper
[    0.636221] clocksource: arch_mmio_counter: mask: 0xffffffffffffff max_cycles: 0x46d987e47, max_idle_ns: 440795202767 ns
[    0.636398] arch-timer-mmio f9020000.timer: mmio timer running at 19.20MHz (virt)
[    0.637017] hid: raw HID events driver (C) Jiri Kosina
[    0.637370] usbcore: registered new interface driver usbhid
[    0.637471] usbhid: USB HID core driver
[    0.639791] hw perfevents: enabled with armv7_krait PMU driver, 5 (8000000f) counters available
[    0.645682] Initializing XFRM netlink socket
[    0.645962] NET: Registered PF_INET6 protocol family
[    0.647517] Segment Routing with IPv6
[    0.647680] In-situ OAM (IOAM) with IPv6
[    0.647912] NET: Registered PF_PACKET protocol family
[    0.648026] NET: Registered PF_KEY protocol family
[    0.648186] 8021q: 802.1Q VLAN Support v1.8
[    0.648339] Key type dns_resolver registered
[    0.648623] Registering SWP/SWPB emulation handler
[    0.664935] Loading compiled-in X.509 certificates
[    0.746888] s1: Bringing 0uV into 675000-675000uV
[    0.747564] s3: Bringing 0uV into 1050000-1050000uV
[    0.773926] ocmem fdd00000.sram: 8 ports, 3 regions, 24 macros, interleaved
[    0.776882] qcom-smsm smsm: mbox_request_channel: can't parse "mboxes" property
[    0.777015] qcom-smsm smsm: mbox_request_channel: can't parse "mboxes" property
[    0.779005] msm_serial f991e000.serial: msm_serial: detected port #0
[    0.779252] msm_serial f991e000.serial: uartclk = 7372800
[    0.779812] f991e000.serial: ttyMSM0 at MMIO 0xf991e000 (irq = 46, base_baud = 460800) is a MSM
[    0.780015] msm_serial: console setup on port #0
[    0.780193] printk: legacy console [ttyMSM0] enabled
[    1.150063] Freeing initrd memory: 13208K
[    1.168755] i2c_qup f9924000.i2c: using default clock-frequency 100000
[    1.169447] s4: Bringing 5100000uV into 5000000-5000000uV
[    2.558969] i2c_qup f9924000.i2c: 
[    2.558969]  tx channel not available
[    2.565913] qcom-smbb fc4cf000.spmi:pm8941@0:charger@1000: Initializing SMBB rev 3
[    2.641025] s1: Bringing 0uV into 1300000-1300000uV
[    2.641923] s2: Bringing 0uV into 2150000-2150000uV
[    2.645451] s3: Bringing 0uV into 1800000-1800000uV
[    2.650380] l1: Bringing 0uV into 1225000-1225000uV
[    2.654996] l2: Bringing 0uV into 1200000-1200000uV
[    2.659961] l3: Bringing 0uV into 1225000-1225000uV
[    2.664663] l4: Bringing 0uV into 1225000-1225000uV
[    2.669544] l5: Bringing 0uV into 1800000-1800000uV
[    2.674637] l6: Bringing 0uV into 1800000-1800000uV
[    2.679694] l7: Bringing 0uV into 1800000-1800000uV
[    2.684243] l8: Bringing 0uV into 1800000-1800000uV
[    2.689059] l9: Bringing 0uV into 1800000-1800000uV
[    2.693834] l10: Bringing 0uV into 1800000-1800000uV
[    2.698775] l11: Bringing 0uV into 1225000-1225000uV
[    2.704251] l12: Bringing 0uV into 1800000-1800000uV
[    2.709022] l13: Bringing 0uV into 1800000-1800000uV
[    2.713912] l14: Bringing 0uV into 1800000-1800000uV
[    2.715479] input: gpio-keys as /devices/platform/gpio-keys/input/input0
[    2.718702] l15: Bringing 0uV into 2050000-2050000uV
[    2.725228] clk: Disabling unused clocks
[    2.730655] l16: Bringing 0uV into 2700000-2700000uV
[    2.735424] PM: genpd: Disabling unused power domains
[    2.739636] l17: Bringing 0uV into 2850000-2850000uV
[    2.749775] l18: Bringing 0uV into 2850000-2850000uV
[    2.754007] ALSA device list:
[    2.754233] l19: Bringing 0uV into 2900000-2900000uV
[    2.758644]   No soundcards found.
[    2.761900] l20: Bringing 0uV into 2950000-2[    2.775390] l22: Bringing 0uV into 3000000-3000000uV
[    2.775843] l23: Bringing 0uV into 3000000-3000000uV
[    2.779939] l24: Bringing 0uV into 3075000-3075000uV
[    2.789799] Freeing unused kernel image (initmem) memory: 1024K
[    2.790438] Run /init as init process
[    2.804624] g_ether gadget.0: HOST MAC 1e:1b:c2:e2:fd:18
[    2.804755] g_ether gadget.0: MAC 2a:b6:e5:b4:0c:dc
[    2.809275] g_ether gadget.0: Ethernet Gadget, version: Memorial Day 2008
[    2.813700] g_ether gadget.0: g_ether ready
[    2.821342] ci_hdrc ci_hdrc.0: EHCI Host Controller
[    2.824938] ci_hdrc ci_hdrc.0: new USB bus registered, assigned bus number 1
[    2.831628] l24: voltage operation not allowed
[    2.856652] ci_hdrc ci_hdrc.0: USB 2.0 started, EHCI 1.00
[    2.857323] usb usb1: New USB device found, idVendor=1d6b, idProduct=0002, bcdDevice= 6.18
[    2.861110] usb usb1: New USB device strings: Mfr=3, Product=2, SerialNumber=1
[    2.869366] usb usb1: Product: EHCI Host Controller
[    2.869598] [Citronics] Setup firmware path...
[    2.876402] usb usb1: Manufacturer: Linux 6.18.40-citronics-lime-fp2-gaa55b1b242a1 ehci_hcd
[    2.881622] [Citronics] Launch mdev...
[    2.885717] usb usb1: SerialNumber: ci_hdrc.0
[    2.886883] mmc1: SDHCI controller on f98a4900.mmc [f98a4900.mmc] using ADMA
[    2.904394] hub 1-0:1.0: USB hub found
[    2.909454] hub 1-0:1.0: 1 port detected
[    2.923820] mmc0: SDHCI controller on f9824900.mmc [f9824900.mmc] using ADMA 64-bit
[    2.992935] mmc0: new HS200 MMC card at address 0001
[    2.995223] mmcblk0: mmc0:0001 BWBC3R 29.1 GiB
[    3.004132]  mmcblk0: p1 p2 p3 p4 p5 p6 p7 p8 p9 p10 p11 p12 p13 p14 p15 p16 p17 p18 p19 p20
[    3.022043] mmcblk0boot0: mmc0:0001 BWBC3R 4.00 MiB
[    3.029688] mmcblk0boot1: mmc0:0001 BWBC3R 4.00 MiB
[    3.039996] mmcblk0rpmb: mmc0:0001 BWBC3R 4.00 MiB, chardev (240:0)
[    3.176945] usb 1-1: new high-speed USB device number 2 using ci_hdrc
[    3.290782] [Citronics] Load relevant modules....
modprobe: ERROR: missing parameters. See -h.
[    3.313017] [Citronics] Kill mdev since it's not needed anymore...
[    3.344431] [Citronics] Attempting to map and if needed, resize rootfs partition...
[    3.347743] usb 1-1: New USB device found, idVendor=0424, idProduct=9514, bcdDevice= 2.00
[    3.351125] usb 1-1: New USB device strings: Mfr=0, Product=0, SerialNumber=0
[    3.361272] hub 1-1:1.0: USB hub found
[    3.366875] hub 1-1:1.0: 5 ports detected
[    3.396900] [Citronics] Waiting for rootfs device: /dev/mmcblk0p20
[    3.401863] [Citronics] Found rootfs device: /dev/mmcblk0p20
[    3.435365] [Citronics] No resizing needed for root partition /dev/mapper/mmcblk0p20p2
[    3.484202] [Citronics] Creating subpartition symlinks for /dev/mmcblk0p20
[    3.501956] [Citronics] Mounting rootfs partition...
[    3.676922] usb 1-1.1: new high-speed USB device number 3 using ci_hdrc
[    3.797905] usb 1-1.1: New USB device found, idVendor=0424, idProduct=ec00, bcdDevice= 2.00
[    3.798394] usb 1-1.1: New USB device strings: Mfr=0, Product=0, SerialNumber=0
[    4.224260] EXT4-fs (dm-1): recovery complete
[    4.226532] EXT4-fs (dm-1): mounted filesystem 608e8df4-d32e-4975-b29e-8819a9f1c13f r/w with ordered data mode. Quota mode: disabled.
[    4.261020] [Citronics] Mounting boot partition...
[    4.300620] EXT4-fs (dm-0): warning: mounting unchecked fs, running e2fsck is recommended
[    4.305143] EXT4-fs (dm-0): mounted filesystem 4d9c3613-6c4f-496a-9d3d-1431338c68f2 r/w without journal. Quota mode: disabled.
[    4.310159] [Citronics] Switching to /sysroot
[    4.698300] systemd[1]: System time advanced to timestamp on /var/lib/systemd/timesync/clock: Sun 2026-07-26 15:57:41 UTC
P+q6E616D65\[    5.091641] systemd[1]: Inserted module 'autofs4'
[6n[32766;32766H[6n[!p]104\[0m[?7h[1G[0J[    5.547040] systemd[1]: systemd 259.5-0ubuntu3 running in system mode (+PAM +AUDIT +SELINUX +APPARMOR +IMA +IPE +SMACK +SECCOMP +GCRYPT -GNUTLS +OPENSSL +ACL +BLKID +CURL +ELFUTILS +FIDO2 +IDN2 -IDN +KMOD +LIBCRYPTSETUP +LIBCRYPTSETUP_PLUGINS +LIBFDISK +PCRE2 +PWQUALITY +P11KIT +QRENCODE +TPM2 +BZIP2 +LZ4 +XZ +ZLIB +ZSTD -BPF_FRAMEWORK -BTF -XKBCOMMON -UTMP +SYSVINIT +LIBARCHIVE)
[    5.558387] systemd[1]: Detected architecture arm.

[0;1;39mWelcome to [0m[1mUbuntu 26.04 LTS[0m[0;1;39m![0m

[    5.622576] systemd[1]: Hostname set to <citronics>.
]3008;start=213bc3938a7d4f8e9c756c3c3db4cfac;user=root;hostname=citronics;machineid=65a6dc17f6f2412b95babe5a55e3efdd;bootid=e0387ff91cab487291f1650923c2140c;pid=1;pidfdid=2;comm=systemd;type=boot\[    6.568410] systemd[1]: Queued start job for default target graphical.target.
[    6.667892] systemd[1]: Unnecessary job was removed for dev-mmcblk0p20p1.device - /dev/mmcblk0p20p1.
[    6.688979] systemd[1]: Created slice system-getty.slice - Slice /system/getty.
[[0;32m  OK  [0m] Created slice [0;1;39msystem-getty.slice[0m - Slice /system/getty.
[    6.725419] systemd[1]: Created slice system-modprobe.slice - Slice /system/modprobe.
[[0;32m  OK  [0m] Created slice [0;1;39msystem-modprobe.slice[0m - Slice /system/modprobe.
[    6.765262] systemd[1]: Created slice system-serial\x2dgetty.slice - Slice /system/serial-getty.
[[0;32m  OK  [0m] Created slice [0;1;39msystem-serial\x2dget…slice[0m - Slice /system/serial-getty.
[    6.805458] systemd[1]: Created slice system-systemd\x2dfsck.slice - Slice /system/systemd-fsck.
[[0;32m  OK  [0m] Created slice [0;1;39msystem-systemd\x2dfs…slice[0m - Slice /system/systemd-fsck.
[    6.841862] systemd[1]: Created slice user.slice - User and Session Slice.
[[0;32m  OK  [0m] Created slice [0;1;39muser.slice[0m - User and Session Slice.
[    6.868182] systemd[1]: Started systemd-ask-password-console.path - Dispatch Password Requests to Console Directory Watch.
[[0;32m  OK  [0m] Started [0;1;39msystemd-ask-password-conso…[0mequests to Console Directory Watch.
[    6.898122] systemd[1]: Started systemd-ask-password-wall.path - Forward Password Requests to Wall Directory Watch.
[[0;32m  OK  [0m] Started [0;1;39msystemd-ask-password-wall.…[0md Requests to Wall Directory Watch.
[    6.930177] systemd[1]: Set up automount proc-sys-fs-binfmt_misc.automount - Arbitrary Executable File Formats File System Automount Point.
[[0;32m  OK  [0m] Set up automount [0;1;39mproc-sys-fs-binfm…[0mormats File System Automount Point.
[    6.967409] systemd[1]: Expecting device dev-disk-by\x2duuid-4d9c3613\x2d6c4f\x2d496a\x2d9d3d\x2d1431338c68f2.device - /dev/disk/by-uuid/4d9c3613-6c4f-496a-9d3d-1431338c68f2...
         Expecting device [0;1;39mdev-disk-by\x2duu…[0m3613-6c4f-496a-9d3d-1431338c68f2...
[    7.007124] systemd[1]: Expecting device dev-ttyMSM0.device - /dev/ttyMSM0...
         Expecting device [0;1;39mdev-ttyMSM0.device[0m - /dev/ttyMSM0...
[    7.037621] systemd[1]: Reached target imports.target - Image Downloads.
[[0;32m  OK  [0m] Reached target [0;1;39mimports.target[0m - Image Downloads.
[    7.068041] systemd[1]: Reached target paths.target - Path Units.
[[0;32m  OK  [0m] Reached target [0;1;39mpaths.target[0m - Path Units.
[    7.097655] systemd[1]: Reached target remote-fs.target - Remote File Systems.
[[0;32m  OK  [0m] Reached target [0;1;39mremote-fs.target[0m - Remote File Systems.
[    7.127580] systemd[1]: Reached target slices.target - Slice Units.
[[0;32m  OK  [0m] Reached target [0;1;39mslices.target[0m - Slice Units.
[    7.157652] systemd[1]: Reached target swap.target - Swaps.
[[0;32m  OK  [0m] Reached target [0;1;39mswap.target[0m - Swaps.
[    7.223456] systemd[1]: Listening on systemd-ask-password.socket - Query the User Interactively for a Password.
[[0;32m  OK  [0m] Listening on [0;1;39msystemd-ask-password.…[0m User Interactively for a Password.
[    7.280436] systemd[1]: Listening on systemd-creds.socket - Credential Encryption/Decryption.
[[0;32m  OK  [0m] Listening on [0;1;39msystemd-creds.socket[0m - Credential Encryption/Decryption.
[    7.346094] systemd[1]: Listening on systemd-factory-reset.socket - Factory Reset Management.
[[0;32m  OK  [0m] Listening on [0;1;39msystemd-factory-reset.socket[0m - Factory Reset Management.
[    7.378536] systemd[1]: Listening on systemd-journald-dev-log.socket - Journal Socket (/dev/log).
[[0;32m  OK  [0m] Listening on [0;1;39msystemd-journald-dev-…socket[0m - Journal Socket (/dev/log).
[    7.408974] systemd[1]: Listening on systemd-journald.socket - Journal Sockets.
[[0;32m  OK  [0m] Listening on [0;1;39msystemd-journald.socket[0m - Journal Sockets.
[    7.474042] systemd[1]: Listening on systemd-mute-console.socket - Console Output Muting Service Socket.
[[0;32m  OK  [0m] Listening on [0;1;39msystemd-mute-console.…[0mnsole Output Muting Service Socket.
[    7.507494] systemd[1]: systemd-pcrextend.socket - TPM PCR Measurements skipped, unmet condition check ConditionSecurity=measured-uki
[    7.508437] systemd[1]: systemd-pcrlock.socket - Make TPM PCR Policy skipped, unmet condition check ConditionSecurity=measured-uki
[    7.520651] systemd[1]: Listening on systemd-resolved-monitor.socket - Resolve Monitor Varlink Socket.
[[0;32m  OK  [0m] Listening on [0;1;39msystemd-resolved-moni…t[0m - Resolve Monitor Varlink Socket.
[    7.558157] systemd[1]: Listening on systemd-resolved-varlink.socket - Resolve Service Varlink Socket.
[[0;32m  OK  [0m] Listening on [0;1;39msystemd-resolved-varl…t[0m - Resolve Service Varlink Socket.
[    7.588980] systemd[1]: Listening on systemd-udevd-control.socket - udev Control Socket.
[[0;32m  OK  [0m] Listening on [0;1;39msystemd-udevd-control.socket[0m - udev Control Socket.
[    7.618256] systemd[1]: Listening on systemd-udevd-kernel.socket - udev Kernel Socket.
[[0;32m  OK  [0m] Listening on [0;1;39msystemd-udevd-kernel.socket[0m - udev Kernel Socket.
[    7.648507] systemd[1]: Listening on systemd-udevd-varlink.socket - udev Varlink Socket.
[[0;32m  OK  [0m] Listening on [0;1;39msystemd-udevd-varlink.socket[0m - udev Varlink Socket.
[    7.679318] systemd[1]: dev-hugepages.mount - Huge Pages File System skipped, unmet condition check ConditionPathExists=/sys/kernel/mm/hugepages
[    7.692919] systemd[1]: Mounting dev-mqueue.mount - POSIX Message Queue File System...
         Mounting [0;1;39mdev-mqueue.mount[0m - POSIX Message Queue File System...
[    7.729630] systemd[1]: Mounting sys-kernel-debug.mount - Kernel Debug File System...
         Mounting [0;1;39msys-kernel-debug.mount[0m - Kernel Debug File System...
[    7.769710] systemd[1]: Mounting sys-kernel-tracing.mount - Kernel Trace File System...
         Mounting [0;1;39msys-kernel-tracing.mount[0m - Kernel[    7.773157] systemd[1]: tmp.mount: x-systemd.graceful-option=usrquota specified, but option is not available, suppressing.
 Trace File System...
[    7.827100] systemd[1]: Mounting tmp.mount - Temporary Directory /tmp...
         Mounting [0;1;39mtmp.mount[0m - Temporary Directory /tmp...
[    7.892457] systemd[1]: Starting systemd-journald.service - Journal Service...
         Starting [0;1;39msystemd-journald.service[0m - Journal Service...
[    7.928863] systemd[1]: Starting fake-hwclock-load.service - Restore the current clock...
         Starting [0;1;39mfake-hwclock-load.service[0m - Restore the current clock...
[    8.029351] systemd[1]: Starting kmod-static-nodes.service - Create List of Static Device Nodes...
         Starting [0;1;39mkmod-static-nodes.service[0m…eate List of Static Device Nodes...
[    8.057883] systemd[1]: modprobe@configfs.service - Load Kernel Module configfs skipped, unmet condition check ConditionKernelModuleLoaded=!configfs
[    8.071276] systemd[1]: Mounting sys-kernel-config.mount - Kernel Configuration File System...
         Mounting [0;1;39msys-kernel-config.mount[0m - Kernel Configuration File System...
[    8.117458] systemd[1]: modprobe@drm.service - Load Kernel Module drm skipped, unmet condition check ConditionKernelModuleLoaded=!drm
[    8.173279] systemd-journald[194]: Collecting audit messages is disabled.
[    8.184865] systemd[1]: Starting modprobe@efi_pstore.service - Load Kernel Module efi_pstore...
         Starting [0;1;39mmodprobe@efi_pstore.servi…[0m - Load Kernel Module efi_pstore...
[    8.233884] systemd[1]: Starting modprobe@fuse.service - Load Kernel Module fuse...
         Starting [0;1;39mmodprobe@fuse.service[0m - Load Kernel Module fuse...
[    8.257850] systemd[1]: systemd-hibernate-clear.service - Clear Stale Hibernate Storage Info skipped, unmet condition check ConditionPathExists=/sys/firmware/efi/efivars/HibernateLocation-8cf2644b-4b0b-428f-9387-6d876050dc67
[    8.272982] systemd[1]: Starting systemd-modules-load.service - Load Kernel Modules...
         Starting [0;1;39msystemd-modules-load.service[0m - Load Kernel Modules...
[    8.318433] systemd-journald[194]: Time jumped backwards, rotating.
[    8.327001] systemd[1]: systemd-pcrmachine.service - TPM PCR Machine ID Measurement skipped, unmet condition check ConditionSecurity=measured-uki
[    8.327673] systemd[1]: systemd-pcrproduct.service - TPM NvPCR Product ID Measurement skipped, unmet condition check ConditionSecurity=measured-uki
[    8.340087] systemd[1]: systemd-tpm2-setup-early.service - Early TPM SRK Setup skipped, unmet condition check ConditionSecurity=measured-uki
[    8.358980] systemd[1]: Starting systemd-udev-load-credentials.service - Load udev Rules from Credentials...
[    8.379807] fuse: init (API version 7.45)
         Starting [0;1;39msystemd-udev-load-credent…[0mLoad udev Rules from Credentials...
[    8.442375] systemd[1]: Starting systemd-udev-trigger.service - Coldplug All udev Devices...
         Starting [0;1;39msystemd-udev-trigger.service[0m - Coldplug All udev Devices...
[    8.493930] systemd[1]: Started systemd-journald.service - Journal Service.
[[0;32m  OK  [0m] Started [0;1;39msystemd-journald.service[0m - Journal Service.
[[0;32m  OK  [0m] Mounted [0;1;39mdev-mqueue.mount[0m - POSIX Message Queue File System.
[[0;32m  OK  [0m] Mounted [0;1;39msys-kernel-debug.mount[0m - Kernel Debug File System.
[[0;32m  OK  [0m] Mounted [0;1;39msys-kernel-tracing.mount[0m - Kernel Trace File System.
[[0;32m  OK  [0m] Mounted [0;1;39mtmp.mount[0m - Temporary Directory /tmp.
[[0;32m  OK  [0m] Finished [0;1;39mfake-hwclock-load.service[0m - Restore the current clock.
[[0;32m  OK  [0m] Finished [0;1;39mkmod-static-nodes.service[0m…Create List of Static Device Nodes.
[[0;32m  OK  [0m] Mounted [0;1;39msys-kernel-config.mount[0m - Kernel Configuration File System.
[[0;32m  OK  [0m] Finished [0;1;39mmodprobe@efi_pstore.service[0m - Load Kernel Module efi_pstore.
[[0;32m  OK  [0m] Finished [0;1;39mmodprobe@fuse.service[0m - Load Kernel Module fuse.
[[0;32m  OK  [0m] Finished [0;1;39msystemd-modules-load.service[0m - Load Kernel Modules.
[[0;32m  OK  [0m] Finished [0;1;39msystemd-udev-load-credent…[0m- Load udev Rules from Credentials.
         Mounting [0;1;39msys-fs-fuse-connections.mount[0m - FUSE Control File System...
         Starting [0;1;39msystemd-remount-fs.servic…[0munt Root and Kernel File Systems...
         Starting [0;1;39msystemd-sysctl.service[0m - Apply Kernel Variables...
         Starting [0;1;39msystemd-tmpfiles-setup-de…[0m Device Nodes in /dev gracefully...
[[0;32m  OK  [0m] Mounted [0;1;39msys-fs-fuse-connections.mount[0m - FUSE Control File System.
[[0;32m  OK  [0m] Finished [0;1;39msystemd-sysctl.service[0m - Apply Kernel Variables.
[[0;32m  OK  [0m] Finished [0;1;39msystemd-tmpfiles-setup-de…[0mic Device Nodes in /dev gracefully.
[[0;32m  OK  [0m] Finished [0;1;39msystemd-remount-fs.servic…[0mmount Root and Kernel File Systems.
         Starting [0;1;39msystemd-journal-flush.ser…[0msh Journal to Persistent Storage...
         Starting [0;1;39msystemd-pstore.service[0m - …form Persistent Storage Archival...
         Starting [0;1;39msystemd-random-seed.service[0m - Load/Save OS Random Seed...
         Starting [0;1;39msystemd-resolved.service[0m - Network Name Resolution...
         Starting [0;1;39msystemd-timesyncd.service[0m - Network Time Synchronization...
         Starting [0;1;39msystemd-tmpfiles-setup-de…[0meate Static Device Nodes in /dev...
[[0;32m  OK  [0m] Finished [0;1;39msystemd-pstore.service[0m - …atform Persistent Storage Archival.
[[0;32m  OK  [0m] Finished [0;1;39msystemd-tmpfiles-setup-de…[0mCreate Static Device Nodes in /dev.
[[0;32m  OK  [0m] Reached target [0;1;39mlocal-fs-pre.target[0m…Preparation for Local File Systems.
[[0;32m  OK  [0m] Reached target [0;1;39mlocal-fs.target[0m - Local File Systems.
[[0;32m  OK  [0m] Listening on [0;1;39msystemd-sysext.socket[0m… System Extension Image Management.
         Starting [0;1;39mnetplan-configure.service[0m - Netplan Backend Configuration...
         Starting [0;1;39msystemd-binfmt.service[0m - Set Up Additional Binary Formats...
         Starting [0;1;39msystemd-udevd.service[0m - R…ager for Device Events and Files...
         Starting [0;1;39musb-gadget.service[0m - USB …M network) setup for Fairphone 3...
[[0;32m  OK  [0m] Started [0;1;39msystemd-timesyncd.service[0m - Network Time Synchronization.
[[0;32m  OK  [0m] Reached target [0;1;39mtime-set.target[0m - System Time Set.
         Mounting [0;1;39mproc-sys-fs-binfmt_misc.m…[0mcutable File Formats File System...
[[0;32m  OK  [0m] Mounted [0;1;39mproc-sys-fs-binfmt_misc.mo…[0mxecutable File Formats File System.
[[0;32m  OK  [0m] Finished [0;1;39msystemd-binfmt.service[0m - Set Up Additional Binary Formats.
[[0;32m  OK  [0m] Finished [0;1;39msystemd-journal-flush.ser…[0mlush Journal to Persistent Storage.
         Starting [0;1;39msystemd-tmpfiles-setup.se…[0mate System Files and Directories...
[[0;32m  OK  [0m] Finished [0;1;39msystemd-random-seed.service[0m - Load/Save OS Random Seed.
[[0;32m  OK  [0m] Finished [0;1;39msystemd-tmpfiles-setup.se…[0mreate System Files and Directories.
[[0;32m  OK  [0m] Started [0;1;39msystemd-resolved.service[0m - Network Name Resolution.
[[0;32m  OK  [0m] Reached target [0;1;39mnss-lookup.target[0m - Host and Network Name Lookups.
[[0;32m  OK  [0m] Started [0;1;39msystemd-udevd.service[0m - Ru…anager for Device Events and Files.
[[0;32m  OK  [0m] Finished [0;1;39msystemd-udev-trigger.service[0m - Coldplug All udev Devices.
[[0;32m  OK  [0m] Reached target [0;1;39msysinit.target[0m - System Initialization.
[[0;32m  OK  [0m] Started [0;1;39mapt-daily.timer[0m - Daily apt download activities.
[[0;32m  OK  [0m] Started [0;1;39mapt-daily-upgrade.timer[0m - …y apt upgrade and clean activities.
[[0;32m  OK  [0m] Started [0;1;39mdpkg-db-backup.timer[0m - Daily dpkg database backup timer.
[[0;32m  OK  [0m] Started [0;1;39me2scrub_all.timer[0m - Period…Metadata Check for All Filesystems.
[[0;32m  OK  [0m] Started [0;1;39mfake-hwclock-save.timer[0m - Periodically save current clock.
[[0;32m  OK  [0m] Started [0;1;39mfstrim.timer[0m - Discard unused filesystem blocks once a week.
[[0;32m  OK  [0m] Started [0;1;39mmotd-news.timer[0m - Message of the Day.
[[0;32m  OK  [0m] Started [0;1;39msystemd-tmpfiles-clean.tim…[0my Cleanup of Temporary Directories.
[[0;32m  OK  [0m] Reached target [0;1;39mtimers.target[0m - Timer Units.
[[0;32m  OK  [0m] Listening on [0;1;39mdbus.socket[0m - D-Bus System Message Bus Socket.
[[0;32m  OK  [0m] Listening on [0;1;39mpolkit-agent-helper.s…[0mAuthorization Manager Agent Helper.
[[0;32m  OK  [0m] Listening on [0;1;39mssh.socket[0m - OpenBSD Secure Shell server socket.
[[0;32m  OK  [0m] Listening on [0;1;39msshd-unix-local.socke…[0mtemd-ssh-generator, AF_UNIX Local).
[[0;32m  OK  [0m] Listening on [0;1;39msystemd-hostnamed.socket[0m - Hostname Service Socket.
[[0;32m  OK  [0m] Listening on [0;1;39msystemd-logind-varlin…[0mer Login Management Varlink Socket.
[[0;32m  OK  [0m] Reached target [0;1;39msockets.target[0m - Socket Units.
         Starting [0;1;39mifupdown-pre.service[0m - He…synchronize boot up for ifupdown...
[[0;32m  OK  [0m] Reached target [0;1;39mbasic.target[0m - Basic System.
         Starting [0;1;39mdbus.service[0m - D-Bus System Message Bus...
         Starting [0;1;39me2scrub_reap.service[0m - Re…ne ext4 Metadata Check Snapshots...
         Starting [0;1;39mpolkit.service[0m - Authorization Manager...
[[0;32m  OK  [0m] Started [0;1;39mqrtr-ns.service[0m - QIPCRTR Name Service.
[[0;32m  OK  [0m] Started [0;1;39mrmtfs.service[0m - Qualcomm remotefs service.
         Starting [0;1;39mmsm-modem-uim-selection.s…[0mcation on the embedded QMI modem...
         Starting [0;1;39msystemd-logind.service[0m - User Login Management...
[[0;32m  OK  [0m] Started [0;1;39mdbus.service[0m - D-Bus System Message Bus.
[[0;32m  OK  [0m] Finished [0;1;39musb-gadget.service[0m - USB …NCM network) setup for Fairphone 3.
[[0;32m  OK  [0m] Finished [0;1;39mnetplan-configure.service[0m - Netplan Backend Configuration.
[[0;32m  OK  [0m] Found device [0;1;39mdev-ttyMSM0.device[0m - /dev/ttyMSM0.
[[0;32m  OK  [0m] Started [0;1;39msystemd-logind.service[0m - User Login Management.
[[0;32m  OK  [0m] Started [0;1;39mpolkit.service[0m - Authorization Manager.
[[0;32m  OK  [0m] Finished [0;1;39me2scrub_reap.service[0m - Re…line ext4 Metadata Check Snapshots.
[   13.969975] s1: unsupportable voltage range: 1287500-1050000uV
[[0;32m  OK  [0m] Finished [0;1;39mifupdown-pre.service[0m - He…o synchronize boot up for ifupdown.
[[0;32m  OK  [0m] Reached target [0;1;39mnetwork-pre.target[0m - Preparation for Network.
[[0;32m  OK  [0m] Reached target [0;1;39musb-gadget.target[0m - Hardware activated USB gadget.
[[0;32m  OK  [0m] Listening on [0;1;39msystemd-rfkill.socket[0m…ll Switch Status /dev/rfkill Watch.
         Starting [0;1;39mModemManager.service[0m - Modem Manager...
         Starting [0;1;39mbluetooth.service[0m - Bluetooth service...
[[0;32m  OK  [0m] Started [0;1;39mifup@usb0.service[0m - ifup for usb0.
[[0;32m  OK  [0m] Started [0;1;39mrmtfs.service[0m - Qualcomm remotefs service.
         Starting [0;1;39mset-mac-from-serial.servi…[0mss for usb0 and eth0 from Serial...
         Starting [0;1;39mwpa_supplicant.service[0m - WPA supplicant...
         Starting [0;1;39msystemd-rfkill.service[0m - Load/Save RF Kill Switch Status...
[[0;32m  OK  [0m] Started [0;1;39msystemd-rfkill.service[0m - Load/Save RF Kill Switch Status.
[[0;32m  OK  [0m] Started [0;1;39mwpa_supplicant.service[0m - WPA supplicant.
[[0;32m  OK  [0m] Started [0;1;39mbluetooth.service[0m - Bluetooth service.
[[0;32m  OK  [0m] Reached target [0;1;39mbluetooth.target[0m - Bluetooth Support.
         Starting [0;1;39msystemd-hostnamed.service[0m - Hostname Service...
[[0;32m  OK  [0m] Started [0;1;39mModemManager.service[0m - Modem Manager.
[[0;32m  OK  [0m] Started [0;1;39msystemd-hostnamed.service[0m - Hostname Service.
[[0m[0;31m*     [0m] (1 of 3) Job dev-disk-by\x2duuid-4d…ice/start running (12s / 1min 30s)
M[K[[0;1;31m*[0m[0;31m*    [0m] (1 of 3) Job dev-disk-by\x2duuid-4d…ice/start running (12s / 1min 30s)
M[K[[0;32m  OK  [0m] Started [0;1;39mmsm-modem-uim-selection.se…[0mlication on the embedded QMI modem.
[K[[0;31m*[0;1;31m*[0m[0;31m*   [0m] (1 of 2) Job dev-disk-by\x2duuid-4d…ice/start running (15s / 1min 30s)
M[K[ [0;31m*[0;1;31m*[0m[0;31m*  [0m] (2 of 2) Job set-mac-from-serial.se…ice/start running (15s / no limit)
M[K[  [0;31m*[0;1;31m*[0m[0;31m* [0m] (2 of 2) Job set-mac-from-serial.se…ice/start running (16s / no limit)
M[K[   [0;31m*[0;1;31m*[0m[0;31m*[0m] (2 of 2) Job set-mac-from-serial.se…ice/start running (16s / no limit)
M[K[    [0;31m*[0;1;31m*[0m] (1 of 2) Job dev-disk-by\x2duuid-4d…ice/start running (17s / 1min 30s)
M[K[     [0;31m*[0m] (1 of 2) Job dev-disk-by\x2duuid-4d…ice/start running (17s / 1min 30s)
M[K[    [0;31m*[0;1;31m*[0m] (1 of 2) Job dev-disk-by\x2duuid-4d…ice/start running (18s / 1min 30s)
M[K[   [0;31m*[0;1;31m*[0m[0;31m*[0m] (2 of 2) Job set-mac-from-serial.se…ice/start running (18s / no limit)
M[K[  [0;31m*[0;1;31m*[0m[0;31m* [0m] (2 of 2) Job set-mac-from-serial.se…ice/start running (19s / no limit)
M[K[ [0;31m*[0;1;31m*[0m[0;31m*  [0m] (2 of 2) Job set-mac-from-serial.se…ice/start running (19s / no limit)
M[K[[0;31m*[0;1;31m*[0m[0;31m*   [0m] (1 of 2) Job dev-disk-by\x2duuid-4d…ice/start running (20s / 1min 30s)
M[K[[0;32m  OK  [0m] Finished [0;1;39mset-mac-from-serial.servi…[0mress for usb0 and eth0 from Serial.
[K         Starting [0;1;39mNetworkManager.service[0m - Network Manager...
         Starting [0;1;39mnetworking.service[0m - Raise network interfaces...
         Starting [0;1;39mNetworkManager-dispatcher…[0manager Script Dispatcher Service...
[[0;32m  OK  [0m] Finished [0;1;39mnetworking.service[0m - Raise network interfaces.
[[0;32m  OK  [0m] Started [0;1;39mNetworkManager-dispatcher.…[0m Manager Script Dispatcher Service.
[[0;32m  OK  [0m] Started [0;1;39mNetworkManager.service[0m - Network Manager.
[[0;32m  OK  [0m] Reached target [0;1;39mnetwork.target[0m - Network.
         Starting [0;1;39mNetworkManager-wait-onlin…ce[0m - Network Manager Wait Online...
         Starting [0;1;39msystemd-user-sessions.service[0m - Permit User Sessions...
[[0;32m  OK  [0m] Finished [0;1;39msystemd-user-sessions.service[0m - Permit User Sessions.
[[0;32m  OK  [0m] Started [0;1;39mgetty@tty1.service[0m - Getty on tty1.
[[0;32m  OK  [0m] Started [0;1;39mserial-getty@ttyMSM0.service[0m - Serial Getty on ttyMSM0.
[[0;32m  OK  [0m] Reached target [0;1;39mgetty.target[0m - Login Prompts.
[[0;32m  OK  [0m] Finished [0;1;39mNetworkManager-wait-onlin…vice[0m - Network Manager Wait Online.
[[0;32m  OK  [0m] Reached target [0;1;39mnetwork-online.target[0m - Network is Online.
         Starting [0;1;39minetutils-inetd.service[0m -…k Utilities internet superserver...
[[0;32m  OK  [0m] Started [0;1;39misc-dhcp-server.service[0m - ISC DHCP IPv4 server.
[[0;32m  OK  [0m] Started [0;1;39misc-dhcp-server6.service[0m - ISC DHCP IPv6 server.
[[0;32m  OK  [0m] Reached target [0;1;39mmulti-user.target[0m - Multi-User System.
[[0;32m  OK  [0m] Reached target [0;1;39mgraphical.target[0m - Graphical Interface.
[[0;32m  OK  [0m] Started [0;1;39mmsm8974-soak-logger.servic…[0mc vitals, survives a silent reset).
[[0;32m  OK  [0m] Started [0;1;39mmsm8974-thermal-guard.serv…[0mves load, never touches frequency).
[[0;32m  OK  [0m] Started [0;1;39mmsm8974-vbat-trace.service[0m…C voltage trace (fsync per sample).
[!p]104\[0m[?7h[1G[0J[6n[32766;32766H[6n[!p]104\[0m[?7h[1G[0J[6n[32766;32766H[6n]3008;start=165913c3dde84c25a1412369fa6f19bf;user=root;hostname=citronics;machineid=65a6dc17f6f2412b95babe5a55e3efdd;bootid=e0387ff91cab487291f1650923c2140c;pid=973;pidfdid=974;comm=(agetty);servicename=serial-getty@ttyMSM0.service;invocationid=a09fa05a20ec46db948352bebd6a56fc;type=service\P+q6E616D65\
Ubuntu 26.04 LTS citronics ttyMSM0

citronics login: 
citronics login: citro
Password: 
Welcome to Ubuntu 26.04 LTS (GNU/Linux 6.18.40-citronics-lime-fp2-gaa55b1b242a1 armv7l)

 * Documentation:  https://docs.ubuntu.com
 * Management:     https://landscape.canonical.com
 * Support:        https://ubuntu.com/pro
sudo sh -c "echo warm > /sys/kernel/reboot/mode; sync; reboot"
]3008;start=29ccbef4e56c4743a4c8a7dd275a2a24;user=root;hostname=citronics;machineid=65a6dc17f6f2412b95babe5a55e3efdd;bootid=e0387ff91cab487291f1650923c2140c;pid=973;pidfdid=974;comm=login;targetuser=citro;sessionid=c1;type=session\]3008;start=412da5e8-6413-40ea-85e1-0c57b0f49f09;machineid=65a6dc17f6f2412b95babe5a55e3efdd;user=citro;hostname=citronics;bootid=e0387ff9-1cab-4872-91f1-650923c2140c;pid=00000000000000002400;type=shell;cwd=/home/citro\[?2004hcitro@citronics:~$ sudo sh -c "echo warm > /sys/kernel/reboot/mode; sync; reboot""
[?2004l]3008;start=94909cfa-3c22-404b-b07d-3cf1899e99be;machineid=65a6dc17f6f2412b95babe5a55e3efdd;user=citro;hostname=citronics;bootid=e0387ff9-1cab-4872-91f1-650923c2140c;pid=00000000000000002400;type=command;cwd=/home/citro\[sudo] password for citro: 
]3008;end=94909cfa-3c22-404b-b07d-3cf1899e99be;exit=success\]3008;start=412da5e8-6413-40ea-85e1-0c57b0f49f09;machineid=65a6dc17f6f2412b95babe5a55e3efdd;user=citro;hostname=citronics;bootid=e0387ff9-1cab-4872-91f1-650923c2140c;pid=00000000000000002400;type=shell;cwd=/home/citro\[?2004hcitro@citronics:~$ [?2004l         Stopping [0;1;39msession-c1.scope[0m - Session c1 of User citro...
[?2004h[?2004l
[[0;32m  OK  [0m] Removed slice [0;1;39msystem-modprobe.slice[0m - Slice /system/modprobe.
[[0;32m  OK  [0m] Removed slice [0;1;39msystem-systemd\x2dfs…slice[0m - Slice /system/systemd-fsck.
[?2004h[[0;32m  OK  [0m] Stopped target [0;1;39mbluetooth.target[0m - Bluetooth Support.
[?2004l
[[0;32m  OK  [0m] Stopped target [0;1;39mgraphical.target[0m - Graphical Interface.
[[0;32m  OK  [0m] Stopped target [0;1;39mnss-lookup.target[0m - Host and Network Name Lookups.
[[0;32m  OK  [0m] Stopped target [0;1;39mtimers.target[0m - Timer Units.
[[0;32m  OK  [0m] Stopped [0;1;39mapt-daily-upgrade.timer[0m - …y apt upgrade and clean activities.
[[0;32m  OK  [0m] Stopped [0;1;39mapt-daily.timer[0m - Daily apt download activities.
[[0;32m  OK  [0m] Stopped [0;1;39mdpkg-db-backup.timer[0m - Daily dpkg database backup timer.
[[0;32m  OK  [0m] Stopped [0;1;39me2scrub_all.timer[0m - Period…Metadata Check for All Filesystems.
[[0;32m  OK  [0m] Stopped [0;1;39mfake-hwclock-save.timer[0m - Periodically save current clock.
[[0;32m  OK  [0m] Stopped [0;1;39mfstrim.timer[0m - Discard unused filesystem blocks once a week.
[[0;32m  OK  [0m] Stopped [0;1;39mmotd-news.timer[0m - Message of the Day.
[[0;32m  OK  [0m] Stopped [0;1;39msystemd-tmpfiles-clean.tim…[0my Cleanup of Temporary Directories.
[[0;32m  OK  [0m] Stopped target [0;1;39mtime-set.target[0m - System Time Set.
[[0;32m  OK  [0m] Stopped target [0;1;39musb-gadget.target[0m - Hardware activated USB gadget.
[[0;32m  OK  [0m] Closed [0;1;39msystemd-rfkill.socket[0m - Loa…ll Switch Status /dev/rfkill Watch.
         Stopping [0;1;39mbluetooth.service[0m - Bluetooth service...
         Starting [0;1;39mfake-hwclock-save.service[0m - Save the current clock...
         Stopping [0;1;39mmsm8974-soak-logger.servi…[0mvitals, survives a silent reset)...
         Stopping [0;1;39mmsm8974-thermal-guard.ser…[0ms load, never touches frequency)...
         Stopping [0;1;39mmsm8974-vbat-trace.servic…[0mvoltage trace (fsync per sample)...
         Stopping [0;1;39msystemd-random-seed.service[0m - Load/Save OS Random Seed...
[[0;32m  OK  [0m] Stopped [0;1;39msystemd-udev-load-credenti…[0m- Load udev Rules from Credentials.
[[0;32m  OK  [0m] Stopped [0;1;39mmsm8974-soak-logger.servic…[0mc vitals, survives a silent reset).
[[0;32m  OK  [0m] Stopped [0;1;39mbluetooth.service[0m - Bluetooth service.
[[0;32m  OK  [0m] Stopped [0;1;39mmsm8974-thermal-guard.serv…[0mves load, never touches frequency).
[[0;32m  OK  [0m] Stopped [0;1;39mmsm8974-vbat-trace.service[0m…C voltage trace (fsync per sample).
[[0;32m  OK  [0m] Stopped [0;1;39msystemd-random-seed.service[0m - Load/Save OS Random Seed.
[[0;32m  OK  [0m] Finished [0;1;39mfake-hwclock-save.service[0m - Save the current clock.
[[0;32m  OK  [0m] Stopped target [0;1;39mmulti-user.tar�[[0;32m  OK  [0m] Stopped target [0;1;39mgetty.target[0m - Login Prompts.
]3008;end=29ccbef4e56c4743a4c8a7dd275a2a24\         Stopping [0;1;39mModemManager.service[0m - Modem Manager...
         Stopping [0;1;39mgetty@tty1.service[0m - Getty on tty1...
         Stopping [0;1;39misc-dhcp-server.service[0m - ISC DHCP IPv4 server...
[[0;32m  OK  [0m] Stopped [0;1;39mmsm-modem-uim-selection.se…[0mlication on the embedded QMI modem.
         Stopping [0;1;39mqrtr-ns.service[0m - QIPCRTR Name Service...
         Stopping [0;1;39mserial-getty@ttyMSM0.service[0m - Serial Getty on ttyMSM0...
[[0;32m  OK  [0m] Stopped [0;1;39mqrtr-ns.service[0m - QIPCRTR Name Service.
[[0;32m  OK  [0m] Stopped [0;1;39mModemManager.service[0m - Modem Manager.
[[0;32m  OK  [0m] Stopped [0;1;39mgetty@tty1.service[0m - Getty on tty1.
[[0;32m  OK  [0m] Stopped [0;1;39mserial-getty@ttyMSM0.service[0m - Serial Getty on ttyMSM0.
[!p]104\[0m[?7h[1G[0J[6n[32766;32766H[6n[[0;32m  OK  [0m] Stopped [0;1;39misc-dhcp-server.service[0m - ISC DHCP IPv4 server.
[[0;32m  OK  [0m] Stopped [0;1;39msession-c1.scope[0m - Session c1 of User citro.
[[0;32m  OK  [0m] Removed slice [0;1;39msystem-getty.slice[0m - Slice /system/getty.
[[0;32m  OK  [0m] Removed slice [0;1;39msystem-serial\x2dget…slice[0m - Slice /system/serial-getty.
[[0;32m  OK  [0m] Stopped target [0;1;39mnetwork-online.target[0m - Network is Online.
[[0;32m  OK  [0m] Stopped [0;1;39mNetworkManager-wait-online…vice[0m - Network Manager Wait Online.
         Stopping [0;1;39mpolkit.service[0m - Authorization Manager...
         Stopping [0;1;39muser@1000.service[0m - User Manager for UID 1000...
[[0;32m  OK  [0m] Stopped [0;1;39mpolkit.service[0m - Authorization Manager.
[[0;32m  OK  [0m] Stopped [0;1;39muser@1000.service[0m - User Manager for UID 1000.
         Stopping [0;1;39msystemd-user-sessions.service[0m - Permit User Sessions...
         Stopping [0;1;39muser-runtime-dir@1000.ser…[0mRuntime Directory /run/user/1000...
[[0;32m  OK  [0m] Unmounted [0;1;39mrun-user-1000.mount[0m - /run/user/1000.
[[0;32m  OK  [0m] Stopped [0;1;39msystemd-user-sessions.service[0m - Permit User Sessions.
[[0;32m  OK  [0m] Stopped [0;1;39muser-runtime-dir@1000.serv…[0mr Runtime Directory /run/user/1000.
[[0;32m  OK  [0m] Removed slice [0;1;39muser-1000.slice[0m - User Slice of UID 1000.
[[0;32m  OK  [0m] Stopped target [0;1;39mnetwork.target[0m - Network.
[[0;32m  OK  [0m] Stopped target [0;1;39mremote-fs.target[0m - Remote File Systems.
         Stopping [0;1;39mNetworkManager.service[0m - Network Manager...
         Stopping [0;1;39mifup@usb0.service[0m - ifup for usb0...
         Stopping [0;1;39mnetworking.service[0m - Raise network interfaces...
         Stopping [0;1;39msystemd-logind.service[0m - User Login Management...
         Stopping [0;1;39mwpa_supplicant.service[0m - WPA supplicant...
[[0;32m  OK  [0m] Stopped [0;1;39mwpa_supplicant.service[0m - WPA supplicant.
[[0;32m  OK  [0m] Stopped [0;1;39msystemd-logind.service[0m - User Login Management.
[[0;32m  OK  [0m] Stopped [0;1;39mNetworkManager.service[0m - Network Manager.
[[0;32m  OK  [0m] Stopped [0;1;39mnetworking.service[0m - Raise network interfaces.
         Stopping [0;1;39mrmtfs.service[0m - Qualcomm remotefs service...
[[0;32m  OK  [0m] Stopped [0;1;39mrmtfs.service[0m - Qualcomm remotefs service.
[[0;32m  OK  [0m] Stopped target [0;1;39mbasic.target[0m - Basic System.
[[0;32m  OK  [0m] Stopped target [0;1;39mpaths.target[0m - Path Units.
[[0;32m  OK  [0m] Stopped [0;1;39msystemd-ask-password-conso…[0mequests to Console Directory Watch.
[[0;32m  OK  [0m] Stopped [0;1;39msystemd-ask-password-wall.…[0md Requests to Wall Directory Watch.
[[0;32m  OK  [0m] Stopped target [0;1;39mslices.target[0m - Slice Units.
[[0;32m  OK  [0m] Removed slice [0;1;39muser.slice[0m - User and Session Slice.
[[0;32m  OK  [0m] Stopped target [0;1;39msockets.target[0m - Socket Units.
[[0;32m  OK  [0m] Closed [0;1;39mpolkit-agent-helper.socket[0m …Authorization Manager Agent Helper.
[[0;32m  OK  [0m] Closed [0;1;39mssh.socket[0m - OpenBSD Secure Shell server socket.
[[0;32m  OK  [0m] Closed [0;1;39msshd-unix-local.socket[0m - Op…temd-ssh-generator, AF_UNIX Local).
[[0;32m  OK  [0m] Closed [0;1;39msystemd-hostnamed.socket[0m - Hostname Service Socket.
[[0;32m  OK  [0m] Closed [0;1;39msystemd-logind-varlink.sock…[0mer Login Management Varlink Socket.
[[0;32m  OK  [0m] Stopped target [0;1;39msysinit.target[0m - System Initialization.
[[0;32m  OK  [0m] Stopped target [0;1;39mimports.target[0m - Image Downloads.
[[0;32m  OK  [0m] Closed [0;1;39msystemd-mute-console.socket[0m…nsole Output Muting Service Socket.
         Stopping [0;1;39msystemd-binfmt.service[0m - Set Up Additional Binary Formats...
[[0;32m  OK  [0m] Stopped [0;1;39msystemd-pstore.service[0m - Platform Persistent Storage Archival.
         Stopping [0;1;39msystemd-resolved.service[0m - Network Name Resolution...
         Stopping [0;1;39msystemd-timesyncd.service[0m - Network Time Synchronization...
[[0;32m  OK  [0m] Stopped [0;1;39msystemd-tmpfiles-setup.ser…[0mreate System Files and Directories.
[[0;32m  OK  [0m] Stopped [0;1;39msystemd-timesyncd.service[0m - Network Time Synchronization.
[[0;32m  OK  [0m] Stopped [0;1;39msystemd-resolved.service[0m - Network Name Resolution.
[[0;32m  OK  [0m] Stopped [0;1;39mifup@usb0.service[0m - ifup for usb0.
[[0;32m  OK  [0m] Stopped [0;1;39msystemd-binfmt.service[0m - Set Up Additional Binary Formats.
[[0;32m  OK  [0m] Unset automount [0;1;39mproc-sys-fs-binfmt…[0mormats File System Automount Point.
[[0;32m  OK  [0m] Stopped target [0;1;39mnetwork-pre.target[0m - Preparation for Network.
[[0;32m  OK  [0m] Closed [0;1;39msystemd-resolved-monitor.so…t[0m - Resolve Monitor Varlink Socket.
[[0;32m  OK  [0m] Closed [0;1;39msystemd-resolved-varlink.so…t[0m - Resolve Service Varlink Socket.
[[0;32m  OK  [0m] Stopped [0;1;39mnetplan-configure.service[0m - Netplan Backend Configuration.
[[0;32m  OK  [0m] Stopped target [0;1;39mlocal-fs.target[0m - Local File Systems.
         Unmounting [0;1;39mboot.mount[0m - /boot...
         Unmounting [0;1;39mtmp.mount[0m - Temporary Directory /tmp...
[[0;32m  OK  [0m] Stopped [0;1;39msystemd-sysctl.service[0m - Apply Kernel Variables.
[[0;32m  OK  [0m] Stopped [0;1;39msystemd-modules-load.service[0m - Load Kernel Modules.
[[0;32m  OK  [0m] Unmounted [0;1;39mtmp.mount[0m - Temporary Directory /tmp.
[[0;32m  OK  [0m] Unmounted [0;1;39mboot.mount[0m - /boot.
[[0;32m  OK  [0m] Stopped target [0;1;39mlocal-fs-pre.target[0m…Preparation for Local File Systems.
[[0;32m  OK  [0m] Stopped target [0;1;39mswap.target[0m - Swaps.
[[0;32m  OK  [0m] Reached target [0;1;39mumount.target[0m - Unmount All Filesystems.
[[0;32m  OK  [0m] Stopped [0;1;39msystemd-remount-fs.service[0m…mount Root and Kernel File Systems.
[[0;32m  OK  [0m] Stopped [0;1;39msystemd-tmpfiles-setup-dev…[0mCreate Static Device Nodes in /dev.
[[0;32m  OK  [0m] Stopped [0;1;39msystemd-tmpfiles-setup-dev…[0mic Device Nodes in /dev gracefully.
[[0;32m  OK  [0m] Reached target [0;1;39mshutdown.target[0m - System Shutdown.
[[0;32m  OK  [0m] Reached target [0;1;39mfinal.target[0m - Late Shutdown Services.
[[0;32m  OK  [0m] Finished [0;1;39msystemd-reboot.service[0m - System Reboot.
[[0;32m  OK  [0m] Reached target [0;1;39mreboot.target[0m - System Reboot.
]3008;end=213bc3938a7d4f8e9c756c3c3db4cfac\[  271.173227] systemd-shutdown[1]: Failed to set watchdog hardware timeout to 10min: Invalid argument
[  272.212313] systemd-shutdown[1]: Unable to finalize remaining DM devices, ignoring.
[  272�
Format: Log Type - Time(microsec) - Message
Log type: B - since boot(excluding boot rom).  D - delta
B -    120322 - SBL1, Start
B -    125599 - scatterload_region && ram_init, Start
D -         0 - scatterload_region && ram_init, Delta
B -    142557 - pm_device_init, Start
D -     27328 - pm_device_init, Delta
B -    170007 - boot_flash_init, Start
D -     12291 - boot_flash_init, Delta
B -    182695 - boot_config_data_table_init, Start
D -    134932 - boot_config_data_table_init, Delta
B -    319213 - sbl1_ddr_set_params, Start
B -    321714 - Pre_DDR_clock_init, Start
D -       274 - Pre_DDR_clock_init, Delta
D -         0 - sbl1_ddr_set_params, Delta
B -    333151 - Detected Samsung SDRAM, Start
B -    337177 - Detected Samsung SDRAM, Start
B -    342576 - pm_driver_init, Start
D -     26535 - pm_driver_init, Delta
B -    370514 - clock_init, Start
D -       183 - clock_init, Delta
B -    373594 - Image Load, Start
B -    396073 - Tz Execution, Start
D -    184921 - Tz Execution, Delta
B -    589138 - Image Load, Start
B -    599294 - Signal PBL to Jump to RPM FW
B -    599569 - sbl1_wait_for_ddr_training, Start
D -     31903 - sbl1_wait_for_ddr_training, Delta
B -    635742 - Image Load, Start
B -    637084 - WDT Execution, Start
D -       213 - WDT Execution, Delta
B -    641232 - Image Load, Start
B -    662216 - sbl1_efs_handle_cookies, Start
D -       152 - sbl1_efs_handle_cookies, Delta
B -    664229 - RPM sync cookie updated
B -    667767 - SBL1, End
Android Bootloader - UART_DM Initialized!!!
[280] Not able to search the panel:
[450] Panel CMD: command mode dma test failed
[450] dsi panel init error
[520] Not able to search the panel:
[690] Panel CMD: command mode dma test failed
[690] dsi panel init error
[760] Not able to search the panel:
[960] Panel CMD: command mode dma test failed
[1010] Panel CMD: command mode dma test failed
[1080] Panel CMD: command mode dma test failed
[1150] Panel CMD: command mode dma test failed
[1210] Panel CMD: command mode dma test failed
[1280] Panel CMD: command mode dma test failed
[1350] Panel CMD: command mode dma test failed
[1420] Panel CMD: command mode dma test failed
[1480] Panel CMD: command mode dma test failed
[1580] Panel CMD: command mode dma test failed
[1680] dsi panel init error
[1690] Not able to search the panel:
[1750] Logo config doesn't match with fb config. Fall back default logo
[1810] Panel CMD: command mode dma test failed
[1810] dsi panel init error
[1820] partition misc doesn't exist
[1830] error in emmc_recovery_init
[1830] No 'misc' partition found
[1830] Error reading MISC partition
[1840] failed to get ffbm cookieAndroid Bootloader - UART_DM Initialized!!!
[0] welcome to lk

[0] SCM call: 0x2000601 failed with :fffffffc
[0] Failed to initialize SCM
[10] platform_init()
[10] target_init()
[10] Setting up SDC power and drive strength for slot 1
[10] Setting up SDC power and drive strength for slot 1
[30] MMC card: BWBC3R (0.2, 02 1998), manufacturer: 15, OEM: 100, capacity: 31268536320 bytes
[40] SDHC Running in HS200 mode
[50] Done initialization of the card
[50] lk2nd_init()
[50] Booted @ 0x8000, r0=0x0, r1=0x0, r2=0x1e00000
[60] Found valid DTB with 1746 bytes total
[60] Command line from previous bootloader: lk2nd androidboot.emmc=true androidboot.serialno=733bfccd androidboot.baseband=msm mdss_mdp.panel=0:dsi:0:
[70] Detected device: Fairphone 2 (compatible: fairphone,fp2)
[80] keys: 1 keymap overrides applied
[90] Skipping GDSC check for headless boot
[90] usbcon: started (dwc)
[100] 
=== lk2nd ===
[100] Press any key within 10 seconds for the lk2nd shell
[100] Booting in 10 ...  [910] Key pressed -- entering lk2nd shell

lk2nd 21.0-next-5866bbef8-20260705-dirty - type 'help' for commands
lk2nd> a
Unknown command 'a' - try 'help'
lk2nd> help
  help       list commands
  version    print lk2nd version
  printenv   [name] - print U-Boot environment
  setenv     <name> [value] - set environment variable
  saveenv    write environment to storage
  slot       show A/B boot state
  boot       scan file systems and boot
  part       list block devices
  pstore     [console|dump|zap] - ramoops crash logs
  ls         <device> - list files on a device
  md         <hex-addr> [count] - display memory
  ums        [device] - USB mass storage mode
  fastboot   leave the shell, start fastboot mode
  reset      reboot the device
  reboot     [bootloader|recovery|edl] - reboot
  poweroff   shut the device down
lk2nd> md 0xfe805720 16
fe805720: fe833000 73c3d2ca 62ce39a7 4ed2512f
fe805730: 20f054e3 00000000 00000000 00000000
fe805740: 00000000 00000000 49445a54 fe806000
fe805750: 0fd16000 0003a000 5356434c 0000000f
lk2nd> md 0xfe806000 32
fe806000:
Format: Log Type - Time(microsec) - Message
Log type: B - since boot(excluding boot rom).  D - delta
B -    173270 - SBL1, Start
B -    178547 - scatterload_region && ram_init, Start
D -         0 - scatterload_region && ram_init, Delta
B -    195535 - pm_device_init, Start
D -     27358 - pm_device_init, Delta
B -    222955 - boot_flash_init, Start
D -     12474 - boot_flash_init, Delta
B -    235856 - boot_config_data_table_init, Start
D -    134932 - boot_config_data_table_init, Delta
B -    372344 - sbl1_ddr_set_params, Start
B -    374967 - Pre_DDR_clock_init, Start
D -       274 - Pre_DDR_clock_init, Delta
D -         0 - sbl1_ddr_set_params, Delta
B -    386313 - Detected Samsung SDRAM, Start
B -    390339 - Detected Samsung SDRAM, Start
B -    395737 - pm_driver_init, Start
D -     26535 - pm_driver_init, Delta
B -    423675 - clock_init, Start
D -       183 - clock_init, Delta
B -    426756 - Image Load, Start
B -    449265 - Tz Execution, Start
D -    184921 - Tz Execution, Delta
B -    642330 - Image Load, Start
B -    652730 - Signal PBL to Jump to RPM FW
B -    653005 - sbl1_wait_for_ddr_training, Start
D -     31903 - sbl1_wait_for_ddr_training, Delta
B -    689300 - Image Load, Start
B -    690703 - WDT Execution, Start
D -       213 - WDT Execution, Delta
B -    694637 - Image Load, Start
B -    715774 - sbl1_efs_handle_cookies, Start
D -       152 - sbl1_efs_handle_cookies, Delta
B -    717695 - RPM sync cookie updated
B -    721325 - SBL1, End
Android Bootloader - UART_DM Initialized!!!
[280] Not able to search the panel:
[450] Panel CMD: command mode dma test failed
[460] dsi panel init error
[530] Not able to search the panel:
[700] Panel CMD: command mode dma test failed
[700] dsi panel init error
[780] Not able to search the panel:
[980] Panel CMD: command mode dma test failed
[1030] Panel CMD: command mode dma test failed
[1100] Panel CMD: command mode dma test failed
[1160] Panel CMD: command mode dma test failed
[1230] Panel CMD: command mode dma test failed
[1300] Panel CMD: command mode dma test failed
[1360] Panel CMD: command mode dma test failed
[1430] Panel CMD: command mode dma test failed
[1500] Panel CMD: command mode dma test failed
[1600] Panel CMD: command mode dma test failed
[1700] dsi panel init error
[1710] Not able to search the panel:
[1770] Logo config doesn't match with fb config. Fall back default logo
[1820] Panel CMD: command mode dma test failed
[1830] dsi panel init error
[1840] partition misc doesn't exist
[1840] error in emmc_recovery_init
[1850] No 'misc' partition found
[1850] Error reading MISC partition
[1850] failed to get ffbm cookieAndroid Bootloader - UART_DM Initialized!!!
[0] welcome to lk

[0] SCM call: 0x2000601 failed with :fffffffc
[0] Failed to initialize SCM
[10] platform_init()
[10] target_init()
[10] Setting up SDC power and drive strength for slot 1
[10] Setting up SDC power and drive strength for slot 1
[30] MMC card: BWBC3R (0.2, 02 1998), manufacturer: 15, OEM: 100, capacity: 31268536320 bytes
[40] SDHC Running in HS200 mode
[40] Done initialization of the card
[50] lk2nd_init()
[50] Booted @ 0x8000, r0=0x0, r1=0x0, r2=0x1e00000
[50] Found valid DTB with 1746 bytes total
[60] Command line from previous bootloader: lk2nd androidboot.emmc=true androidboot.serialno=733bfccd androidboot.baseband=msm mdss_mdp.panel=0:dsi:0:
[70] Detected device: Fairphone 2 (compatible: fairphone,fp2)
[80] keys: 1 keymap overrides applied
[90] Skipping GDSC check for headless boot
[90] usbcon: started (dwc)
[90] 
=== lk2nd ===
[100] Press any key within 10 seconds for the lk2nd shell
[100] Booting in 10 ...  [1100] Booting in  9 ...  [2100] Booting in  8 ...  [3100] Booting in  7 ...  [4100] Booting in  6 ...  [5100] Booting in  5 ...  [6100] Booting in  4 ...  [7100] Booting in  3 ...  [8100] Booting in  2 ...  [9100] Booting in  1 ...  [10100] No key pressed -- continuing normal boot   

[10100] Registering wrapper bio devices...
[10110] Registering mmc_sdhci bio devices...
[10110] Selected SDC slot 2
[10120] Setting up SDC power and drive strength for slot 2
[10130] Error: Command timeout error
[10130] Failure getting OCR response from MMC Card
[10130] MMC card failed to respond, try for SD card
[10140] Error: Command timeout error
[10140] The response for CMD8 does not match the supplied value
[10150] Failed to initialize SD card
[10150] Failed detecting MMC/SDC @ slot2
[10150] SD card MMC is unavailable.
[10160] block devices:
[10160]  | dev        | label           | size       | Leaf |
[10160]  | wrp0p20    | lk2nd           |    512 KiB | Yes  |
[10170]  | wrp0p19p1  |                 |  26433 MiB | Yes  |
[10170]  | wrp0p19p0  |                 |    122 MiB | Yes  |
[10180]  | wrp0p19    | userdata        |  26555 MiB |      |
[10190]  | wrp0p18    | ssd             |      8 KiB | Yes  |
[10190]  | wrp0p17    | fsc             |      1 KiB | Yes  |
[10200]  | wrp0p16    | fsg             |      1 MiB | Yes  |
[10200]  | wrp0p15    | recovery        |     16 MiB | Yes  |
[10210]  | wrp0p14    | cache           |    640 MiB | Yes  |
[10210]  | wrp0p13    | persist         |     32 MiB | Yes  |
[10220]  | wrp0p12    | system          |   2048 MiB | Yes  |
[10220]  | wrp0p11    | modemst2        |      1 MiB | Yes  |
[10230]  | wrp0p10    | modemst1        |      1 MiB | Yes  |
[10230]  | wrp0p9     | pad             |   1024 KiB | Yes  |
[10240]  | wrp0p8     | tz              |    500 KiB | Yes  |
[10250]  | wrp0p7     | boot            |     15 MiB | Yes  |
[10250]  | wrp0p6     | rpm             |    500 KiB | Yes  |
[10260]  | wrp0p5     | splash          |     10 MiB | Yes  |
[10260]  | wrp0p4     | aboot           |   1024 KiB | Yes  |
[10270]  | wrp0p3     | DDR             |     32 KiB | Yes  |
[10270]  | wrp0p2     | dbi             |     32 KiB | Yes  |
[10280]  | wrp0p1     | sbl1            |    512 KiB | Yes  |
[10280]  | wrp0p0     | modem           |     64 MiB | Yes  |
[10290]  | wrp0       |                 |  29820 MiB |      |
[10290] boot: Trying to boot from the file system...
[10300] A/B boot offsets: A=0x100000, B=0x4100000
[10300] A/B boot: Failed to resolve base device 'userdata'
[10310] extlinux: Default label 'Buildroot' not found, using first label 'postmarketOS'
[10320] Trying to boot 'postmarketOS'
[10450] Updating device tree: start
[10460] Custom CPU enable-method detected, skipping SMP spin table
[10470] Updating device tree: done
[10470] booting linux @ 0x8000, ramdisk @ 0x251a000 (13522909), tags/device tree @ 0x231a000
[    0.000000] Booting Linux on physical CPU 0x0
[    0.000000] Linux version 6.18.40-citronics-lime-fp2-gaa55b1b242a1 (runner@runnervmvrwv9) (arm-linux-gnueabihf-gcc (Ubuntu 13.3.0-6ubuntu2~24.04.1) 13.3.0, GNU ld (GNU Binutils for Ubuntu) 2.42) #1 SMP PREEMPT Sun Jul 26 08:08:36 UTC 2026
[    0.000000] CPU: ARMv7 Processor [512f06f1] revision 1 (ARMv7), cr=10c5787d
[    0.000000] CPU: div instructions available: patching division code
[    0.000000] CPU: PIPT / VIPT nonaliasing data cache, PIPT instruction cache
[    0.000000] OF: fdt: Machine model: Fairphone 2
[    0.000000] earlycon: msm_serial_dm0 at MMIO 0xf991e000 (options '')
[    0.000000] printk: legacy bootconsole [msm_serial_dm0] enabled
[    0.000000] Memory policy: Data cache writealloc
[    0.000000] cma: Reserved 256 MiB at 0x70000000
[    0.000000] Zone ranges:
[    0.000000]   Normal   [mem 0x0000000000000000-0x000000002fffffff]
[    0.000000]   HighMem  [mem 0x0000000030000000-0x000000007fffffff]
[    0.000000] Movable zone start for each node
[    0.000000] Early memory node ranges
[    0.000000]   node   0: [mem 0x0000000000000000-0x0000000007ffffff]
[    0.000000]   node   0: [mem 0x0000000008000000-0x000000000fffffff]
[    0.000000]   node   0: [mem 0x0000000010000000-0x000000007fffffff]
[    0.000000] Initmem setup node 0 [mem 0x0000000000000000-0x000000007fffffff]
[    0.000000] OF: reserved mem: 0x08000000..0x0d0fffff (82944 KiB) nomap non-reusable mpss@8000000
[    0.000000] OF: reserved mem: 0x0d100000..0x0d1fffff (1024 KiB) nomap non-reusable mba@d100000
[    0.000000] OF: reserved mem: 0x0d200000..0x0dbfffff (10240 KiB) nomap non-reusable wcnss@d200000
[    0.000000] OF: reserved mem: 0x0dc00000..0x0f4fffff (25600 KiB) nomap non-reusable adsp@dc00000
[    0.000000] OF: reserved mem: 0x0f500000..0x0f9fffff (5120 KiB) nomap non-reusable memory@f500000
[    0.000000] OF: reserved mem: 0x0fa00000..0x0fbfffff (2048 KiB) nomap non-reusable smem@fa00000
[    0.000000] OF: reserved mem: 0x0fc00000..0x0fd5ffff (1408 KiB) nomap non-reusable memory@fc00000
[    0.000000] OF: reserved mem: 0x0fd60000..0x0fd7ffff (128 KiB) nomap non-reusable memory@fd60000
[    0.000000] OF: reserved mem: 0x0fd80000..0x0fefffff (1536 KiB) nomap non-reusable rmtfs@fd80000
[    0.000000] OF: reserved mem: 0x0ff00000..0x0fffffff (1024 KiB) nomap non-reusable ramoops@ff00000
[    0.000000] percpu: Embedded 19 pages/cpu s46796 r8192 d22836 u77824
[    0.000000] Kernel command line: earlycon=msm_serial_dm,0xf991e000 msm.vram=192m msm.allow_vram_carveout=1 fbcon=rotate:1 fbcon=font:TER16x32 rootfs=/dev/mmcblk0p20p2 bootpart=/dev/mmcblk0p20p1 resize_rootfs=1
[    0.000000] Unknown kernel command line parameters "rootfs=/dev/mmcblk0p20p2 bootpart=/dev/mmcblk0p20p1 resize_rootfs=1", will be passed to user space.
[    0.000000] printk: log buffer data + meta data: 131072 + 409600 = 540672 bytes
[    0.000000] Dentry cache hash table entries: 131072 (order: 7, 524288 bytes, linear)
[    0.000000] Inode-cache hash table entries: 65536 (order: 6, 262144 bytes, linear)
[    0.000000] Built 1 zonelists, mobility grouping on.  Total pages: 524288
[    0.000000] mem auto-init: stack:off, heap alloc:off, heap free:off
[    0.000000] SLUB: HWalign=64, Order=0-3, MinObjects=0, CPUs=4, Nodes=1
[    0.000000] ftrace: allocating 40844 entries in 120 pages
[    0.000000] ftrace: allocated 120 pages with 4 groups
[    0.000000] rcu: Preemptible hierarchical RCU implementation.
[    0.000000] 	Trampoline variant of Tasks RCU enabled.
[    0.000000] 	Rude variant of Tasks RCU enabled.
[    0.000000] 	Tracing variant of Tasks RCU enabled.
[    0.000000] rcu: RCU calculated value of scheduler-enlistment delay is 10 jiffies.
[    0.000000] RCU Tasks: Setting shift to 2 and lim to 1 rcu_task_cb_adjust=1 rcu_task_cpu_ids=4.
[    0.000000] RCU Tasks Rude: Setting shift to 2 and lim to 1 rcu_task_cb_adjust=1 rcu_task_cpu_ids=4.
[    0.000000] RCU Tasks Trace: Setting shift to 2 and lim to 1 rcu_task_cb_adjust=1 rcu_task_cpu_ids=4.
[    0.000000] NR_IRQS: 16, nr_irqs: 16, preallocated irqs: 16
[    0.000000] rcu: srcu_init: Setting srcu_struct sizes based on contention.
[    0.000000] clocksource: jiffies: mask: 0xffffffff max_cycles: 0xffffffff, max_idle_ns: 19112604462750000 ns
[    0.000000] arch_timer: cp15 timer running at 19.20MHz (virt).
[    0.000000] clocksource: arch_sys_counter: mask: 0xffffffffffffff max_cycles: 0x46d987e47, max_idle_ns: 440795202767 ns
[    0.000001] sched_clock: 56 bits at 19MHz, resolution 52ns, wraps every 4398046511078ns
[    0.010671] Switching to timer-based delay loop, resolution 52ns
[    0.018883] Console: colour dummy device 80x30
[    0.024908] printk: legacy console [tty0] enabled
[    0.029172] printk: legacy bootconsole [msm_serial_dm0] disabled
[    0.000000] Booting Linux on physical CPU 0x0
[    0.000000] Linux version 6.18.40-citronics-lime-fp2-gaa55b1b242a1 (runner@runnervmvrwv9) (arm-linux-gnueabihf-gcc (Ubuntu 13.3.0-6ubuntu2~24.04.1) 13.3.0, GNU ld (GNU Binutils for Ubuntu) 2.42) #1 SMP PREEMPT Sun Jul 26 08:08:36 UTC 2026
[    0.000000] CPU: ARMv7 Processor [512f06f1] revision 1 (ARMv7), cr=10c5787d
[    0.000000] CPU: div instructions available: patching division code
[    0.000000] CPU: PIPT / VIPT nonaliasing data cache, PIPT instruction cache
[    0.000000] OF: fdt: Machine model: Fairphone 2
[    0.000000] earlycon: msm_serial_dm0 at MMIO 0xf991e000 (options '')
[    0.000000] printk: legacy bootconsole [msm_serial_dm0] enabled
[    0.000000] Memory policy: Data cache writealloc
[    0.000000] cma: Reserved 256 MiB at 0x70000000
[    0.000000] Zone ranges:
[    0.000000]   Normal   [mem 0x0000000000000000-0x000000002fffffff]
[    0.000000]   HighMem  [mem 0x0000000030000000-0x000000007fffffff]
[    0.000000] Movable zone start for each node
[    0.000000] Early memory node ranges
[    0.000000]   node   0: [mem 0x0000000000000000-0x0000000007ffffff]
[    0.000000]   node   0: [mem 0x0000000008000000-0x000000000fffffff]
[    0.000000]   node   0: [mem 0x0000000010000000-0x000000007fffffff]
[    0.000000] Initmem setup node 0 [mem 0x0000000000000000-0x000000007fffffff]
[    0.000000] OF: reserved mem: 0x08000000..0x0d0fffff (82944 KiB) nomap non-reusable mpss@8000000
[    0.000000] OF: reserved mem: 0x0d100000..0x0d1fffff (1024 KiB) nomap non-reusable mba@d100000
[    0.000000] OF: reserved mem: 0x0d200000..0x0dbfffff (10240 KiB) nomap non-reusable wcnss@d200000
[    0.000000] OF: reserved mem: 0x0dc00000..0x0f4fffff (25600 KiB) nomap non-reusable adsp@dc00000
[    0.000000] OF: reserved mem: 0x0f500000..0x0f9fffff (5120 KiB) nomap non-reusable memory@f500000
[    0.000000] OF: reserved mem: 0x0fa00000..0x0fbfffff (2048 KiB) nomap non-reusable smem@fa00000
[    0.000000] OF: reserved mem: 0x0fc00000..0x0fd5ffff (1408 KiB) nomap non-reusable memory@fc00000
[    0.000000] OF: reserved mem: 0x0fd60000..0x0fd7ffff (128 KiB) nomap non-reusable memory@fd60000
[    0.000000] OF: reserved mem: 0x0fd80000..0x0fefffff (1536 KiB) nomap non-reusable rmtfs@fd80000
[    0.000000] OF: reserved mem: 0x0ff00000..0x0fffffff (1024 KiB) nomap non-reusable ramoops@ff00000
[    0.000000] percpu: Embedded 19 pages/cpu s46796 r8192 d22836 u77824
[    0.000000] Kernel command line: earlycon=msm_serial_dm,0xf991e000 msm.vram=192m msm.allow_vram_carveout=1 fbcon=rotate:1 fbcon=font:TER16x32 rootfs=/dev/mmcblk0p20p2 bootpart=/dev/mmcblk0p20p1 resize_rootfs=1
[    0.000000] Unknown kernel command line parameters "rootfs=/dev/mmcblk0p20p2 bootpart=/dev/mmcblk0p20p1 resize_rootfs=1", will be passed to user space.
[    0.000000] printk: log buffer data + meta data: 131072 + 409600 = 540672 bytes
[    0.000000] Dentry cache hash table entries: 131072 (order: 7, 524288 bytes, linear)
[    0.000000] Inode-cache hash table entries: 65536 (order: 6, 262144 bytes, linear)
[    0.000000] Built 1 zonelists, mobility grouping on.  Total pages: 524288
[    0.000000] mem auto-init: stack:off, heap alloc:off, heap free:off
[    0.000000] SLUB: HWalign=64, Order=0-3, MinObjects=0, CPUs=4, Nodes=1
[    0.000000] ftrace: allocating 40844 entries in 120 pages
[    0.000000] ftrace: allocated 120 pages with 4 groups
[    0.000000] rcu: Preemptible hierarchical RCU implementation.
[    0.000000] 	Trampoline variant of Tasks RCU enabled.
[    0.000000] 	Rude variant of Tasks RCU enabled.
[    0.000000] 	Tracing variant of Tasks RCU enabled.
[    0.000000] rcu: RCU calculated value of scheduler-enlistment delay is 10 jiffies.
[    0.000000] RCU Tasks: Setting shift to 2 and lim to 1 rcu_task_cb_adjust=1 rcu_task_cpu_ids=4.
[    0.000000] RCU Tasks Rude: Setting shift to 2 and lim to 1 rcu_task_cb_adjust=1 rcu_task_cpu_ids=4.
[    0.000000] RCU Tasks Trace: Setting shift to 2 and lim to 1 rcu_task_cb_adjust=1 rcu_task_cpu_ids=4.
[    0.000000] NR_IRQS: 16, nr_irqs: 16, preallocated irqs: 16
[    0.000000] rcu: srcu_init: Setting srcu_struct sizes based on contention.
[    0.000000] clocksource: jiffies: mask: 0xffffffff max_cycles: 0xffffffff, max_idle_ns: 19112604462750000 ns
[    0.000000] arch_timer: cp15 timer running at 19.20MHz (virt).
[    0.000000] clocksource: arch_sys_counter: mask: 0xffffffffffffff max_cycles: 0x46d987e47, max_idle_ns: 440795202767 ns
[    0.000001] sched_clock: 56 bits at 19MHz, resolution 52ns, wraps every 4398046511078ns
[    0.010671] Switching to timer-based delay loop, resolution 52ns
[    0.018883] Console: colour dummy device 80x30
[    0.024908] printk: legacy console [tty0] enabled
[    0.029172] printk: legacy bootconsole [msm_serial_dm0] disabled
[    0.033968] Calibrating delay loop (skipped), value calculated using timer frequency.. 38.40 BogoMIPS (lpj=192000)
[    0.034008] CPU: Testing write buffer coherency: ok
[    0.034069] pid_max: default: 32768 minimum: 301
[    0.034290] Mount-cache hash table entries: 2048 (order: 1, 8192 bytes, linear)
[    0.034326] Mountpoint-cache hash table entries: 2048 (order: 1, 8192 bytes, linear)
[    0.035577] CPU0: thread -1, cpu 0, socket 0, mpidr 80000000
[    0.035717] qcom_scm: convention: smc legacy
[    0.037546] Setting up static identity map for 0x100000 - 0x100060
[    0.037784] rcu: Hierarchical SRCU implementation.
[    0.037808] rcu: 	Max phase no-delay instances is 1000.
[    0.038249] Timer migration: 1 hierarchy levels; 8 children per group; 1 crossnode level
[    0.039420] smp: Bringing up secondary CPUs ...
[    0.040573] CPU1: thread -1, cpu 1, socket 0, mpidr 80000001
[    0.042164] CPU2: thread -1, cpu 2, socket 0, mpidr 80000002
[    0.043718] CPU3: thread -1, cpu 3, socket 0, mpidr 80000003
[    0.044175] smp: Brought up 1 node, 4 CPUs
[    0.044237] SMP: Total of 4 processors activated (153.60 BogoMIPS).
[    0.044265] CPU: All CPU(s) started in SVC mode.
[    0.044634] Memory: 1647296K/2097152K available (12288K kernel code, 1382K rwdata, 4588K rodata, 1024K init, 291K bss, 184292K reserved, 262144K cma-reserved, 1048576K highmem)
[    0.045301] devtmpfs: initialized
[    0.075090] VFP support v0.3: implementor 51 architecture 64 part 6f variant 2 rev 1
[    0.076146] posixtimers hash table entries: 2048 (order: 2, 16384 bytes, linear)
[    0.076225] futex hash table entries: 1024 (65536 bytes on 1 NUMA nodes, total 64 KiB, linear).
[    0.081433] pinctrl core: initialized pinctrl subsystem
[    0.083438] NET: Registered PF_NETLINK/PF_ROUTE protocol family
[    0.086265] DMA: preallocated 256 KiB pool for atomic coherent allocations
[    0.087959] thermal_sys: Registered thermal governor 'step_wise'
[    0.088094] cpuidle: using governor ladder
[    0.088201] cpuidle: using governor menu
[    0.088714] hw-breakpoint: found 5 (+1 reserved) breakpoint and 4 watchpoint registers.
[    0.088750] hw-breakpoint: maximum watchpoint size is 8 bytes.
[    0.092312] printk: legacy console [ramoops-1] enabled
[    0.102329] pstore: Registered ramoops as persistent store backend
[    0.102431] ramoops: using 0x100000@0xff00000, ecc: 16
[    0.118473] /soc/usb@f9a55000: Fixed dependency cycle(s) with /soc/usb@f9a55000/ulpi/phy-0
[    0.118675] /soc/usb@f9a55000/ulpi/phy-0: Fixed dependency cycle(s) with /soc/usb@f9a55000
[    0.119008] /soc/etf@fc307000: Fixed dependency cycle(s) with /soc/funnel@fc31b000
[    0.119205] /soc/etf@fc307000: Fixed dependency cycle(s) with /soc/replicator@fc31c000
[    0.119399] /soc/tpiu@fc318000: Fixed dependency cycle(s) with /soc/replicator@fc31c000
[    0.119649] /soc/funnel@fc31a000: Fixed dependency cycle(s) with /soc/funnel@fc31b000
[    0.119857] /soc/funnel@fc31a000: Fixed dependency cycle(s) with /soc/funnel@fc345000
[    0.120076] /soc/funnel@fc31b000: Fixed dependency cycle(s) with /soc/etf@fc307000
[    0.120228] /soc/funnel@fc31b000: Fixed dependency cycle(s) with /soc/funnel@fc31a000
[    0.120469] /soc/replicator@fc31c000: Fixed dependency cycle(s) with /soc/etf@fc307000
[    0.120653] /soc/replicator@fc31c000: Fixed dependency cycle(s) with /soc/tpiu@fc318000
[    0.120777] /soc/replicator@fc31c000: Fixed dependency cycle(s) with /soc/etr@fc322000
[    0.121032] /soc/etr@fc322000: Fixed dependency cycle(s) with /soc/replicator@fc31c000
[    0.121277] /soc/etm@fc33c000: Fixed dependency cycle(s) with /soc/funnel@fc345000
[    0.121463] /soc/etm@fc33d000: Fixed dependency cycle(s) with /soc/funnel@fc345000
[    0.121706] /soc/etm@fc33e000: Fixed dependency cycle(s) with /soc/funnel@fc345000
[    0.121949] /soc/etm@fc33f000: Fixed dependency cycle(s) with /soc/funnel@fc345000
[    0.122114] /soc/funnel@fc345000: Fixed dependency cycle(s) with /soc/funnel@fc31a000
[    0.122295] /soc/funnel@fc345000: Fixed dependency cycle(s) with /soc/etm@fc33f000
[    0.122477] /soc/funnel@fc345000: Fixed dependency cycle(s) with /soc/etm@fc33e000
[    0.122600] /soc/funnel@fc345000: Fixed dependency cycle(s) with /soc/etm@fc33d000
[    0.122782] /soc/funnel@fc345000: Fixed dependency cycle(s) with /soc/etm@fc33c000
[    0.132053] /soc/usb@f9a55000: Fixed dependency cycle(s) with /soc/usb@f9a55000/ulpi/phy-0
[    0.132315] /soc/usb@f9a55000/ulpi/phy-0: Fixed dependency cycle(s) with /soc/usb@f9a55000
[    0.133772] /soc/etf@fc307000: Fixed dependency cycle(s) with /soc/funnel@fc31b000
[    0.133977] /soc/etf@fc307000: Fixed dependency cycle(s) with /soc/replicator@fc31c000
[    0.134383] /soc/tpiu@fc318000: Fixed dependency cycle(s) with /soc/replicator@fc31c000
[    0.134707] /soc/funnel@fc31a000: Fixed dependency cycle(s) with /soc/funnel@fc31b000
[    0.134924] /soc/funnel@fc31a000: Fixed dependency cycle(s) with /soc/funnel@fc345000
[    0.135304] /soc/funnel@fc31a000: Fixed dependency cycle(s) with /soc/funnel@fc31b000
[    0.135567] /soc/etf@fc307000: Fixed dependency cycle(s) with /soc/funnel@fc31b000
[    0.135869] /soc/funnel@fc31b000: Fixed dependency cycle(s) with /soc/etf@fc307000
[    0.136180] /soc/funnel@fc31b000: Fixed dependency cycle(s) with /soc/funnel@fc31a000
[    0.136630] /soc/tpiu@fc318000: Fixed dependency cycle(s) with /soc/replicator@fc31c000
[    0.136922] /soc/etf@fc307000: Fixed dependency cycle(s) with /soc/replicator@fc31c000
[    0.137245] /soc/replicator@fc31c000: Fixed dependency cycle(s) with /soc/etf@fc307000
[    0.137527] /soc/replicator@fc31c000: Fixed dependency cycle(s) with /soc/tpiu@fc318000
[    0.137743] /soc/replicator@fc31c000: Fixed dependency cycle(s) with /soc/etr@fc322000
[    0.138092] /soc/replicator@fc31c000: Fixed dependency cycle(s) with /soc/etr@fc322000
[    0.138435] /soc/etr@fc322000: Fixed dependency cycle(s) with /soc/replicator@fc31c000
[    0.138868] /soc/etm@fc33c000: Fixed dependency cycle(s) with /soc/funnel@fc345000
[    0.139276] /soc/etm@fc33d000: Fixed dependency cycle(s) with /soc/funnel@fc345000
[    0.139709] /soc/etm@fc33e000: Fixed dependency cycle(s) with /soc/funnel@fc345000
[    0.140052] /soc/etm@fc33f000: Fixed dependency cycle(s) with /soc/funnel@fc345000
[    0.140470] /soc/etm@fc33f000: Fixed dependency cycle(s) with /soc/funnel@fc345000
[    0.140822] /soc/etm@fc33e000: Fixed dependency cycle(s) with /soc/funnel@fc345000
[    0.141104] /soc/etm@fc33d000: Fixed dependency cycle(s) with /soc/funnel@fc345000
[    0.141443] /soc/etm@fc33c000: Fixed dependency cycle(s) with /soc/funnel@fc345000
[    0.141745] /soc/funnel@fc31a000: Fixed dependency cycle(s) with /soc/funnel@fc345000
[    0.142005] /soc/funnel@fc345000: Fixed dependency cycle(s) with /soc/funnel@fc31a000
[    0.142223] /soc/funnel@fc345000: Fixed dependency cycle(s) with /soc/etm@fc33f000
[    0.142498] /soc/funnel@fc345000: Fixed dependency cycle(s) with /soc/etm@fc33e000
[    0.142775] /soc/funnel@fc345000: Fixed dependency cycle(s) with /soc/etm@fc33d000
[    0.142996] /soc/funnel@fc345000: Fixed dependency cycle(s) with /soc/etm@fc33c000
[    0.157836] kprobes: kprobe jump-optimization is enabled. All kprobes are optimized if possible.
[    0.161826] iommu: Default domain type: Translated
[    0.161932] iommu: DMA domain TLB invalidation policy: strict mode
[    0.162993] SCSI subsystem initialized
[    0.163729] usbcore: registered new interface driver usbfs
[    0.163904] usbcore: registered new interface driver hub
[    0.164116] usbcore: registered new device driver usb
[    0.165486] Advanced Linux Sound Architecture Driver Initialized.
[    0.167248] clocksource: Switched to clocksource arch_sys_counter
[    0.338370] NET: Registered PF_INET protocol family
[    0.338727] IP idents hash table entries: 16384 (order: 5, 131072 bytes, linear)
[    0.340485] tcp_listen_portaddr_hash hash table entries: 512 (order: 0, 4096 bytes, linear)
[    0.340680] Table-perturb hash table entries: 65536 (order: 6, 262144 bytes, linear)
[    0.340856] TCP established hash table entries: 8192 (order: 3, 32768 bytes, linear)
[    0.341050] TCP bind hash table entries: 8192 (order: 5, 131072 bytes, linear)
[    0.341269] TCP: Hash tables configured (established 8192 bind 8192)
[    0.341503] UDP hash table entries: 512 (order: 3, 28672 bytes, linear)
[    0.341636] UDP-Lite hash table entries: 512 (order: 3, 28672 bytes, linear)
[    0.341973] NET: Registered PF_UNIX/PF_LOCAL protocol family
[    0.342586] Trying to unpack rootfs image as initramfs...
[    0.343906] Initialise system trusted keyrings
[    0.344319] workingset: timestamp_bits=14 max_order=19 bucket_order=5
[    0.524882] Key type asymmetric registered
[    0.525048] Asymmetric key parser 'x509' registered
[    0.525391] Block layer SCSI generic (bsg) driver version 0.4 loaded (major 246)
[    0.525843] io scheduler mq-deadline registered
[    0.526067] io scheduler kyber registered
[    0.534841] ------------[ cut here ]------------
[    0.535004] WARNING: CPU: 0 PID: 1 at drivers/clk/qcom/clk-hfpll.c:101 __clk_hfpll_enable+0x1e0/0x1e8
[    0.535135] hfpll1 failed to lock in 200 us (L_VAL 0)
[    0.535290] Modules linked in:
[    0.535399] CPU: 0 UID: 0 PID: 1 Comm: swapper/0 Not tainted 6.18.40-citronics-lime-fp2-gaa55b1b242a1 #1 PREEMPT 
[    0.535414] Hardware name: Generic DT based system
[    0.535422] Call trace: 
[    0.535431] [<c01018d8>] (unwind_backtrace) from [<c0118870>] (show_stack+0x18/0x1c)
[    0.535460] [<c0118870>] (show_stack) from [<c010d0c8>] (dump_stack_lvl+0x50/0x64)
[    0.535481] [<c010d0c8>] (dump_stack_lvl) from [<c012e574>] (__warn+0x84/0x154)
[    0.535506] [<c012e574>] (__warn) from [<c012e76c>] (warn_slowpath_fmt+0x128/0x1bc)
[    0.535530] [<c012e76c>] (warn_slowpath_fmt) from [<c06557a8>] (__clk_hfpll_enable+0x1e0/0x1e8)
[    0.535561] [<c06557a8>] (__clk_hfpll_enable) from [<c06559b0>] (clk_hfpll_enable+0x90/0x98)
[    0.535591] [<c06559b0>] (clk_hfpll_enable) from [<c063fa00>] (clk_core_enable+0x74/0x1e4)
[    0.535618] [<c063fa00>] (clk_core_enable) from [<c063f9dc>] (clk_core_enable+0x50/0x1e4)
[    0.535636] [<c063f9dc>] (clk_core_enable) from [<c063fb98>] (clk_enable+0x28/0x3c)
[    0.535654] [<c063fb98>] (clk_enable) from [<c065873c>] (krait_add_clks+0x4fc/0x614)
[    0.535673] [<c065873c>] (krait_add_clks) from [<c0658908>] (krait_cc_probe+0xb4/0x330)
[    0.535690] [<c0658908>] (krait_cc_probe) from [<c07aa380>] (platform_probe+0x64/0x98)
[    0.535713] [<c07aa380>] (platform_probe) from [<c07a7474>] (really_probe+0xd8/0x3ac)
[    0.535743] [<c07a7474>] (really_probe) from [<c07a77e8>] (__driver_probe_device+0xa0/0x208)
[    0.535775] [<c07a77e8>] (__driver_probe_device) from [<c07a7a28>] (driver_probe_device+0x38/0xc8)
[    0.535806] [<c07a7a28>] (driver_probe_device) from [<c07a7cac>] (__driver_attach+0xe0/0x1b8)
[    0.535837] [<c07a7cac>] (__driver_attach) from [<c07a4f88>] (bus_for_each_dev+0x78/0xc8)
[    0.535867] [<c07a4f88>] (bus_for_each_dev) from [<c07a648c>] (bus_add_driver+0xf8/0x21c)
[    0.535896] [<c07a648c>] (bus_add_driver) from [<c07a8ca0>] (driver_register+0x84/0x11c)
[    0.535919] [<c07a8ca0>] (driver_register) from [<c010ea34>] (do_one_initcall+0x3c/0x254)
[    0.535941] [<c010ea34>] (do_one_initcall) from [<c1201480>] (kernel_init_freeable+0x20c/0x278)
[    0.535964] [<c1201480>] (kernel_init_freeable) from [<c0c5b500>] (kernel_init+0x24/0x140)
[    0.535984] [<c0c5b500>] (kernel_init) from [<c010014c>] (ret_from_fork+0x14/0x28)
[    0.536001] Exception stack(0xf0819fb0 to 0xf0819ff8)
[    0.536013] 9fa0:                                     00000000 00000000 00000000 00000000
[    0.536023] 9fc0: 00000000 00000000 00000000 00000000 00000000 00000000 00000000 00000000
[    0.536033] 9fe0: 00000000 00000000 00000000 00000000 00000013 00000000
[    0.536041] ---[ end trace 0000000000000000 ]---
[    0.540922] L2 @ 729600 KHz
[    0.541445] CPU0 @ 960000 KHz
[    0.541760] CPU1 @ 960000 KHz
[    0.542022] CPU2 @ 960000 KHz
[    0.542291] CPU3 @ 960000 KHz
[    0.634318] msm_serial: driver initialized
[    0.654686] brd: module loaded
[    0.663966] loop: module loaded
[    0.664698] SCSI Media Changer driver v0.25 
[    0.665625] spmi_pmic_arb fc4cf000.spmi: PMIC arbiter version v1 (0x20000002)
[    0.681467] /soc/spmi@fc4cf000/pm8941@1/regulators: Fixed dependency cycle(s) with /soc/spmi@fc4cf000/pm8941@1/regulators/s4
[    0.684718] SLIP: version 0.8.4-NET3.019-NEWTTY (dynamic channels, max=256) (6 bit encapsulation enabled).
[    0.684888] CSLIP: code copyright 1989 Regents of the University of California.
[    0.687008] usbcore: registered new interface driver cdc_acm
[    0.687112] cdc_acm: USB Abstract Control Model driver for USB modems and ISDN adapters
[    0.689765] UDC core: g_ether: couldn't find an available UDC
[    0.692349] rtc-pm8xxx fc4cf000.spmi:pm8941@0:rtc@6000: registered as rtc0
[    0.692501] rtc-pm8xxx fc4cf000.spmi:pm8941@0:rtc@6000: setting system clock to 1970-01-01T00:35:48 UTC (2148)
[    0.692793] i2c_dev: i2c /dev entries driver
[    0.693968] qcom-pon fc4cf000.spmi:pm8941@0:pon@800: pon=0x80 warm_reset=0x0002 poff=0x0000
[    0.694140] qcom-pon fc4cf000.spmi:pm8941@0:pon@800: power-on: KPD (power key)
[    0.694304] qcom-pon fc4cf000.spmi:pm8941@0:pon@800: previous power-off: none (0x00)
[    0.699624] device-mapper: ioctl: 4.50.0-ioctl (2025-04-28) initialised: dm-devel@lists.linux.dev
[    0.701439] sdhci: Secure Digital Host Controller Interface driver
[    0.701601] sdhci: Copyright(c) Pierre Ossman
[    0.701696] sdhci-pltfm: SDHCI platform and OF driver helper
[    0.702746] clocksource: arch_mmio_counter: mask: 0xffffffffffffff max_cycles: 0x46d987e47, max_idle_ns: 440795202767 ns
[    0.702923] arch-timer-mmio f9020000.timer: mmio timer running at 19.20MHz (virt)
[    0.703497] hid: raw HID events driver (C) Jiri Kosina
[    0.703841] usbcore: registered new interface driver usbhid
[    0.703943] usbhid: USB HID core driver
[    0.706246] hw perfevents: enabled with armv7_krait PMU driver, 5 (8000000f) counters available
[    0.712192] Initializing XFRM netlink socket
[    0.712466] NET: Registered PF_INET6 protocol family
[    0.713854] Segment Routing with IPv6
[    0.714014] In-situ OAM (IOAM) with IPv6
[    0.714248] NET: Registered PF_PACKET protocol family
[    0.714361] NET: Registered PF_KEY protocol family
[    0.714521] 8021q: 802.1Q VLAN Support v1.8
[    0.714673] Key type dns_resolver registered
[    0.714955] Registering SWP/SWPB emulation handler
[    0.731240] Loading compiled-in X.509 certificates
[    0.814482] s1: Bringing 0uV into 675000-675000uV
[    0.815159] s3: Bringing 0uV into 1050000-1050000uV
[    0.841984] ocmem fdd00000.sram: 8 ports, 3 regions, 24 macros, interleaved
[    0.844779] qcom-smsm smsm: mbox_request_channel: can't parse "mboxes" property
[    0.844910] qcom-smsm smsm: mbox_request_channel: can't parse "mboxes" property
[    0.846811] msm_serial f991e000.serial: msm_serial: detected port #0
[    0.847061] msm_serial f991e000.serial: uartclk = 7372800
[    0.847661] f991e000.serial: ttyMSM0 at MMIO 0xf991e000 (irq = 46, base_baud = 460800) is a MSM
[    0.847866] msm_serial: console setup on port #0
[    0.848044] printk: legacy console [ttyMSM0] enabled
[    1.170835] Freeing initrd memory: 13208K
[    1.190307] i2c_qup f9924000.i2c: using default clock-frequency 100000
[    1.190971] s4: Bringing 5100000uV into 5000000-5000000uV
[    2.626800] i2c_qup f9924000.i2c: 
[    2.626800]  tx channel not available
[    2.633793] qcom-smbb fc4cf000.spmi:pm8941@0:charger@1000: Initializing SMBB rev 3
[    2.710197] s1: Bringing 0uV into 1300000-1300000uV
[    2.711092] s2: Bringing 0uV into 2150000-2150000uV
[    2.714623] s3: Bringing 0uV into 1800000-1800000uV
[    2.719613] l1: Bringing 0uV into 1225000-1225000uV
[    2.724172] l2: Bringing 0uV into 1200000-1200000uV
[    2.729126] l3: Bringing 0uV into 1225000-1225000uV
[    2.733823] l4: Bringing 0uV into 1225000-1225000uV
[    2.738946] l5: Bringing 0uV into 1800000-1800000uV
[    2.743955] l6: Bringing 0uV into 1800000-1800000uV
[    2.748915] l7: Bringing 0uV into 1800000-1800000uV
[    2.753598] l8: Bringing 0uV into 1800000-1800000uV
[    2.758726] l9: Bringing 0uV into 1800000-1800000uV
[    2.763281] l10: Bringing 0uV into 1800000-1800000uV
[    2.768201] l11: Bringing 0uV into 1225000-1225000uV
[    2.773138] l12: Bringing 0uV into 1800000-1800000uV
[    2.778279] l13: Bringing 0uV into 1800000-1800000uV
[    2.779977] input: gpio-keys as /devices/platform/gpio-keys/input/input0
[    2.787956] l14: Bringing 0uV into 1800000-1800000uV
[    2.789720] clk: Disabling unused clocks
[    2.794677] l15: Bringing 0uV into 2050000-2050000uV
[    2.800338] PM: genpd: Disabling unused power domains
[    2.803649] l16: Bringing 0uV into 2700000-2700000uV
[    2.810099] ALSA device list:
[    2.813489] l17: Bringing 0uV into 2850000-2850000uV
[    2.817924]   No soundcards found.
[    2.821309] l18: Bringing 0uV into 2850000-2[    2.834837] l20: Bringing 0uV into 2950000-2950000uV
[    2.835595] l21: Bringing 0uV into 2950000-2950000uV
[    2.839641] l22: Bringing 0uV into 3000000-3000000uV
[    2.844278] l23: Bringing 0uV into 3000000-3000000uV
[    2.849535] l24: Bringing 0uV into 3075000-3075000uV
[    2.859777] Freeing unused kernel image (initmem) memory: 1024K
[    2.860445] Run /init as init process
[    2.879823] g_ether gadget.0: HOST MAC da:a8:2b:d3:3e:24
[    2.880140] g_ether gadget.0: MAC 8e:6b:74:2c:79:dc
[    2.885103] g_ether gadget.0: Ethernet Gadget, version: Memorial Day 2008
[    2.889141] g_ether gadget.0: g_ether ready
[    2.896762] ci_hdrc ci_hdrc.0: EHCI Host Controller
[    2.900867] ci_hdrc ci_hdrc.0: new USB bus registered, assigned bus number 1
[    2.912246] l24: voltage operation not allowed
[    2.926446] [Citronics] Setup firmware path...
[    2.927094] [Citronics] Launch mdev...
[    2.927394] ci_hdrc ci_hdrc.0: USB 2.0 started, EHCI 1.00
[    2.929913] mmc0: SDHCI controller on f9824900.mmc [f9824900.mmc] using ADMA 64-bit
[    2.933938] usb usb1: New USB device found, idVendor=1d6b, idProduct=0002, bcdDevice= 6.18
[    2.947103] usb usb1: New USB device strings: Mfr=3, Product=2, SerialNumber=1
[    2.955572] usb usb1: Product: EHCI Host Controller
[    2.962179] usb usb1: Manufacturer: Linux 6.18.40-citronics-lime-fp2-gaa55b1b242a1 ehci_hcd
[    2.967068] usb usb1: SerialNumber: ci_hdrc.0
[    2.977120] hub 1-0:1.0: USB hub found
[    2.979965] hub 1-0:1.0: 1 port detected
[    2.986195] mmc1: SDHCI controller on f98a4900.mmc [f98a4900.mmc] using ADMA
[    3.042397] mmc0: new HS200 MMC card at address 0001
[    3.044501] mmcblk0: mmc0:0001 BWBC3R 29.1 GiB
[    3.052376]  mmcblk0: p1 p2 p3 p4 p5 p6 p7 p8 p9 p10 p11 p12 p13 p14 p15 p16 p17 p18 p19 p20
[    3.065068] mmcblk0boot0: mmc0:0001 BWBC3R 4.00 MiB
[    3.070749] mmcblk0boot1: mmc0:0001 BWBC3R 4.00 MiB
[    3.076095] mmcblk0rpmb: mmc0:0001 BWBC3R 4.00 MiB, chardev (240:0)
[    3.247445] usb 1-1: new high-speed USB device number 2 using ci_hdrc
[    3.364091] [Citronics] Load relevant modules....
modprobe: ERROR: missing parameters. See -h.
[    3.403085] [Citronics] Kill mdev since it's not needed anymore...
[    3.418353] usb 1-1: New USB device found, idVendor=0424, idProduct=9514, bcdDevice= 2.00
[    3.418916] usb 1-1: New USB device strings: Mfr=0, Product=0, SerialNumber=0
[    3.428237] hub 1-1:1.0: USB hub found
[    3.431799] [Citronics] Attempting to map and if needed, resize rootfs partition...
[    3.432920] hub 1-1:1.0: 5 ports detected
[    3.483853] [Citronics] Waiting for rootfs device: /dev/mmcblk0p20
[    3.489691] [Citronics] Found rootfs device: /dev/mmcblk0p20
[    3.551411] [Citronics] No resizing needed for root partition /dev/mapper/mmcblk0p20p2
[    3.594176] [Citronics] Creating subpartition symlinks for /dev/mmcblk0p20
[    3.611703] [Citronics] Mounting rootfs partition...
[    3.644006] EXT4-fs (dm-1): mounted filesystem 608e8df4-d32e-4975-b29e-8819a9f1c13f r/w with ordered data mode. Quota mode: disabled.
[    3.668796] [Citronics] Mounting boot partition...
[    3.699507] EXT4-fs (dm-0): warning: mounting unchecked fs, running e2fsck is recommended
[    3.702471] EXT4-fs (dm-0): mounted filesystem 4d9c3613-6c4f-496a-9d3d-1431338c68f2 r/w without journal. Quota mode: disabled.
[    3.708758] [Citronics] Switching to /sysroot
[    3.747428] usb 1-1.1: new high-speed USB device number 3 using ci_hdrc
[    3.868536] usb 1-1.1: New USB device found, idVendor=0424, idProduct=ec00, bcdDevice= 2.00
[    3.868880] usb 1-1.1: New USB device strings: Mfr=0, Product=0, SerialNumber=0
[    3.988620] systemd[1]: System time advanced to timestamp on /var/lib/systemd/timesync/clock: Sun 2026-07-26 16:03:23 UTC
P+q6E616D65\[    4.375593] systemd[1]: Inserted module 'autofs4'
[6n[32766;32766H[6n[!p]104\[0m[?7h[1G[0J[    4.817653] systemd[1]: systemd 259.5-0ubuntu3 running in system mode (+PAM +AUDIT +SELINUX +APPARMOR +IMA +IPE +SMACK +SECCOMP +GCRYPT -GNUTLS +OPENSSL +ACL +BLKID +CURL +ELFUTILS +FIDO2 +IDN2 -IDN +KMOD +LIBCRYPTSETUP +LIBCRYPTSETUP_PLUGINS +LIBFDISK +PCRE2 +PWQUALITY +P11KIT +QRENCODE +TPM2 +BZIP2 +LZ4 +XZ +ZLIB +ZSTD -BPF_FRAMEWORK -BTF -XKBCOMMON -UTMP +SYSVINIT +LIBARCHIVE)
[    4.828985] systemd[1]: Detected architecture arm.

[0;1;39mWelcome to [0m[1mUbuntu 26.04 LTS[0m[0;1;39m![0m

[    4.893268] systemd[1]: Hostname set to <citronics>.
]3008;start=a371f3b328fa4f739b61d2576c67b5cd;user=root;hostname=citronics;machineid=65a6dc17f6f2412b95babe5a55e3efdd;bootid=e5118efcaad2412292c8e012cb8584c5;pid=1;pidfdid=2;comm=systemd;type=boot\[    5.871433] systemd[1]: Queued start job for default target graphical.target.
[    5.943957] systemd[1]: Unnecessary job was removed for dev-mmcblk0p20p1.device - /dev/mmcblk0p20p1.
[    5.949448] systemd[1]: Created slice system-getty.slice - Slice /system/getty.
[[0;32m  OK  [0m] Created slice [0;1;39msystem-getty.slice[0m - Slice /system/getty.
[    5.979443] systemd[1]: Created slice system-modprobe.slice - Slice /system/modprobe.
[[0;32m  OK  [0m] Created slice [0;1;39msystem-modprobe.slice[0m - Slice /system/modprobe.
[    6.009715] systemd[1]: Created slice system-serial\x2dgetty.slice - Slice /system/serial-getty.
[[0;32m  OK  [0m] Created slice [0;1;39msystem-serial\x2dget…slice[0m - Slice /system/serial-getty.
[    6.039488] systemd[1]: Created slice system-systemd\x2dfsck.slice - Slice /system/systemd-fsck.
[[0;32m  OK  [0m] Created slice [0;1;39msystem-systemd\x2dfs…slice[0m - Slice /system/systemd-fsck.
[    6.072843] systemd[1]: Created slice user.slice - User and Session Slice.
[[0;32m  OK  [0m] Created slice [0;1;39muser.slice[0m - User and Session Slice.
[    6.099030] systemd[1]: Started systemd-ask-password-console.path - Dispatch Password Requests to Console Directory Watch.
[[0;32m  OK  [0m] Started [0;1;39msystemd-ask-password-conso…[0mequests to Console Directory Watch.
[    6.128819] systemd[1]: Started systemd-ask-password-wall.path - Forward Password Requests to Wall Directory Watch.
[[0;32m  OK  [0m] Started [0;1;39msystemd-ask-password-wall.…[0md Requests to Wall Directory Watch.
[    6.170485] systemd[1]: Set up automount proc-sys-fs-binfmt_misc.automount - Arbitrary Executable File Formats File System Automount Point.
[[0;32m  OK  [0m] Set up automount [0;1;39mproc-sys-fs-binfm…[0mormats File System Automount Point.
[    6.208434] systemd[1]: Expecting device dev-disk-by\x2duuid-4d9c3613\x2d6c4f\x2d496a\x2d9d3d\x2d1431338c68f2.device - /dev/disk/by-uuid/4d9c3613-6c4f-496a-9d3d-1431338c68f2...
         Expecting device [0;1;39mdev-disk-by\x2duu…[0m3613-6c4f-496a-9d3d-1431338c68f2...
[    6.247837] systemd[1]: Expecting device dev-ttyMSM0.device - /dev/ttyMSM0...
         Expecting device [0;1;39mdev-ttyMSM0.device[0m - /dev/ttyMSM0...
[    6.278230] systemd[1]: Reached target imports.target - Image Downloads.
[[0;32m  OK  [0m] Reached target [0;1;39mimports.target[0m - Image Downloads.
[    6.308533] systemd[1]: Reached target paths.target - Path Units.
[[0;32m  OK  [0m] Reached target [0;1;39mpaths.target[0m - Path Units.
[    6.338220] systemd[1]: Reached target remote-fs.target - Remote File Systems.
[[0;32m  OK  [0m] Reached target [0;1;39mremote-fs.target[0m - Remote File Systems.
[    6.368071] systemd[1]: Reached target slices.target - Slice Units.
[[0;32m  OK  [0m] Reached target [0;1;39mslices.target[0m - Slice Units.
[    6.398484] systemd[1]: Reached target swap.target - Swaps.
[[0;32m  OK  [0m] Reached target [0;1;39mswap.target[0m - Swaps.
[    6.464111] systemd[1]: Listening on systemd-ask-password.socket - Query the User Interactively for a Password.
[[0;32m  OK  [0m] Listening on [0;1;39msystemd-ask-password.…[0m User Interactively for a Password.
[    6.520599] systemd[1]: Listening on systemd-creds.socket - Credential Encryption/Decryption.
[[0;32m  OK  [0m] Listening on [0;1;39msystemd-creds.socket[0m - Credential Encryption/Decryption.
[    6.585158] systemd[1]: Listening on systemd-factory-reset.socket - Factory Reset Management.
[[0;32m  OK  [0m] Listening on [0;1;39msystemd-factory-reset.socket[0m - Factory Reset Management.
[    6.619743] systemd[1]: Listening on systemd-journald-dev-log.socket - Journal Socket (/dev/log).
[[0;32m  OK  [0m] Listening on [0;1;39msystemd-journald-dev-…socket[0m - Journal Socket (/dev/log).
[    6.649614] systemd[1]: Listening on systemd-journald.socket - Journal Sockets.
[[0;32m  OK  [0m] Listening on [0;1;39msystemd-journald.socket[0m - Journal Sockets.
[    6.715067] systemd[1]: Listening on systemd-mute-console.socket - Console Output Muting Service Socket.
[[0;32m  OK  [0m] Listening on [0;1;39msystemd-mute-console.…[0mnsole Output Muting Service Socket.
[    6.748048] systemd[1]: systemd-pcrextend.socket - TPM PCR Measurements skipped, unmet condition check ConditionSecurity=measured-uki
[    6.749045] systemd[1]: systemd-pcrlock.socket - Make TPM PCR Policy skipped, unmet condition check ConditionSecurity=measured-uki
[    6.761295] systemd[1]: Listening on systemd-resolved-monitor.socket - Resolve Monitor Varlink Socket.
[[0;32m  OK  [0m] Listening on [0;1;39msystemd-resolved-moni…t[0m - Resolve Monitor Varlink Socket.
[    6.798844] systemd[1]: Listening on systemd-resolved-varlink.socket - Resolve Service Varlink Socket.
[[0;32m  OK  [0m] Listening on [0;1;39msystemd-resolved-varl…t[0m - Resolve Service Varlink Socket.
[    6.829506] systemd[1]: Listening on systemd-udevd-control.socket - udev Control Socket.
[[0;32m  OK  [0m] Listening on [0;1;39msystemd-udevd-control.socket[0m - udev Control Socket.
[    6.858885] systemd[1]: Listening on systemd-udevd-kernel.socket - udev Kernel Socket.
[[0;32m  OK  [0m] Listening on [0;1;39msystemd-udevd-kernel.socket[0m - udev Kernel Socket.
[    6.889098] systemd[1]: Listening on systemd-udevd-varlink.socket - udev Varlink Socket.
[[0;32m  OK  [0m] Listening on [0;1;39msystemd-udevd-varlink.socket[0m - udev Varlink Socket.
[    6.920017] systemd[1]: dev-hugepages.mount - Huge Pages File System skipped, unmet condition check ConditionPathExists=/sys/kernel/mm/hugepages
[    6.933955] systemd[1]: Mounting dev-mqueue.mount - POSIX Message Queue File System...
         Mounting [0;1;39mdev-mqueue.mount[0m - POSIX Message Queue File System...
[    6.970428] systemd[1]: Mounting sys-kernel-debug.mount - Kernel Debug File System...
         Mounting [0;1;39msys-kernel-debug.mount[0m - Kernel Debug File System...
[    7.007869] systemd[1]: Mounting sys-kernel-tracing.mount - Kernel Trace File System...
         Mounting [0;1;39msys-kernel-tracing.mount[0m - Kernel Trace File System...
[    7.049970] systemd[1]: tmp.mount: x-systemd.graceful-option=usrquota specified, but option is not available, suppressing.
[    7.061372] systemd[1]: Mounting tmp.mount - Temporary Directory /tmp...
         Mounting [0;1;39mtmp.mount[0m - Temporary Directory /tmp...
[    7.121855] systemd[1]: Starting systemd-journald.service - Journal Service...
         Starting [0;1;39msystemd-journald.service[0m - Journal Service...
[    7.159204] systemd[1]: Starting fake-hwclock-load.service - Restore the current clock...
         Starting [0;1;39mfake-hwclock-load.service[0m - Restore the current clock...
[    7.260031] systemd[1]: Starting kmod-static-nodes.service - Create List of Static Device Nodes...
         Starting [0;1;39mkmod-static-nodes.service[0m…eate List of Static Device Nodes...
[    7.288142] systemd[1]: modprobe@configfs.service - Load Kernel Module configfs skipped, unmet condition check ConditionKernelModuleLoaded=!configfs
[    7.295495] systemd[1]: Mounting sys-kernel-config.mount - Kernel Configuration File System...
[    7.302437] systemd[1]: modprobe@drm.service - Load Kernel Module drm skipped, unmet condition check ConditionKernelModuleLoaded=!drm
         Mounting [0;1;39msys-kernel-config.mount[0m - Kernel Configuration File System...
[    7.327002] systemd[1]: Starting modprobe@efi_pstore.service - Load Kernel Module efi_pstore...
         Starting [0;1;39mmodprobe@efi_pstore.servi…[0m - Load Kernel Module efi_pstore...
[    7.420848] systemd[1]: Starting modprobe@fuse.service - Load Kernel Module fuse...
         Starting [0;1;39mmodprobe@fuse.service[0m - Load Kernel Module fuse...
[    7.459042] systemd[1]: systemd-hibernate-clear.service - Clear Stale Hibernate Storage Info skipped, unmet condition check ConditionPathExists=/sys/firmware/efi/efivars/HibernateLocation-8cf2644b-4b0b-428f-9387-6d876050dc67
[    7.460170] systemd-journald[194]: Collecting audit messages is disabled.
[    7.467774] systemd[1]: Starting systemd-modules-load.service - Load Kernel Modules...
         Starting [0;1;39msystemd-modules-load.service[0m - Load Kernel Modules...
[    7.507759] fuse: init (API version 7.45)
[    7.527583] systemd[1]: systemd-pcrmachine.service - TPM PCR Machine ID Measurement skipped, unmet condition check ConditionSecurity=measured-uki
[    7.528154] systemd[1]: systemd-pcrproduct.service - TPM NvPCR Product ID Measurement skipped, unmet condition check ConditionSecurity=measured-uki
[    7.542241] systemd[1]: systemd-tpm2-setup-early.service - Early TPM SRK Setup skipped, unmet condition check ConditionSecurity=measured-uki
[    7.560209] systemd[1]: Starting systemd-udev-load-credentials.service - Load udev Rules from Credentials...
         Starting [0;1;39msystemd-udev-load-credent…[0mLoad udev Rules from Credentials...
[    7.620788] systemd-journald[194]: Time jumped backwards, rotating.
[    7.623175] systemd[1]: Starting systemd-udev-trigger.service - Coldplug All udev Devices...
         Starting [0;1;39msystemd-udev-trigger.service[0m - Coldplug All udev Devices...
[    7.693620] systemd[1]: Started systemd-journald.service - Journal Service.
[[0;32m  OK  [0m] Started [0;1;39msystemd-journald.service[0m - Journal Service.
[[0;32m  OK  [0m] Mounted [0;1;39mdev-mqueue.mount[0m - POSIX Message Queue File System.
[[0;32m  OK  [0m] Mounted [0;1;39msys-kernel-debug.mount[0m - Kernel Debug File System.
[[0;32m  OK  [0m] Mounted [0;1;39msys-kernel-tracing.mount[0m - Kernel Trace File System.
[[0;32m  OK  [0m] Mounted [0;1;39mtmp.mount[0m - Temporary Directory /tmp.
[[0;32m  OK  [0m] Finished [0;1;39mfake-hwclock-load.service[0m - Restore the current clock.
[[0;32m  OK  [0m] Finished [0;1;39mkmod-static-nodes.service[0m…Create List of Static Device Nodes.
[[0;32m  OK  [0m] Mounted [0;1;39msys-kernel-config.mount[0m - Kernel Configuration File System.
[[0;32m  OK  [0m] Finished [0;1;39mmodprobe@efi_pstore.service[0m - Load Kernel Module efi_pstore.
[[0;32m  OK  [0m] Finished [0;1;39mmodprobe@fuse.service[0m - Load Kernel Module fuse.
[[0;32m  OK  [0m] Finished [0;1;39msystemd-modules-load.service[0m - Load Kernel Modules.
[[0;32m  OK  [0m] Finished [0;1;39msystemd-udev-load-credent…[0m- Load udev Rules from Credentials.
         Mounting [0;1;39msys-fs-fuse-connections.mount[0m - FUSE Control File System...
         Starting [0;1;39msystemd-remount-fs.servic…[0munt Root and Kernel File Systems...
         Starting [0;1;39msystemd-sysctl.service[0m - Apply Kernel Variables...
         Starting [0;1;39msystemd-tmpfiles-setup-de…[0m Device Nodes in /dev gracefully...
[[0;32m  OK  [0m] Mounted [0;1;39msys-fs-fuse-connections.mount[0m - FUSE Control File System.
[[0;32m  OK  [0m] Finished [0;1;39msystemd-sysctl.service[0m - Apply Kernel Variables.
[[0;32m  OK  [0m] Finished [0;1;39msystemd-tmpfiles-setup-de…[0mic Device Nodes in /dev gracefully.
[[0;32m  OK  [0m] Finished [0;1;39msystemd-remount-fs.servic…[0mmount Root and Kernel File Systems.
         Starting [0;1;39msystemd-journal-flush.ser…[0msh Journal to Persistent Storage...
         Starting [0;1;39msystemd-pstore.service[0m - …form Persistent Storage Archival...
         Starting [0;1;39msystemd-random-seed.service[0m - Load/Save OS Random Seed...
         Starting [0;1;39msystemd-resolved.service[0m - Network Name Resolution...
         Starting [0;1;39msystemd-timesyncd.service[0m - Network Time Synchronization...
         Starting [0;1;39msystemd-tmpfiles-setup-de…[0meate Static Device Nodes in /dev...
[[0;32m  OK  [0m] Finished [0;1;39msystemd-pstore.service[0m - …atform Persistent Storage Archival.
[[0;32m  OK  [0m] Finished [0;1;39msystemd-tmpfiles-setup-de…[0mCreate Static Device Nodes in /dev.
[[0;32m  OK  [0m] Reached target [0;1;39mlocal-fs-pre.target[0m…Preparation for Local File Systems.
[[0;32m  OK  [0m] Reached target [0;1;39mlocal-fs.target[0m - Local File Systems.
[[0;32m  OK  [0m] Listening on [0;1;39msystemd-sysext.socket[0m… System Extension Image Management.
         Starting [0;1;39mnetplan-configure.service[0m - Netplan Backend Configuration...
         Starting [0;1;39msystemd-binfmt.service[0m - Set Up Additional Binary Formats...
         Starting [0;1;39msystemd-udevd.service[0m - R…ager for Device Events and Files...
         Starting [0;1;39musb-gadget.service[0m - USB …M network) setup for Fairphone 3...
         Mounting [0;1;39mproc-sys-fs-binfmt_misc.m…[0mcutable File Formats File System...
[[0;32m  OK  [0m] Started [0;1;39msystemd-timesyncd.service[0m - Network Time Synchronization.
[[0;32m  OK  [0m] Reached target [0;1;39mtime-set.target[0m - System Time Set.
[[0;32m  OK  [0m] Mounted [0;1;39mproc-sys-fs-binfmt_misc.mo…[0mxecutable File Formats File System.
[[0;32m  OK  [0m] Finished [0;1;39msystemd-binfmt.service[0m - Set Up Additional Binary Formats.
[[0;32m  OK  [0m] Finished [0;1;39msystemd-journal-flush.ser…[0mlush Journal to Persistent Storage.
         Starting [0;1;39msystemd-tmpfiles-setup.se…[0mate System Files and Directories...
[[0;32m  OK  [0m] Started [0;1;39msystemd-udevd.service[0m - Ru…anager for Device Events and Files.
[[0;32m  OK  [0m] Finished [0;1;39msystemd-tmpfiles-setup.se…[0mreate System Files and Directories.
[[0;32m  OK  [0m] Finished [0;1;39msystemd-udev-trigger.service[0m - Coldplug All udev Devices.
[[0;32m  OK  [0m] Finished [0;1;39msystemd-random-seed.service[0m - Load/Save OS Random Seed.
         Starting [0;1;39mifupdown-pre.service[0m - He…synchronize boot up for ifupdown...
[[0;32m  OK  [0m] Started [0;1;39msystemd-resolved.service[0m - Network Name Resolution.
[[0;32m  OK  [0m] Reached target [0;1;39mnss-lookup.target[0m - Host and Network Name Lookups.
[[0;32m  OK  [0m] Reached target [0;1;39msysinit.target[0m - System Initialization.
[[0;32m  OK  [0m] Started [0;1;39mapt-daily.timer[0m - Daily apt download activities.
[[0;32m  OK  [0m] Started [0;1;39mapt-daily-upgrade.timer[0m - …y apt upgrade and clean activities.
[[0;32m  OK  [0m] Started [0;1;39mdpkg-db-backup.timer[0m - Daily dpkg database backup timer.
[[0;32m  OK  [0m] Started [0;1;39me2scrub_all.timer[0m - Period…Metadata Check for All Filesystems.
[[0;32m  OK  [0m] Started [0;1;39mfake-hwclock-save.timer[0m - Periodically save current clock.
[[0;32m  OK  [0m] Started [0;1;39mfstrim.timer[0m - Discard unused filesystem blocks once a week.
[[0;32m  OK  [0m] Started [0;1;39mmotd-news.timer[0m - Message of the Day.
[[0;32m  OK  [0m] Started [0;1;39msystemd-tmpfiles-clean.tim…[0my Cleanup of Temporary Directories.
[[0;32m  OK  [0m] Reached target [0;1;39mtimers.target[0m - Timer Units.
[[0;32m  OK  [0m] Listening on [0;1;39mdbus.socket[0m - D-Bus System Message Bus Socket.
[[0;32m  OK  [0m] Listening on [0;1;39mpolkit-agent-helper.s…[0mAuthorization Manager Agent Helper.
[[0;32m  OK  [0m] Listening on [0;1;39mssh.socket[0m - OpenBSD Secure Shell server socket.
[[0;32m  OK  [0m] Listening on [0;1;39msshd-unix-local.socke…[0mtemd-ssh-generator, AF_UNIX Local).
[[0;32m  OK  [0m] Listening on [0;1;39msystemd-hostnamed.socket[0m - Hostname Service Socket.
[[0;32m  OK  [0m] Listening on [0;1;39msystemd-logind-varlin…[0mer Login Management Varlink Socket.
[[0;32m  OK  [0m] Reached target [0;1;39msockets.target[0m - Socket Units.
[[0;32m  OK  [0m] Reached target [0;1;39mbasic.target[0m - Basic System.
         Starting [0;1;39mdbus.service[0m - D-Bus System Message Bus...
         Starting [0;1;39me2scrub_reap.service[0m - Re…ne ext4 Metadata Check Snapshots...
         Starting [0;1;39mpolkit.service[0m - Authorization Manager...
[[0;32m  OK  [0m] Started [0;1;39mqrtr-ns.service[0m - QIPCRTR Name Service.
[[0;32m  OK  [0m] Started [0;1;39mrmtfs.service[0m - Qualcomm remotefs service.
         Starting [0;1;39mmsm-modem-uim-selection.s…[0mcation on the embedded QMI modem...
         Starting [0;1;39msystemd-logind.service[0m - User Login Management...
[[0;32m  OK  [0m] Started [0;1;39mdbus.service[0m - D-Bus System Message Bus.
[[0;32m  OK  [0m] Finished [0;1;39musb-gadget.service[0m - USB …NCM network) setup for Fairphone 3.
[[0;32m  OK  [0m] Finished [0;1;39mnetplan-configure.service[0m - Netplan Backend Configuration.
[[0;32m  OK  [0m] Found device [0;1;39mdev-ttyMSM0.device[0m - /dev/ttyMSM0.
[[0;32m  OK  [0m] Started [0;1;39msystemd-logind.service[0m - User Login Management.
[[0;32m  OK  [0m] Started [0;1;39mpolkit.service[0m - Authorization Manager.
[[0;32m  OK  [0m] Finished [0;1;39me2scrub_reap.service[0m - Re…line ext4 Metadata Check Snapshots.
[   13.021915] s1: unsupportable voltage range: 1287500-1050000uV
[[0;32m  OK  [0m] Finished [0;1;39mifupdown-pre.service[0m - He…o synchronize boot up for ifupdown.
[[0;32m  OK  [0m] Reached target [0;1;39mnetwork-pre.target[0m - Preparation for Network.
[[0;32m  OK  [0m] Reached target [0;1;39musb-gadget.target[0m - Hardware activated USB gadget.
[[0;32m  OK  [0m] Listening on [0;1;39msystemd-rfkill.socket[0m…ll Switch Status /dev/rfkill Watch.
         Starting [0;1;39mModemManager.service[0m - Modem Manager...
         Starting [0;1;39mbluetooth.service[0m - Bluetooth service...
[[0;32m  OK  [0m] Started [0;1;39mifup@usb0.service[0m - ifup for usb0.
[[0;32m  OK  [0m] Started [0;1;39mrmtfs.service[0m - Qualcomm remotefs service.
         Starting [0;1;39mset-mac-from-serial.servi…[0mss for usb0 and eth0 from Serial...
         Starting [0;1;39mwpa_supplicant.service[0m - WPA supplicant...
         Starting [0;1;39msystemd-rfkill.service[0m - Load/Save RF Kill Switch Status...
[[0;32m  OK  [0m] Started [0;1;39msystemd-rfkill.service[0m - Load/Save RF Kill Switch Status.
[[0;32m  OK  [0m] Started [0;1;39mbluetooth.service[0m - Bluetooth service.
[[0;32m  OK  [0m] Started [0;1;39mwpa_supplicant.service[0m - WPA supplicant.
[[0;32m  OK  [0m] Reached target [0;1;39mbluetooth.target[0m - Bluetooth Support.
         Starting [0;1;39msystemd-hostnamed.service[0m - Hostname Service...
[[0;32m  OK  [0m] Started [0;1;39mModemManager.service[0m - Modem Manager.
[[0;32m  OK  [0m] Started [0;1;39msystemd-hostnamed.service[0m - Hostname Service.
[[0m[0;31m*     [0m] (1 of 3) Job dev-disk-by\x2duuid-4d…ice/start running (12s / 1min 30s)
M[K[[0;32m  OK  [0m] Started [0;1;39mmsm-modem-uim-selection.se…[0mlication on the embedded QMI modem.
[K[[0;1;31m*[0m[0;31m*    [0m] (1 of 2) Job dev-disk-by\x2duuid-4d…ice/start running (15s / 1min 30s)
M[K[[0;31m*[0;1;31m*[0m[0;31m*   [0m] (1 of 2) Job dev-disk-by\x2duuid-4d…ice/start running (15s / 1min 30s)
M[K[ [0;31m*[0;1;31m*[0m[0;31m*  [0m] (2 of 2) Job set-mac-from-serial.se…ice/start running (16s / no limit)
M[K[  [0;31m*[0;1;31m*[0m[0;31m* [0m] (2 of 2) Job set-mac-from-serial.se…ice/start running (16s / no limit)
M[K[   [0;31m*[0;1;31m*[0m[0;31m*[0m] (2 of 2) Job set-mac-from-serial.se…ice/start running (17s / no limit)
M[K[    [0;31m*[0;1;31m*[0m] (1 of 2) Job dev-disk-by\x2duuid-4d…ice/start running (18s / 1min 30s)
M[K[     [0;31m*[0m] (1 of 2) Job dev-disk-by\x2duuid-4d…ice/start running (18s / 1min 30s)
M[K[    [0;31m*[0;1;31m*[0m] (1 of 2) Job dev-disk-by\x2duuid-4d…ice/start running (19s / 1min 30s)
M[K[   [0;31m*[0;1;31m*[0m[0;31m*[0m] (2 of 2) Job set-mac-from-serial.se…ice/start running (19s / no limit)
M[K[  [0;31m*[0;1;31m*[0m[0;31m* [0m] (2 of 2) Job set-mac-from-serial.se…ice/start running (20s / no limit)
M[K[[0;32m  OK  [0m] Finished [0;1;39mset-mac-from-serial.servi…[0mress for usb0 and eth0 from Serial.
[K         Starting [0;1;39mNetworkManager.service[0m - Network Manager...
         Starting [0;1;39mnetworking.service[0m - Raise network interfaces...
[[0;32m  OK  [0m] Finished [0;1;39mnetworking.service[0m - Raise network interfaces.
         Starting [0;1;39mNetworkManager-dispatcher…[0manager Script Dispatcher Service...
[[0;32m  OK  [0m] Started [0;1;39mNetworkManager-dispatcher.…[0m Manager Script Dispatcher Service.
[[0;32m  OK  [0m] Started [0;1;39mNetworkManager.service[0m - Network Manager.
[[0;32m  OK  [0m] Reached target [0;1;39mnetwork.target[0m - Network.
         Starting [0;1;39mNetworkManager-wait-onlin…ce[0m - Network Manager Wait Online...
         Starting [0;1;39msystemd-user-sessions.service[0m - Permit User Sessions...
[[0;32m  OK  [0m] Finished [0;1;39msystemd-user-sessions.service[0m - Permit User Sessions.
[[0;32m  OK  [0m] Started [0;1;39mgetty@tty1.service[0m - Getty on tty1.
[[0;32m  OK  [0m] Started [0;1;39mserial-getty@ttyMSM0.service[0m - Serial Getty on ttyMSM0.
[[0;32m  OK  [0m] Reached target [0;1;39mgetty.target[0m - Login Prompts.
[[0;32m  OK  [0m] Finished [0;1;39mNetworkManager-wait-onlin…vice[0m - Network Manager Wait Online.
[[0;32m  OK  [0m] Reached target [0;1;39mnetwork-online.target[0m - Network is Online.
         Starting [0;1;39minetutils-inetd.service[0m -…k Utilities internet superserver...
[[0;32m  OK  [0m] Started [0;1;39misc-dhcp-server.service[0m - ISC DHCP IPv4 server.
[[0;32m  OK  [0m] Started [0;1;39misc-dhcp-server6.service[0m - ISC DHCP IPv6 server.
[[0;32m  OK  [0m] Reached target [0;1;39mmulti-user.target[0m - Multi-User System.
[[0;32m  OK  [0m] Reached target [0;1;39mgraphical.target[0m - Graphical Interface.
[[0;32m  OK  [0m] Started [0;1;39mmsm8974-soak-logger.servic…[0mc vitals, survives a silent reset).
[[0;32m  OK  [0m] Started [0;1;39mmsm8974-thermal-guard.serv…[0mves load, never touches frequency).
[[0;32m  OK  [0m] Started [0;1;39mmsm8974-vbat-trace.service[0m…C voltage trace (fsync per sample).
[!p]104\[0m[?7h[1G[0J[6n[32766;32766H[6n[!p]104\[0m[?7h[1G[0J[6n[32766;32766H[6n]3008;start=0378feae9b0e4bb1ad2e97a46f8277ab;user=root;hostname=citronics;machineid=65a6dc17f6f2412b95babe5a55e3efdd;bootid=e5118efcaad2412292c8e012cb8584c5;pid=970;pidfdid=971;comm=(agetty);servicename=serial-getty@ttyMSM0.service;invocationid=591ccb3459334964b9f581460e920d44;type=service\P+q6E616D65\
Ubuntu 26.04 LTS citronics ttyMSM0

citronics login: 
citronics login: citro
Password: 
Welcome to Ubuntu 26.04 LTS (GNU/Linux 6.18.40-citronics-lime-fp2-gaa55b1b242a1 armv7l)

 * Documentation:  https://docs.ubuntu.com
 * Management:     https://landscape.canonical.com
 * Support:        https://ubuntu.com/pro
sudo -S sh -c "for p in /sys/devices/system/cpu/cpufreq/policy*; do echo powersave > \$p/scaling_governor; echo 729600 > \$p/scaling_max_freq; done; echo warm > /sys/kernel/reboot/mode; echo 8 > /proc/sys/kernel/printk; echo RIG-PARKED > /dev/kmsg"
]3008;start=427b870f760f4d05963ad68670f11640;user=root;hostname=citronics;machineid=65a6dc17f6f2412b95babe5a55e3efdd;bootid=e5118efcaad2412292c8e012cb8584c5;pid=970;pidfdid=971;comm=login;targetuser=citro;sessionid=c1;type=session\]3008;start=0c5f0f26-e922-4a47-88b0-9c5a830b0400;machineid=65a6dc17f6f2412b95babe5a55e3efdd;user=citro;hostname=citronics;bootid=e5118efc-aad2-4122-92c8-e012cb8584c5;pid=00000000000000002117;type=shell;cwd=/home/citro\[?2004hcitro@citronics:~$ sudo -S sh -c "for p in /sys/devices/system/cpu/cpufreq/policyy*; do echo powersave > \$p/scaling_governor; echo 729600 > \$p/scaling_max_freq;; done; echo warm > /sys/kernel/reboot/mode; echo 8 > /proc/sys/kernel/printk; eccho RIG-PARKED > /dev/kmsg"
[?2004l]3008;start=704d5f75-d7fa-4288-9e4d-791e1554ff99;machineid=65a6dc17f6f2412b95babe5a55e3efdd;user=citro;hostname=citronics;bootid=e5118efc-aad2-4122-92c8-e012cb8584c5;pid=00000000000000002117;type=command;cwd=/home/citro\citro
[sudo] password for citro: 
[  105.479224] RIG-PARKED
]3008;end=704d5f75-d7fa-4288-9e4d-791e1554ff99;exit=success\]3008;start=0c5f0f26-e922-4a47-88b0-9c5a830b0400;machineid=65a6dc17f6f2412b95babe5a55e3efdd;user=citro;hostname=citronics;bootid=e5118efc-aad2-4122-92c8-e012cb8584c5;pid=00000000000000002117;type=shell;cwd=/home/citro\[?2004hcitro@citronics:~$ 